label,nodeType,order,path,price,link,imageLink,Swiggy ,Zomato,description
Starters,ProductClass,1,"Inventory,Food,Restaurant,",,,https://d32jc9rx98ldq0.cloudfront.net/staging/inventory/compressed/categoryimages3/Starters.jpg,,,
Vegeterian,ProductLine,2,"Inventory,Food,Restaurant,Starters,",,,https://d32jc9rx98ldq0.cloudfront.net/staging/inventory/compressed/restaurant-2/Salad.jpg,,,
NonVegeterian,ProductLine,3,"Inventory,Food,Restaurant,Starters,Vegeterian,",,,https://d32jc9rx98ldq0.cloudfront.net/staging/inventory/compressed/categoryimages3/NonVegetarian.jpg,,,
Veg Chilly,ProductType,4,"Inventory,Food,Restaurant,Starters,Vegeterian,",100,https://drive.google.com/file/d/1uajZYs-SoWFHXgfHEpp9emy3K1lt9Hkp/view?usp=sharing,https://d32jc9rx98ldq0.cloudfront.net/staging/inventory/compressed/restaurant-2/VegChilly.jpg,,,
Veg Crispy,ProductType,5,"Inventory,Food,Restaurant,Starters,Vegeterian,",140,https://drive.google.com/file/d/1eRoWy7sVeONn6q-umwbzYIj5GCmDsI26/view?usp=sharing,https://d32jc9rx98ldq0.cloudfront.net/staging/inventory/compressed/restaurant-2/Vegeterian/VegCrispy.jpg,150,150,
Veg Machurian,ProductType,6,"Inventory,Food,Restaurant,Starters,Vegeterian,",100,https://drive.google.com/file/d/10LaEtgt23KonpBlyLu0EzRFqT2D3IV8Z/view?usp=sharing,https://d32jc9rx98ldq0.cloudfront.net/staging/inventory/compressed/restaurant-4/VegMachurian.jpg,,160,
Veg 65,ProductType,7,"Inventory,Food,Restaurant,Starters,Vegeterian,",100,https://drive.google.com/file/d/1vNWQi-EBkMH-6PuGayKQApq8nSpw6IHV/view?usp=sharing,https://d32jc9rx98ldq0.cloudfront.net/staging/inventory/compressed/restaurant-2/Veg65.jpg,150,165,
Gobi Manchurian,ProductType,8,"Inventory,Food,Restaurant,Starters,Vegeterian,",120,https://drive.google.com/file/d/1mgG8Dsqth64ofBMGNjgKK3jCOuEAatZF/view?usp=sharing,https://d32jc9rx98ldq0.cloudfront.net/staging/inventory/compressed/restaurant-2/GobiManchurian.jpg,140,155,
Gobi Chilly,ProductType,9,"Inventory,Food,Restaurant,Starters,Vegeterian,",120,https://drive.google.com/file/d/1NoJthUNrvNTbBYZgVlUu1jJze3EGobFY/view?usp=sharing,https://d32jc9rx98ldq0.cloudfront.net/staging/inventory/compressed/restaurant-2/GobiChilly.jpg,150,,
Paneer Chilly,ProductType,10,"Inventory,Food,Restaurant,Starters,Vegeterian,",160,https://drive.google.com/file/d/1kCqkt77Pxcbez6FkI0cGxMSwSl6KLsdx/view?usp=sharing,https://d32jc9rx98ldq0.cloudfront.net/staging/inventory/compressed/restaurant-2/PaneerChilly.jpg,200,,
Paneer Manchurian,ProductType,11,"Inventory,Food,Restaurant,Starters,Vegeterian,",160,https://drive.google.com/file/d/1EqHE3hvCkPqEYjP6uu4p5S3htSY97pAP/view?usp=sharing,https://d32jc9rx98ldq0.cloudfront.net/staging/inventory/compressed/restaurant-2/Vegeterian/PaneerManchurian.jpg,190,,
Paneer Crispy,ProductType,12,"Inventory,Food,Restaurant,Starters,Vegeterian,",160,https://drive.google.com/file/d/1TJp0KX-8wfgwRILDcIYKAlOmRFxEiX8y/view?usp=sharing,https://d32jc9rx98ldq0.cloudfront.net/staging/inventory/compressed/restaurant-2/PaneerCrispy.jpg,200,,
Rice,ProductClass,1,"Inventory,Food,Restaurant,",,,https://d32jc9rx98ldq0.cloudfront.net/staging/inventory/compressed/restaurant-2/Rice.jpg,,,
Vegeterian,ProductLine,2,"Inventory,Food,Restaurant,Rice,",,,https://d32jc9rx98ldq0.cloudfront.net/staging/inventory/compressed/restaurant-2/Salad.jpg,,,
NonVegeterian,ProductLine,3,"Inventory,Food,Restaurant,Rice,",,,https://d32jc9rx98ldq0.cloudfront.net/staging/inventory/compressed/categoryimages3/NonVegetarian.jpg,,,
Veg Fried Rice,ProductType,4,"Inventory,Food,Restaurant,Rice,Vegeterian,",90,https://drive.google.com/file/d/1bz2y7h_zxW5FIwkPU1ouPFuPXrxVdyrI/view?usp=sharing,https://d32jc9rx98ldq0.cloudfront.net/staging/inventory/compressed/restaurant-2/Veg-Fried-Rice.jpg,140,150,
Veg Triple Rice,ProductType,5,"Inventory,Food,Restaurant,Rice,Vegeterian,",130,https://drive.google.com/file/d/1S84EA_U3l0u3TB0aIWPlx5c7vcMEU8LT/view?usp=sharing,https://d32jc9rx98ldq0.cloudfront.net/staging/inventory/compressed/imgs-2/VegTripleRice.jpg,,,
Veg Singapore Rice,ProductType,6,"Inventory,Food,Restaurant,Rice,Vegeterian,",100,https://drive.google.com/file/d/1h1rfg0xvlE0AE9_kpzW1zCh0kyckxKmG/view?usp=sharing,https://d32jc9rx98ldq0.cloudfront.net/staging/inventory/compressed/restaurant-2/VegSingaporeRice.jpg,170,,
Veg Schezwan Rice,ProductType,7,"Inventory,Food,Restaurant,Rice,Vegeterian,",90,https://drive.google.com/file/d/1-I-WSFeFbKd9hlnc9-xzXQYn5XKPgbKD/view?usp=sharing,https://d32jc9rx98ldq0.cloudfront.net/staging/inventory/compressed/restaurant-2/VegSchezwanRice.jpg,160,,
Steam Rice,ProductType,8,"Inventory,Food,Restaurant,Rice,Vegeterian,",70,https://drive.google.com/file/d/1JwfmCVcMa9KTZbWP9pCn79TsIEWL0c1s/view?usp=sharing,https://d32jc9rx98ldq0.cloudfront.net/staging/inventory/compressed/restaurant-2/SteamRice.jpg,70,,
Steam Rice Full,ProductUnit,9,"Inventory,Food,Restaurant,Rice,Vegeterian,Steam Rice,",70,https://drive.google.com/file/d/1RmdWMYUP-cS6cEoP47C4jrzK-XbS_o86/view?usp=sharing,https://d32jc9rx98ldq0.cloudfront.net/staging/inventory/compressed/restaurant-2/SteamRiceFull.jpg,70,,
Steam Rice Half,ProductUnit,10,"Inventory,Food,Restaurant,Rice,Vegeterian,Steam Rice,",40,https://drive.google.com/file/d/1rz5zXPIQGSpQfEGwxkotCPgigfE2dDqK/view?usp=sharing,https://d32jc9rx98ldq0.cloudfront.net/staging/inventory/compressed/restaurant-2/Steam-Rice-Half.jpg,40,,
Jeera Rice,ProductType,11,"Inventory,Food,Restaurant,Rice,Vegeterian,",90,https://drive.google.com/file/d/1-GF04qtXF6mVP48_0ek2Qj07ZNbdnEES/view?usp=sharing,https://d32jc9rx98ldq0.cloudfront.net/staging/inventory/compressed/restaurant-2/JeeraRice.jpg,90,,
Jeera Rice Full,ProductUnit,12,"Inventory,Food,Restaurant,Rice,Vegeterian,Jeera Rice,",90,https://drive.google.com/file/d/1XWi_RFUxoXm7T2NMDEQrUBKa57-mY2EL/view?usp=sharing,https://d32jc9rx98ldq0.cloudfront.net/staging/inventory/compressed/restaurant-2/JeeraRiceFull.gif,90,,
Jeera Rice Half,ProductUnit,13,"Inventory,Food,Restaurant,Rice,Vegeterian,Jeera Rice,",55,https://drive.google.com/file/d/1gab5eRuLll1Ed8DokZQ1FuTko20Esbwa/view?usp=sharing,https://d32jc9rx98ldq0.cloudfront.net/staging/inventory/compressed/restaurant-2/JeeraRiceHalf.jpg,60,65,
Veg Biryani,ProductType,14,"Inventory,Food,Restaurant,Rice,Vegeterian,",120,https://drive.google.com/file/d/1jR3STBQoAfkKOHnvdjdNXjOE5ZqtJexz/view?usp=sharing,https://d32jc9rx98ldq0.cloudfront.net/staging/inventory/compressed/restaurant-2/Veg-Biryani.jpg,120,130,
Veg Pulav,ProductType,15,"Inventory,Food,Restaurant,Rice,Vegeterian,",130,https://drive.google.com/file/d/1JVN_maOr1Clvt-SlU51QylwBcZng4liR/view?usp=sharing,https://d32jc9rx98ldq0.cloudfront.net/staging/inventory/compressed/restaurant-2/VegPulav.jpg,140,150,
Dal Khichdi,ProductType,16,"Inventory,Food,Restaurant,Rice,Vegeterian,",120,https://drive.google.com/file/d/1eYgIjQw-U3ZGT8GEPhcg9KZJWnc7BvLu/view?usp=sharing,https://d32jc9rx98ldq0.cloudfront.net/staging/inventory/compressed/restaurant-2/DalKhichdi.jpg,140,150,
Noodles,ProductClass,1,"Inventory,Food,Restaurant,",,,https://d32jc9rx98ldq0.cloudfront.net/staging/inventory/compressed/restaurant-6/Noodles.jpg,,,
Vegeterian,ProductLine,2,"Inventory,Food,Restaurant,Noodles,",,,https://d32jc9rx98ldq0.cloudfront.net/staging/inventory/compressed/restaurant-2/Salad.jpg,,,
NonVegeterian,ProductLine,3,"Inventory,Food,Restaurant,Noodles,",,,https://d32jc9rx98ldq0.cloudfront.net/staging/inventory/compressed/categoryimages3/NonVegetarian.jpg,,,
Veg Hakka Noodles,ProductType,4,"Inventory,Food,Restaurant,Noodles,Vegeterian,",120,https://drive.google.com/file/d/1Q90LHM1ZJtlXVlbMoWnysu0n9Ip0TJG0/view?usp=sharing,https://d32jc9rx98ldq0.cloudfront.net/staging/inventory/compressed/restaurant-2/Veg-Hakka-Noodles.jpg,140,150,
Veg Schezwan Noodles,ProductType,5,"Inventory,Food,Restaurant,Noodles,Vegeterian,",120,https://drive.google.com/file/d/110qPjMnVJgCASzjlU24PKREL29s_4OW1/view?usp=sharing,https://d32jc9rx98ldq0.cloudfront.net/staging/inventory/compressed/restaurant-2/VegSchezwanNoodles.jpg,150,160,
Veg Singapore Noodles,ProductType,6,"Inventory,Food,Restaurant,Noodles,Vegeterian,",110,https://drive.google.com/file/d/1kWyr6lN2Isu7lMEpqqNIa4nW3CH2JgD3/view?usp=sharing,https://d32jc9rx98ldq0.cloudfront.net/staging/inventory/compressed/restaurant-2/Veg-Singapore-Noodles.jpg,170,180,
Roti and Naan,ProductClass,1,"Inventory,Food,Restaurant,",,,https://d32jc9rx98ldq0.cloudfront.net/staging/inventory/compressed/restaurant-2/Roti.jpg,,,
Vegeterian,ProductLine,2,"Inventory,Food,Restaurant,Roti and Naan,",,,https://d32jc9rx98ldq0.cloudfront.net/staging/inventory/compressed/restaurant-2/Salad.jpg,,,
NonVegeterian,ProductLine,3,"Inventory,Food,Restaurant,Roti and Naan,",,,https://d32jc9rx98ldq0.cloudfront.net/staging/inventory/compressed/categoryimages3/NonVegetarian.jpg,,,
Tandoori Roti,ProductType,4,"Inventory,Food,Restaurant,Roti and Naan,Vegeterian,",12,https://drive.google.com/file/d/1p6eNQrcVnNmzujXu2Tlh9MKJdIX9WyOK/view?usp=sharing,https://d32jc9rx98ldq0.cloudfront.net/staging/inventory/compressed/restaurant-2/TandooriRoti.jpg,10,12,
Butter Roti,ProductType,5,"Inventory,Food,Restaurant,Roti and Naan,Vegeterian,",15,https://drive.google.com/file/d/1PNULLWY7VuyeG2a34qt5BEKw-7DMFTNG/view?usp=sharing,https://d32jc9rx98ldq0.cloudfront.net/staging/inventory/compressed/restaurant-2/Vegeterian/ButterRoti.jpg,15,15,
Naan Roti,ProductType,6,"Inventory,Food,Restaurant,Roti and Naan,Vegeterian,",20,https://drive.google.com/file/d/1oS01g7e83qbgDXKZhYk14hneXnZk1Y_P/view?usp=sharing,https://d32jc9rx98ldq0.cloudfront.net/staging/inventory/compressed/restaurant-2/NaanRoti.cms,25,25,
Butter Naan Roti,ProductType,7,"Inventory,Food,Restaurant,Roti and Naan,Vegeterian,",25,https://drive.google.com/file/d/1abSqPpQoA-N031DAfZLmGCuC7QE8Z9mo/view?usp=sharing,https://d32jc9rx98ldq0.cloudfront.net/staging/inventory/compressed/restaurant-2/ButterNaanRoti.jpg,30,30,
Kulcha,ProductType,8,"Inventory,Food,Restaurant,Roti and Naan,Vegeterian,",25,https://drive.google.com/file/d/1UiYj7XmI0co1RiWilUv__5eUoEp2_YB_/view?usp=sharing,https://d32jc9rx98ldq0.cloudfront.net/staging/inventory/compressed/restaurant-2/Vegeterian/Kulcha.jpg,,,
Butter Kulcha,ProductType,9,"Inventory,Food,Restaurant,Roti and Naan,Vegeterian,",30,https://drive.google.com/file/d/11DOuIe86RXOgEGTqVwSJtZUPheewt2Ih/view?usp=sharing,https://d32jc9rx98ldq0.cloudfront.net/staging/inventory/compressed/restaurant-2/Vegeterian/ButterKulcha.jpg,,,
Garlic Kulcha,ProductType,10,"Inventory,Food,Restaurant,Roti and Naan,Vegeterian,",30,https://drive.google.com/file/d/1psC4fsTgRZT_Dzw0dKOX6QgOBrt4EY0M/view?usp=sharing,https://d32jc9rx98ldq0.cloudfront.net/staging/inventory/compressed/restaurant-2/GarlicKulcha.jpg,40,42,
Masala Roti,ProductType,11,"Inventory,Food,Restaurant,Roti and Naan,Vegeterian,",30,https://drive.google.com/file/d/18p80ar_D2-N9qbi1PBSXmFq_r3asukCX/view?usp=sharing,https://d32jc9rx98ldq0.cloudfront.net/staging/inventory/compressed/restaurant-2/MasalaRoti.jpg,35,35,
Rumali Roti,ProductType,12,"Inventory,Food,Restaurant,Roti and Naan,Vegeterian,",30,https://drive.google.com/file/d/1zjY8PBSV8KJTLtnsNGJFBl4s39PKjBFC/view?usp=sharing,https://d32jc9rx98ldq0.cloudfront.net/staging/inventory/compressed/restaurant-2/Rumali-Roti.jpg,,,
Soups,ProductClass,1,"Inventory,Food,Restaurant,",,,https://d32jc9rx98ldq0.cloudfront.net/staging/inventory/compressed/categoryimages3/Soup.jpg,,,
Vegeterian,ProductLine,2,"Inventory,Food,Restaurant,Soups,",,,https://d32jc9rx98ldq0.cloudfront.net/staging/inventory/compressed/restaurant-2/Salad.jpg,,,
NonVegeterian,ProductLine,3,"Inventory,Food,Restaurant,Soups,",,,https://d32jc9rx98ldq0.cloudfront.net/staging/inventory/compressed/categoryimages3/NonVegetarian.jpg,,,
Manchow Soup,ProductType,4,"Inventory,Food,Restaurant,Soups,Vegeterian,",60,https://drive.google.com/file/d/1BijFXiqsbR-131VPPi7c_m-RTkvarToW/view?usp=sharing,https://d32jc9rx98ldq0.cloudfront.net/staging/inventory/compressed/restaurant-2/Vegeterian/ManchowSoup.jpg,80,95,
Hot and Sour Soup,ProductType,5,"Inventory,Food,Restaurant,Soups,Vegeterian,",60,https://drive.google.com/file/d/1lKGpyKmEvcYbRns_2VEx1uBV01301bpF/view?usp=sharing,https://d32jc9rx98ldq0.cloudfront.net/staging/inventory/compressed/restaurant-2/HotSourSoup.jpg,,,
Tomato Soup,ProductType,6,"Inventory,Food,Restaurant,Soups,Vegeterian,",80,https://drive.google.com/file/d/1qhWW38vtbUr23w3F0uYayqtGNJhxmiYf/view?usp=sharing,https://d32jc9rx98ldq0.cloudfront.net/staging/inventory/compressed/restaurant-2/Tomato-Soup.jpg,70,82,
Roasted,ProductClass,1,"Inventory,Food,Restaurant,",,,https://d32jc9rx98ldq0.cloudfront.net/staging/inventory/compressed/imgs-2/ChillyCheeseroast.jpg,,,
Vegeterian,ProductLine,2,"Inventory,Food,Restaurant,Roasted,",,,https://d32jc9rx98ldq0.cloudfront.net/staging/inventory/compressed/restaurant-2/Salad.jpg,,,
NonVegeterian,ProductLine,3,"Inventory,Food,Restaurant,Roasted,",,,https://d32jc9rx98ldq0.cloudfront.net/staging/inventory/compressed/categoryimages3/NonVegetarian.jpg,,,
Roast Papad,ProductType,4,"Inventory,Food,Restaurant,Roasted,Vegeterian,",10,https://drive.google.com/file/d/1DRmj-yoGkysLNLLM1wJOzO9piiVI65EZ/view?usp=sharing,https://d32jc9rx98ldq0.cloudfront.net/staging/inventory/compressed/restaurant-2/RoastPapad.jpg,15,,
Roast Papad Masala,ProductType,5,"Inventory,Food,Restaurant,Roasted,Vegeterian,",15,https://drive.google.com/file/d/1N_Gib5-CNYgYdLBFHminlae2h2QdfzWs/view?usp=sharing,https://d32jc9rx98ldq0.cloudfront.net/staging/inventory/compressed/restaurant-2/Roast-Papad-Masala.jpg,20,,
Fry Papad,ProductType,6,"Inventory,Food,Restaurant,Roasted,Vegeterian,",20,https://drive.google.com/file/d/1CXp-AUOHGYhoMisfi_jKPGpu_ezSeqan/view?usp=sharing,https://d32jc9rx98ldq0.cloudfront.net/staging/inventory/compressed/restaurant-2/FryPapad.jpg,25,,
Masala Papad,ProductType,7,"Inventory,Food,Restaurant,Roasted,Vegeterian,",25,https://drive.google.com/file/d/1ypAnHqCtC52zDbEKyPOq7b5i9Uwj2c_r/view?usp=sharing,https://d32jc9rx98ldq0.cloudfront.net/staging/inventory/compressed/restaurant-2/Vegeterian/MasalaPapad.jpg,30,,
Snacks,ProductClass,1,"Inventory,Food,Restaurant,",,,https://d32jc9rx98ldq0.cloudfront.net/staging/inventory/compressed/img/Smiley.jpg,,,
Vegeterian,ProductLine,2,"Inventory,Food,Restaurant,Snacks,",,,https://d32jc9rx98ldq0.cloudfront.net/staging/inventory/compressed/restaurant-2/Salad.jpg,,,
NonVegeterian,ProductLine,3,"Inventory,Food,Restaurant,Snacks,",,,https://d32jc9rx98ldq0.cloudfront.net/staging/inventory/compressed/categoryimages3/NonVegetarian.jpg,,,
Chana Fry,ProductType,4,"Inventory,Food,Restaurant,Snacks,Vegeterian,",65,https://drive.google.com/file/d/1RFS1DNPZQpWE-68Jhzmt8L7N6myxbdTT/view?usp=sharing,https://d32jc9rx98ldq0.cloudfront.net/staging/inventory/compressed/restaurant-2/ChanaFry.jpg,,,
Matki Fry,ProductType,5,"Inventory,Food,Restaurant,Snacks,Vegeterian,",60,https://drive.google.com/file/d/1wRz1Wq71HsdPwf6VK_T6eNbhILB5XxLr/view?usp=sharing,https://d32jc9rx98ldq0.cloudfront.net/staging/inventory/compressed/restaurant-2/Vegeterian/MatkiFry.jpg,,,
Kaju Fry,ProductType,6,"Inventory,Food,Restaurant,Snacks,Vegeterian,",150,https://drive.google.com/file/d/14pS6LbfIkpDZLor8faaidQRf0SZpFMf3/view?usp=sharing,https://d32jc9rx98ldq0.cloudfront.net/staging/inventory/compressed/restaurant-2/KajuFry.JPG,80,,
Paneer Fry,ProductType,7,"Inventory,Food,Restaurant,Snacks,Vegeterian,",75,https://drive.google.com/file/d/1ifefrKkC4BGSNckcNYwL3ANaUWEmDlk7/view?usp=sharing,https://d32jc9rx98ldq0.cloudfront.net/staging/inventory/compressed/restaurant-2/PaneerFry.jpg,120,,
Chana Roast,ProductType,8,"Inventory,Food,Restaurant,Snacks,Vegeterian,",70,https://drive.google.com/file/d/1VwIaIOqpwZcXMFxcjxhg4ORhmIWHfk3Q/view?usp=sharing,https://d32jc9rx98ldq0.cloudfront.net/staging/inventory/compressed/restaurant-2/ChanaRoast.jpg,,,
Lasun Fry,ProductType,9,"Inventory,Food,Restaurant,Snacks,Vegeterian,",60,https://drive.google.com/file/d/1yJBMXUo6SKeSccQ56zs_wj92yVI1V8_F/view?usp=sharing,https://d32jc9rx98ldq0.cloudfront.net/staging/inventory/compressed/restaurant-2/LasunFry.jpg,,,
Finger Chips,ProductType,10,"Inventory,Food,Restaurant,Snacks,Vegeterian,",60,https://drive.google.com/file/d/1WqsZvM7FYMNNTf5L-ia1UO8zPhtnxOAt/view?usp=sharing,https://d32jc9rx98ldq0.cloudfront.net/staging/inventory/compressed/restaurant-2/Vegeterian/FingerChips.jpg,70,75,
Entree,ProductClass,1,"Inventory,Food,Restaurant,",,,https://d32jc9rx98ldq0.cloudfront.net/staging/inventory/compressed/restaurant7/Entree.jpg,,,
Vegeterian,ProductLine,2,"Inventory,Food,Restaurant,Entree,",,,https://d32jc9rx98ldq0.cloudfront.net/staging/inventory/compressed/restaurant-2/Salad.jpg,,,
NonVegeterian,ProductLine,3,"Inventory,Food,Restaurant,Entree,",,,https://d32jc9rx98ldq0.cloudfront.net/staging/inventory/compressed/categoryimages3/NonVegetarian.jpg,,,
Spl Shahi Daawat,ProductType,4,"Inventory,Food,Restaurant,Entree,Vegeterian,",180, ,,,,
Aloo Mutter,ProductType,5,"Inventory,Food,Restaurant,Entree,Vegeterian,",100,https://drive.google.com/file/d/19YNKlvAvT3I_Fai-s4CDdCRupTBvXJTF/view?usp=sharing,https://d32jc9rx98ldq0.cloudfront.net/staging/inventory/compressed/restaurant-2/AlooMutter.jpg,,,
Veg Hundi,ProductType,6,"Inventory,Food,Restaurant,Entree,Vegeterian,",120,https://drive.google.com/file/d/1ieZZ6NAKCoQqcJVpFXkmOHWiBeHDawkh/view?usp=sharing,https://d32jc9rx98ldq0.cloudfront.net/staging/inventory/compressed/restaurant-2/Veg-Hundi.jpg,150,,
Veg Malvani,ProductType,7,"Inventory,Food,Restaurant,Entree,Vegeterian,",140, ,,160,170,
Veg Bhuna,ProductType,8,"Inventory,Food,Restaurant,Entree,Vegeterian,",120,https://drive.google.com/file/d/12tHTD9SDwoAQIGhjJS9ylmvJ6tWZHFzc/view?usp=sharing,https://d32jc9rx98ldq0.cloudfront.net/staging/inventory/compressed/restaurant-2/Veg-Bhuna.jpg,150,160,
Veg Maratha,ProductType,9,"Inventory,Food,Restaurant,Entree,Vegeterian,",120,https://drive.google.com/file/d/11npxFNMHAT_8ZUmXoQfJPlwBvEI85GCn/view?usp=sharing,https://d32jc9rx98ldq0.cloudfront.net/staging/inventory/compressed/restaurant-2/Veg-Maratha.jpg,150,160,
Veg Kolhapuri,ProductType,10,"Inventory,Food,Restaurant,Entree,Vegeterian,",110,https://drive.google.com/file/d/1m1uzUXSxt9B7c1QZzLM8f5Xkfl5SnP3e/view?usp=sharing,https://d32jc9rx98ldq0.cloudfront.net/staging/inventory/compressed/restaurant-2/VegKolhapuri.jpg,130,135,
Veg Hyderabadi,ProductType,11,"Inventory,Food,Restaurant,Entree,Vegeterian,",120,https://drive.google.com/file/d/1dtA8kP58QPcqCFQMBbu9s16z4jT8xux9/view?usp=sharing,https://d32jc9rx98ldq0.cloudfront.net/staging/inventory/compressed/restaurant-2/Veg-Hyderabadi.jpg,140,150,
Paneer Butter Masala,ProductType,12,"Inventory,Food,Restaurant,Entree,Vegeterian,",130,https://drive.google.com/file/d/1hxW4pcTbsHP6Ql9I_VfGsXwGKF6m006R/view?usp=sharing,https://d32jc9rx98ldq0.cloudfront.net/staging/inventory/compressed/restaurant-2/PaneerButterMasala.jpg,150,160,
Paneer Masala,ProductType,13,"Inventory,Food,Restaurant,Entree,Vegeterian,",120,https://drive.google.com/file/d/1qYwzOkLWokms8zuBp2TCUDb8DJfV9w2S/view?usp=sharing,https://d32jc9rx98ldq0.cloudfront.net/staging/inventory/compressed/restaurant-2/PaneerMasala.jpg,140,150,
Paneer Tikka Masala,ProductType,14,"Inventory,Food,Restaurant,Entree,Vegeterian,",150,https://drive.google.com/file/d/1BmyxNFwPwf7zpalxZOSRuGMcKOWv1EoQ/view?usp=sharing,https://d32jc9rx98ldq0.cloudfront.net/staging/inventory/compressed/restaurant-2/PaneerTikkaMasala.jpg,160,170,
Paneer Lasuni,ProductType,15,"Inventory,Food,Restaurant,Entree,Vegeterian,",150,https://drive.google.com/file/d/1kVSNQjRRfaQzdUATeSkgJQt0Biif5diy/view?usp=sharing,https://d32jc9rx98ldq0.cloudfront.net/staging/inventory/compressed/imgs-2/PaneerLasuni.jpg,150,,
Palak Paneer,ProductType,16,"Inventory,Food,Restaurant,Entree,Vegeterian,",120,https://drive.google.com/file/d/15TSU15zdBHcKR9I_i1fBqvMPLl4_FgN7/view?usp=sharing,https://d32jc9rx98ldq0.cloudfront.net/staging/inventory/compressed/restaurant-2/PalakPaneer.jpg,150,160,
Paneer Kadai,ProductType,17,"Inventory,Food,Restaurant,Entree,Vegeterian,",160,https://drive.google.com/file/d/1XGINKnRA5noOl2-dVsUXFUaDbO_Zft62/view?usp=sharing,https://d32jc9rx98ldq0.cloudfront.net/staging/inventory/compressed/restaurant-2/Vegeterian/PaneerKadai.jpg,170,180,
Kaju Paneer Masala,ProductType,18,"Inventory,Food,Restaurant,Entree,Vegeterian,",10,https://drive.google.com/file/d/1nHHvi8X6n_VqIiECNSaHu2LWBZQE8-ZL/view?usp=sharing,https://d32jc9rx98ldq0.cloudfront.net/staging/inventory/compressed/restaurant-2/KajuPaneerMasala.jpg,180,195,
Kaju Masala,ProductType,19,"Inventory,Food,Restaurant,Entree,Vegeterian,",140,https://drive.google.com/file/d/1jk05_NhTywUDWFYjKrbLV45fLqWAkGm0/view?usp=sharing,https://d32jc9rx98ldq0.cloudfront.net/staging/inventory/compressed/restaurant-2/Vegeterian/KajuMasala.jpg,180,195,
Mix Veg,ProductType,20,"Inventory,Food,Restaurant,Entree,Vegeterian,",100,https://drive.google.com/file/d/1ck00uoIiKEXjtfN1K8Zx7xfA2Dsc5VeU/view?usp=sharing,https://d32jc9rx98ldq0.cloudfront.net/staging/inventory/compressed/restaurant-2/Vegeterian/MixVeg.jpg,120,130,
Dal Fry,ProductType,21,"Inventory,Food,Restaurant,Entree,Vegeterian,",80,https://drive.google.com/file/d/1K8tvnEHHFvnC05dq2Qx-p-dJ1RZDhOaK/view?usp=sharing,https://d32jc9rx98ldq0.cloudfront.net/staging/inventory/compressed/restaurant-2/Vegeterian/DalFry.jpg,100,110,
Dal Tadka,ProductType,22,"Inventory,Food,Restaurant,Entree,Vegeterian,",90,https://drive.google.com/file/d/14RUwq8nVglapT24psGzGu5oLTx-UOZB7/view?usp=sharing,https://d32jc9rx98ldq0.cloudfront.net/staging/inventory/compressed/restaurant-2/Vegeterian/DalTadka.jpg,120,130,
Dal Makhni,ProductType,23,"Inventory,Food,Restaurant,Entree,Vegeterian,",120,https://drive.google.com/file/d/1EJkHS_yKK2n-FHgn0oPC6tgOYcKNpRbK/view?usp=sharing,https://d32jc9rx98ldq0.cloudfront.net/staging/inventory/compressed/restaurant-2/DalMakhni.jpg,,,
Paneer Tikka,ProductType,24,"Inventory,Food,Restaurant,Entree,Vegeterian,",140,https://drive.google.com/file/d/1PJwE1sbtvBu26CpKRTyXSOwWl4B0uAHa/view?usp=sharing,https://d32jc9rx98ldq0.cloudfront.net/staging/inventory/compressed/restaurant-2/Vegeterian/PaneerTikka.jpg,160,175,
Paneer Banjara,ProductType,25,"Inventory,Food,Restaurant,Entree,Vegeterian,",160,https://drive.google.com/file/d/1VYN-JzuOpTpg3X8j4eoN6_FYxSqyFzJI/view?usp=sharing,https://d32jc9rx98ldq0.cloudfront.net/staging/inventory/compressed/restaurant-2/PaneerBanjara.jpg,170,185,
Paneer Angara,ProductType,26,"Inventory,Food,Restaurant,Entree,Vegeterian,",150,https://drive.google.com/file/d/1TWKrad110VxkZ1Kp11_hACH784etr3za/view?usp=sharing,https://d32jc9rx98ldq0.cloudfront.net/staging/inventory/compressed/restaurant-2/PaneerAngara.jpg,190,205,
Paneer Malvani,ProductType,27,"Inventory,Food,Restaurant,Entree,Vegeterian,",170,https://drive.google.com/file/d/18uVeXsWEm_ksPbwVGgGsaU17FnMNximy/view?usp=sharing,https://d32jc9rx98ldq0.cloudfront.net/staging/inventory/compressed/restaurant-2/PaneerMalvani.jpg.crdownload.jpg,180,195,
Paneer Cheese Kaju,ProductType,28,"Inventory,Food,Restaurant,Entree,Vegeterian,",190, ,,,,
Veg Hakka Noodles,ProductType,4,"Inventory,Food,Restaurant,Noodles,NonVegeterian,",130,https://drive.google.com/file/d/1Q90LHM1ZJtlXVlbMoWnysu0n9Ip0TJG0/view?usp=sharing,https://d32jc9rx98ldq0.cloudfront.net/staging/inventory/compressed/restaurant-2/Veg-Hakka-Noodles.jpg,140,150,
Veg Sezwan Noodles,ProductType,5,"Inventory,Food,Restaurant,Noodles,NonVegeterian,",140,https://drive.google.com/file/d/1s0o1pWx_PKrOujiU8aQtq0HP8PCecNh3/view?usp=sharing,https://d32jc9rx98ldq0.cloudfront.net/staging/inventory/compressed/restaurant-2/VegSezwanNoodles.jpg,,,
Veg Singapore Noodles,ProductType,6,"Inventory,Food,Restaurant,Noodles,NonVegeterian,",140,https://drive.google.com/file/d/1kWyr6lN2Isu7lMEpqqNIa4nW3CH2JgD3/view?usp=sharing,https://d32jc9rx98ldq0.cloudfront.net/staging/inventory/compressed/restaurant-2/Veg-Singapore-Noodles.jpg,170,180,
Chicken Fried Rice,ProductType,4,"Inventory,Food,Restaurant,Rice,NonVegeterian,",120,https://drive.google.com/file/d/1aSDZOExwwXDvxk_RoejlAzSDdSpOMH_a/view?usp=sharing,https://d32jc9rx98ldq0.cloudfront.net/staging/inventory/compressed/restaurant-2/ChickenFriedRice.jpg,150,160,
Chicken Triple Rice,ProductType,5,"Inventory,Food,Restaurant,Rice,NonVegeterian,",160,https://drive.google.com/file/d/1chTDX-Yzivg5JrvXAsOSZcquuxr2EmOO/view?usp=sharing,https://d32jc9rx98ldq0.cloudfront.net/staging/inventory/compressed/restaurant-3/ChickenTripleRice.png,200,,
Chicken Singapore Rice,ProductType,6,"Inventory,Food,Restaurant,Rice,NonVegeterian,",160,https://drive.google.com/file/d/1Qq0F2zPoVJcnQug8gvkmFwc0t1uQS0ls/view?usp=sharing,https://d32jc9rx98ldq0.cloudfront.net/staging/inventory/compressed/restaurant-2/ChickenSingaporeRice.jpg,220,,
Chicken Sezwan Rice,ProductType,7,"Inventory,Food,Restaurant,Rice,NonVegeterian,",130,https://drive.google.com/file/d/1cXbb7ZjXrUaYidt64pePpPdoICv4LZfa/view?usp=sharing,https://d32jc9rx98ldq0.cloudfront.net/staging/inventory/compressed/restaurant-4/ChickenSezwanRice.jpg,,,
Manchow Soup,ProductType,4,"Inventory,Food,Restaurant,Soup,NonVegeterian,",80,https://drive.google.com/file/d/1BijFXiqsbR-131VPPi7c_m-RTkvarToW/view?usp=sharing,https://d32jc9rx98ldq0.cloudfront.net/staging/inventory/compressed/restaurant-2/Vegeterian/ManchowSoup.jpg,80,95,
Hot and Sour Soup,ProductType,5,"Inventory,Food,Restaurant,Soup,NonVegeterian,",80,https://drive.google.com/file/d/1lKGpyKmEvcYbRns_2VEx1uBV01301bpF/view?usp=sharing,https://d32jc9rx98ldq0.cloudfront.net/staging/inventory/compressed/restaurant-2/HotSourSoup.jpg,,,
Tomato Soup,ProductType,6,"Inventory,Food,Restaurant,Soup,NonVegeterian,",80,https://drive.google.com/file/d/1qhWW38vtbUr23w3F0uYayqtGNJhxmiYf/view?usp=sharing,https://d32jc9rx98ldq0.cloudfront.net/staging/inventory/compressed/restaurant-2/Tomato-Soup.jpg,70,,
Kabab,ProductClass,1,"Inventory,Food,Restaurant,",,https://drive.google.com/file/d/1GnMPhOmDtuQHQ0wFNm4bwY1W_jQDDoif/view?usp=sharing,https://d32jc9rx98ldq0.cloudfront.net/staging/inventory/compressed/restaurant7/Kabab.jpg,,,
Vegeterian,ProductLine,2,"Inventory,Food,Restaurant,Kabab,",,,https://d32jc9rx98ldq0.cloudfront.net/staging/inventory/compressed/restaurant-2/Salad.jpg,,,
NonVegeterian,ProductLine,3,"Inventory,Food,Restaurant,Kabab,",,,https://d32jc9rx98ldq0.cloudfront.net/staging/inventory/compressed/categoryimages3/NonVegetarian.jpg,,,
Chicken Tandoori Full,ProductType,4,"Inventory,Food,Restaurant,Kabab,NonVegeterian,",400,https://drive.google.com/file/d/1WtS9O3XVpgq9-mUPuTBQQFLXAjrLodPx/view?usp=sharing,https://d32jc9rx98ldq0.cloudfront.net/staging/inventory/compressed/restaurant-2/ChickenTandooriFull.jpg,450,,
Chicken Tandoori Half,ProductType,5,"Inventory,Food,Restaurant,Kabab,NonVegeterian,",210,https://drive.google.com/file/d/1SOqQCUJJweBBc-U9Auh5ahkIQbaIHhRn/view?usp=sharing,https://d32jc9rx98ldq0.cloudfront.net/staging/inventory/compressed/restaurant-2/ChickenTandooriHalf.jpg,,,
Chicken Tikka,ProductType,6,"Inventory,Food,Restaurant,Kabab,NonVegeterian,",150,https://drive.google.com/file/d/1jQaGGC76Aoq-iZGYlpkm9jvyTxErR0Aj/view?usp=sharing,https://d32jc9rx98ldq0.cloudfront.net/staging/inventory/compressed/restaurant-2/ChickenTikka.jpg,180,195,
Chicken Angara Kabab,ProductType,7,"Inventory,Food,Restaurant,Kabab,NonVegeterian,",160,https://drive.google.com/file/d/1EZN0GJTbZ70Ec7R0BmH8fGz9Kq0BVbzf/view?usp=sharing,https://d32jc9rx98ldq0.cloudfront.net/staging/inventory/compressed/restaurant-2/ChickenAngaraKabab.jpg,180,,
Chicken Lasuni Kabab,ProductType,8,"Inventory,Food,Restaurant,Kabab,NonVegeterian,",170,https://drive.google.com/file/d/1_pvjY_IdJxB56gEIP58G8EgomG_vPhm1/view?usp=sharing,https://d32jc9rx98ldq0.cloudfront.net/staging/inventory/compressed/imgs-2/ChickenLasuniKabab.jpg,190,,
Chicken Cheese Kabab,ProductType,9,"Inventory,Food,Restaurant,Kabab,NonVegeterian,",180,https://drive.google.com/file/d/1flUJ78qzyYq_dq3fS8NWOy9RIwca0wkB/view?usp=sharing,https://d32jc9rx98ldq0.cloudfront.net/staging/inventory/compressed/restaurant-2/ChickenCheeseKabab.jpg,210,,
Chicken Malvani Kabab,ProductType,10,"Inventory,Food,Restaurant,Kabab,NonVegeterian,",160,https://drive.google.com/file/d/1mvLMk97CDlNLbJCyroKmtfJ92PrCvjTX/view?usp=sharing,https://d32jc9rx98ldq0.cloudfront.net/staging/inventory/compressed/restaurant-2/ChickenMalvaniKabab.jpg,180,,
Chicken Banjara Kabab,ProductType,11,"Inventory,Food,Restaurant,Kabab,NonVegeterian,",170,https://drive.google.com/file/d/1FiiGCdOAneTCxIkDPZRv9MgjMvJ9Cpjo/view?usp=sharing,https://d32jc9rx98ldq0.cloudfront.net/staging/inventory/compressed/restaurant-2/ChickenBanjaraKabab.jpg,,,
Chicken Pahadi Kabab,ProductType,12,"Inventory,Food,Restaurant,Kabab,NonVegeterian,",170,https://drive.google.com/file/d/1vXiCFO_16TZRp1bYvXvoIPu9Uu26UXQB/view?usp=sharing,https://d32jc9rx98ldq0.cloudfront.net/staging/inventory/compressed/restaurant-2/ChickenPahadiKabab.jpg,190,,
Chicken Achari Kabab,ProductType,13,"Inventory,Food,Restaurant,Kabab,NonVegeterian,",160,https://drive.google.com/file/d/1EIX_a_WRTB1wHV2Aj87waOT-p3S2PKrC/view?usp=sharing,https://d32jc9rx98ldq0.cloudfront.net/staging/inventory/compressed/restaurant-2/ChickenAchariKabab.jpg,200,,
Chicken Seekh Kabab,ProductType,14,"Inventory,Food,Restaurant,Kabab,NonVegeterian,",160,https://drive.google.com/file/d/1xvFpnn92TSHhosVsD1zs1NyvO8YEjXPx/view?usp=sharing,https://d32jc9rx98ldq0.cloudfront.net/staging/inventory/compressed/restaurant-2/ChickenSeekhKabab.jpg,250,,
Chicken Rozali Kabab,ProductType,15,"Inventory,Food,Restaurant,Kabab,NonVegeterian,",230,https://drive.google.com/file/d/1xzmxBbd8IqNXbG0DLoMjaIEwAHDWvb_S/view?usp=sharing,https://d32jc9rx98ldq0.cloudfront.net/staging/inventory/compressed/restaurant-2/ChickenRozaliKabab.jpg,230,,
Chicken Kariba Kabab,ProductType,16,"Inventory,Food,Restaurant,Kabab,NonVegeterian,",180, ,,210,,
Chicken Seekh 2 Pcs,ProductType,17,"Inventory,Food,Restaurant,Kabab,NonVegeterian,",80,https://drive.google.com/file/d/1l1Apf3iaQpmacw68Q02mIMGCAiN-_anR/view?usp=sharing,https://d32jc9rx98ldq0.cloudfront.net/staging/inventory/compressed/imgs-2/ChickenSeekh.jpg,,,
Non-Vegeterian Entree,ProductClass,1,"Inventory,Food,Restaurant,",,,https://d32jc9rx98ldq0.cloudfront.net/staging/inventory/compressed/categoryimages3/NonVegetarian.jpg,,,
Vegeterian,ProductLine,2,"Inventory,Food,Restaurant,Non-Vegeterian Entree,",,,https://d32jc9rx98ldq0.cloudfront.net/staging/inventory/compressed/restaurant-2/Salad.jpg,,,
NonVegeterian,ProductLine,3,"Inventory,Food,Restaurant,Non-Vegeterian Entree,",,,https://d32jc9rx98ldq0.cloudfront.net/staging/inventory/compressed/categoryimages3/NonVegetarian.jpg,,,
Mutton Malvani,ProductType,4,"Inventory,Food,Restaurant,Non-Vegeterian Entree,NonVegeterian,",500,https://drive.google.com/file/d/1U6-prvcNol57Jwxj5DTbUo1HTRC6R2hR/view?usp=sharing,https://d32jc9rx98ldq0.cloudfront.net/staging/inventory/compressed/restaurant-3/MuttonMalvani.jpg,700,,
Mutton Malvani Full,ProductUnit,5,"Inventory,Food,Restaurant,Non-Vegeterian Entree,NonVegeterian,Mutton Malvani,",500,https://drive.google.com/file/d/1v1ZV1_5faw2NoQm_bMXQcuIbqR5Udvjk/view?usp=sharing,https://d32jc9rx98ldq0.cloudfront.net/staging/inventory/compressed/restaurant-2/MuttonMalvaniFull.jpg,700,,
Mutton Malvani Half,ProductUnit,6,"Inventory,Food,Restaurant,Non-Vegeterian Entree,NonVegeterian,Mutton Malvani,",300,https://drive.google.com/file/d/1MpLLjeeMa2LkroyCGO_FU4N3EdzFifzN/view?usp=sharing,https://d32jc9rx98ldq0.cloudfront.net/staging/inventory/compressed/restaurant-2/MuttonMalvaniHalf.jpg,450,,
Mutton Handi,ProductType,7,"Inventory,Food,Restaurant,Non-Vegeterian Entree,NonVegeterian,",490,https://drive.google.com/file/d/1cDgJjzfBznwA7SQ2sVr2-m7bkYjS25MQ/view?usp=sharing,https://d32jc9rx98ldq0.cloudfront.net/staging/inventory/compressed/restaurant-2/MuttonHandi.jpg,650,,
Mutton Handi Full,ProductUnit,8,"Inventory,Food,Restaurant,Non-Vegeterian Entree,NonVegeterian,Mutton Handi,",490,https://drive.google.com/file/d/1FycDNv3fIZ4FgUmyTHr5bWKHB-S7JPU9/view?usp=sharing,https://d32jc9rx98ldq0.cloudfront.net/staging/inventory/compressed/restaurant-2/MuttonHandiFull.jpg,650,,
Mutton Handi Half,ProductUnit,9,"Inventory,Food,Restaurant,Non-Vegeterian Entree,NonVegeterian,Mutton Handi,",290,https://drive.google.com/file/d/1rSZt2OdDaPDJaxpteehvbb3EICXF11Ge/view?usp=sharing,https://d32jc9rx98ldq0.cloudfront.net/staging/inventory/compressed/restaurant-2/MuttonHandiHalf.jpg,400,,
Mutton Maratha Handi,ProductType,10,"Inventory,Food,Restaurant,Non-Vegeterian Entree,NonVegeterian,",470,https://drive.google.com/file/d/1-c3OCMmStgWNyy5oGfrsacERKvXz2oAx/view?usp=sharing,https://d32jc9rx98ldq0.cloudfront.net/staging/inventory/compressed/restaurant7/MuttonMarathaHandi.jpg,620,,
Mutton Maratha Handi Full,ProductUnit,11,"Inventory,Food,Restaurant,Non-Vegeterian Entree,NonVegeterian,Mutton Maratha Handi,",470,https://drive.google.com/file/d/1S6knzUTpF516Gj_jYXblz3NqzUAk8ZJ7/view?usp=sharing,https://d32jc9rx98ldq0.cloudfront.net/staging/inventory/compressed/restaurant-2/MuttonMarathaHandiFull.jpg,620,,
Mutton Maratha Handi Half,ProductUnit,12,"Inventory,Food,Restaurant,Non-Vegeterian Entree,NonVegeterian,Mutton Maratha Handi,",260,https://drive.google.com/file/d/1zzgOxWC6FzdNgndi7SYXv7BrfNdLz_vU/view?usp=sharing,https://d32jc9rx98ldq0.cloudfront.net/staging/inventory/compressed/restaurant-2/MuttonMarathaHandiHalf.jpg,425,,
Spl Shahi Mutton Handi,ProductType,13,"Inventory,Food,Restaurant,Non-Vegeterian Entree,NonVegeterian,",600,,,680,,
Spl Shahi Mutton Handi Full,ProductUnit,14,"Inventory,Food,Restaurant,Non-Vegeterian Entree,NonVegeterian,Spl Shahi Mutton Handi,",600,,,680,,
Spl Shahi Mutton Handi Half,ProductUnit,15,"Inventory,Food,Restaurant,Non-Vegeterian Entree,NonVegeterian,Spl Shahi Mutton Handi,",350,,,470,,
Mutton Masala,ProductType,16,"Inventory,Food,Restaurant,Non-Vegeterian Entree,NonVegeterian,",200,https://drive.google.com/file/d/1-4YOHkbknBQIIukm4yZwJM6f8unGYrqS/view?usp=sharing,https://d32jc9rx98ldq0.cloudfront.net/staging/inventory/compressed/restaurant-2/NonVegeterian/MuttonMasala.jpg,200,215,
Mutton Masala Full,ProductUnit,17,"Inventory,Food,Restaurant,Non-Vegeterian Entree,NonVegeterian,Mutton Masala,",200,https://drive.google.com/file/d/1Ka-14_BY1l2Fy4ZsrGLerkg7gO3JrFfi/view?usp=sharing,https://d32jc9rx98ldq0.cloudfront.net/staging/inventory/compressed/restaurant-2/MuttonMasalaFull.jpg,200,215,
Mutton Fry,ProductType,18,"Inventory,Food,Restaurant,Non-Vegeterian Entree,NonVegeterian,",200,https://drive.google.com/file/d/19UlcaHpNTF7E8S6xFlTvhyUuq3L1fZAq/view?usp=sharing,https://d32jc9rx98ldq0.cloudfront.net/staging/inventory/compressed/restaurant-2/MuttonFry.jpg,200,,
Mutton Fry Full,ProductUnit,19,"Inventory,Food,Restaurant,Non-Vegeterian Entree,NonVegeterian,Mutton Fry,",200,https://drive.google.com/file/d/1CK5Y1_w51SSfsdZRLeiJUN2YegxuYlN2/view?usp=sharing,https://d32jc9rx98ldq0.cloudfront.net/staging/inventory/compressed/restaurant7/MuttonFryFull.jpg,200,,
Mutton Kharda,ProductType,20,"Inventory,Food,Restaurant,Non-Vegeterian Entree,NonVegeterian,",250,https://drive.google.com/file/d/1tD-O7t0Q6DtQKnMO1VZLbLYHSi0Ntu9s/view?usp=sharing,https://d32jc9rx98ldq0.cloudfront.net/staging/inventory/compressed/restaurant-2/MuttonKharda.jpg,,,
Mutton Kharda Full,ProductUnit,21,"Inventory,Food,Restaurant,Non-Vegeterian Entree,NonVegeterian,Mutton Kharda,",250,https://drive.google.com/file/d/1uV3gW-WyQhn6i8fRLZ3ZLw3q_YljpdHQ/view?usp=sharing,https://d32jc9rx98ldq0.cloudfront.net/staging/inventory/compressed/restaurant7/MuttonKhardaFull.jpg,,,
Mutton Kolhapuri,ProductType,22,"Inventory,Food,Restaurant,Non-Vegeterian Entree,NonVegeterian,",200,https://drive.google.com/file/d/1RJcCHg8Q0w4v8uFNs-RxxWui8qSGS6eD/view?usp=sharing,https://d32jc9rx98ldq0.cloudfront.net/staging/inventory/compressed/restaurant-2/MuttonKolhapuri.jpg,210,220,
Mutton Kolhapuri Full,ProductUnit,23,"Inventory,Food,Restaurant,Non-Vegeterian Entree,NonVegeterian,Mutton Kolhapuri,",200,https://drive.google.com/file/d/1UD1JA1VNK2m3ERzwRbacdsDkEOtvlzQi/view?usp=sharing,https://d32jc9rx98ldq0.cloudfront.net/staging/inventory/compressed/restaurant-2/MuttonKolhapuriFull.jpg,210,,
Mutton Adraki,ProductType,24,"Inventory,Food,Restaurant,Non-Vegeterian Entree,NonVegeterian,",210,https://drive.google.com/file/d/1E30iaUuovBA7pm0aYcJDGJBxIGxffgrz/view?usp=sharing,https://d32jc9rx98ldq0.cloudfront.net/staging/inventory/compressed/restaurant-2/MuttonAdraki.jpg,,220,
Mutton Adraki Full,ProductUnit,25,"Inventory,Food,Restaurant,Non-Vegeterian Entree,NonVegeterian,Mutton Adraki,",210,https://drive.google.com/file/d/1JqN2_mpHzr908ByhcogqGOHxUlOd1sgO/view?usp=sharing,https://d32jc9rx98ldq0.cloudfront.net/staging/inventory/compressed/restaurant7/MuttonAdrakiFull.jpg,,220,
Mutton Rogan Josh,ProductType,26,"Inventory,Food,Restaurant,Non-Vegeterian Entree,NonVegeterian,",220,https://drive.google.com/file/d/1TTGlZZnUJnG2KoIQxAvP17zHME2OTGV_/view?usp=sharing,https://d32jc9rx98ldq0.cloudfront.net/staging/inventory/compressed/restaurant-2/MuttonRoganJosh.jpg,700,480,
Mutton Rogan Josh Full,ProductUnit,27,"Inventory,Food,Restaurant,Non-Vegeterian Entree,NonVegeterian,Mutton Rogan Josh,",220,https://drive.google.com/file/d/1qBvV3MaIYDT_EnJWUjsqUSuZbAEQjWtB/view?usp=sharing,https://d32jc9rx98ldq0.cloudfront.net/staging/inventory/compressed/restaurant-2/MuttonRoganJoshFull.jpg,700,480,
Egg Handi,ProductType,28,"Inventory,Food,Restaurant,Non-Vegeterian Entree,NonVegeterian,",130,https://drive.google.com/file/d/1lE0QWKRX8HxhgPywcmTXJhoy5iIfOkb9/view?usp=sharing,https://d32jc9rx98ldq0.cloudfront.net/staging/inventory/compressed/restaurant-2/EggHandi.jpg,,,
Egg Masala,ProductType,29,"Inventory,Food,Restaurant,Non-Vegeterian Entree,NonVegeterian,",100,https://drive.google.com/file/d/1pN-FBsZbYnOvIyYtW9x5T4XRpHKz44UY/view?usp=sharing,https://d32jc9rx98ldq0.cloudfront.net/staging/inventory/compressed/restaurant-2/EggMasala.jpg,120,,
Egg Malvani,ProductType,30,"Inventory,Food,Restaurant,Non-Vegeterian Entree,NonVegeterian,",120,https://drive.google.com/file/d/15N2gr2t3NQ3RmzH19UWiVoAurGLprkLS/view?usp=sharing,https://d32jc9rx98ldq0.cloudfront.net/staging/inventory/compressed/imgs-2/EggMalvani.jpg,180,195,
Fish Masala,ProductType,31,"Inventory,Food,Restaurant,Non-Vegeterian Entree,NonVegeterian,",,https://drive.google.com/file/d/1klW4glWamalxpjlmRSUwgrr_3UjWtJDD/view?usp=sharing,https://d32jc9rx98ldq0.cloudfront.net/staging/inventory/compressed/restaurant-2/FishMasala.jpg,200,215,
Fish Malvani,ProductType,32,"Inventory,Food,Restaurant,Non-Vegeterian Entree,NonVegeterian,",,https://drive.google.com/file/d/1rJo56MlW2lcsXiqa4jHBO45qAIZaNKlo/view?usp=sharing,https://d32jc9rx98ldq0.cloudfront.net/staging/inventory/compressed/restaurant-2/FishMalvani.jpg,,,
Fish Koliwada,ProductType,33,"Inventory,Food,Restaurant,Non-Vegeterian Entree,NonVegeterian,",, ,,,,
Fish Handi,ProductType,34,"Inventory,Food,Restaurant,Non-Vegeterian Entree,NonVegeterian,",,https://drive.google.com/file/d/1rJo56MlW2lcsXiqa4jHBO45qAIZaNKlo/view?usp=sharing,https://d32jc9rx98ldq0.cloudfront.net/staging/inventory/compressed/restaurant-2/FishHandi.jpg,300,,
Fish Curry,ProductType,35,"Inventory,Food,Restaurant,Non-Vegeterian Entree,NonVegeterian,",,https://drive.google.com/file/d/1o3z6tzIWwAjT8Y7IZQCcCTBeeBcYqeM1/view?usp=sharing,https://d32jc9rx98ldq0.cloudfront.net/staging/inventory/compressed/restaurant-2/FishCurry.jpg,200,,
Chicken Malvani,ProductType,36,"Inventory,Food,Restaurant,Non-Vegeterian Entree,NonVegeterian,",350,https://drive.google.com/file/d/1c_wEaHcS41qszbSwBowC9ozlb6Lq7mL9/view?usp=sharing,https://d32jc9rx98ldq0.cloudfront.net/staging/inventory/compressed/restaurant-3/ChickenMalvani.jpg,450,,
Chicken Malvani Full,ProductUnit,37,"Inventory,Food,Restaurant,Non-Vegeterian Entree,NonVegeterian,Chicken Malvani,",350,https://drive.google.com/file/d/1-xY8AXA6TlxrEYMkDXt2EfcmDDflvA1G/view?usp=sharing,https://d32jc9rx98ldq0.cloudfront.net/staging/inventory/compressed/restaurant-2/ChickenMalvaniFull.jpg,450,,
Chicken Malvani Half,ProductUnit,38,"Inventory,Food,Restaurant,Non-Vegeterian Entree,NonVegeterian,Chicken Malvani,",280,https://drive.google.com/file/d/1f5WFIy9OVi3d-VLZCetm6YwZO6fQjyQo/view?usp=sharing,https://d32jc9rx98ldq0.cloudfront.net/staging/inventory/compressed/restaurant-2/ChickenMalvaniHalf.jpg,320,,
Chicken Handi,ProductType,39,"Inventory,Food,Restaurant,Non-Vegeterian Entree,NonVegeterian,",300,https://drive.google.com/file/d/1RMADFPBuSEsBClMMjRRF3Ywu4mtb54pt/view?usp=sharing,https://d32jc9rx98ldq0.cloudfront.net/staging/inventory/compressed/restaurant-2/ChickenHandi.jpg,390,300,
Chicken Handi Full,ProductUnit,40,"Inventory,Food,Restaurant,Non-Vegeterian Entree,NonVegeterian,Chicken Handi,",300,https://drive.google.com/file/d/1LabfJ7U7HGWmo2mIPWym0Wm76D0yr7tH/view?usp=sharing,https://d32jc9rx98ldq0.cloudfront.net/staging/inventory/compressed/restaurant-2/ChickenHandiFull.jpg,390,300,
Chicken Handi Half,ProductUnit,41,"Inventory,Food,Restaurant,Non-Vegeterian Entree,NonVegeterian,Chicken Handi,",250,https://drive.google.com/file/d/1XLzwK9SmXm48SjgSpen2LYnKWNg5f2Pv/view?usp=sharing,https://d32jc9rx98ldq0.cloudfront.net/staging/inventory/compressed/restaurant-2/ChickenHandiHalf.jpg,280,,
Chicken Maratha Handi,ProductType,42,"Inventory,Food,Restaurant,Non-Vegeterian Entree,NonVegeterian,",280,https://drive.google.com/file/d/1WyFL7XHzbvxFgSvTKrjmyzjERATlucVu/view?usp=sharing,https://d32jc9rx98ldq0.cloudfront.net/staging/inventory/compressed/restaurant7/ChickenMarathaHandi.jpg,390,300,
Chicken Maratha Handi Full,ProductUnit,43,"Inventory,Food,Restaurant,Non-Vegeterian Entree,NonVegeterian,Chicken Maratha Handi,",280,https://drive.google.com/file/d/1KvAc-2qxzc3t_p5vZoOvsoJKRF0dEMm_/view?usp=sharing,https://d32jc9rx98ldq0.cloudfront.net/staging/inventory/compressed/restaurant-2/ChickenMarathaHandiFull.jpg,390,300,
Chicken Maratha Handi Half,ProductUnit,44,"Inventory,Food,Restaurant,Non-Vegeterian Entree,NonVegeterian,Chicken Maratha Handi,",220,https://drive.google.com/file/d/1fp1RYGfw5m8KozkelaV_8p30UyOv66hT/view?usp=sharing,https://d32jc9rx98ldq0.cloudfront.net/staging/inventory/compressed/restaurant-2/ChickenMarathaHandiHalf.jpg,280,,
Spl Shahi Chicken Handi,ProductType,45,"Inventory,Food,Restaurant,Non-Vegeterian Entree,NonVegeterian,",350,https://drive.google.com/file/d/1Y2Mye8oE3J1L8eQHBBoXBUz4KtMrGnvT/view?usp=sharing,https://d32jc9rx98ldq0.cloudfront.net/staging/inventory/compressed/restaurant-2/ChickenHandi.jpg,500,,
Spl Shahi Chicken Handi Full,ProductUnit,46,"Inventory,Food,Restaurant,Non-Vegeterian Entree,NonVegeterian,Spl Shahi Chicken Handi,",350,https://drive.google.com/file/d/1Y2Mye8oE3J1L8eQHBBoXBUz4KtMrGnvT/view?usp=sharing,https://d32jc9rx98ldq0.cloudfront.net/staging/inventory/compressed/restaurant-2/ChickenHandi.jpg,500,,
Spl Shahi Chicken Handi Half,ProductUnit,47,"Inventory,Food,Restaurant,Non-Vegeterian Entree,NonVegeterian,Spl Shahi Chicken Handi,",280,https://drive.google.com/file/d/1Y2Mye8oE3J1L8eQHBBoXBUz4KtMrGnvT/view?usp=sharing,https://d32jc9rx98ldq0.cloudfront.net/staging/inventory/compressed/restaurant-2/ChickenHandi.jpg,300,,
Chicken Fry,ProductType,48,"Inventory,Food,Restaurant,Non-Vegeterian Entree,NonVegeterian,",140,https://drive.google.com/file/d/1mWmrLNgJfrNpnzlbAzFVibM_tkVFr_ge/view?usp=sharing,https://d32jc9rx98ldq0.cloudfront.net/staging/inventory/compressed/restaurant-2/ChickenFry.jpg,,,
Chicken Fry Full,ProductUnit,49,"Inventory,Food,Restaurant,Non-Vegeterian Entree,NonVegeterian,Chicken Fry,",140,https://drive.google.com/file/d/1bdqtgXgNlZqsQWGgPvebVN18A2PDy1Gm/view?usp=sharing,https://d32jc9rx98ldq0.cloudfront.net/staging/inventory/compressed/restaurant-2/ChickenFryFull.jpg,,,
Butter Chicken,ProductType,50,"Inventory,Food,Restaurant,Non-Vegeterian Entree,NonVegeterian,",220,https://drive.google.com/file/d/13BFw9Vk7UW7grE4fxHCmBswFC3wSG4uf/view?usp=sharing,https://d32jc9rx98ldq0.cloudfront.net/staging/inventory/compressed/restaurant-2/ButterChicken.jpg,650,325,
Butter Chicken Full,ProductUnit,51,"Inventory,Food,Restaurant,Non-Vegeterian Entree,NonVegeterian,Butter Chicken,",220,https://drive.google.com/file/d/1jjRhY0zWfHHhwWvFSBQvkaAJnR9RkB2x/view?usp=sharing,https://d32jc9rx98ldq0.cloudfront.net/staging/inventory/compressed/restaurant-2/ButterChickenFull.jpg,650,325,
Chicken Kolhapuri,ProductType,52,"Inventory,Food,Restaurant,Non-Vegeterian Entree,NonVegeterian,",180,https://drive.google.com/file/d/1bWc_W7DKNzxS53IXTgHDSqj4gfK3f2wm/view?usp=sharing,https://d32jc9rx98ldq0.cloudfront.net/staging/inventory/compressed/restaurant-2/ChickenKolhapuri.gif,,,
Chicken Kolhapuri Full,ProductUnit,53,"Inventory,Food,Restaurant,Non-Vegeterian Entree,NonVegeterian,Chicken Kolhapuri,",180,https://drive.google.com/file/d/1zK5NMRfcoBwECvfn1HJlA_XfDhJi-TZV/view?usp=sharing,https://d32jc9rx98ldq0.cloudfront.net/staging/inventory/compressed/restaurant7/ChickenKolhapuriFull.jpg,,,
Chicken Patiyala,ProductType,54,"Inventory,Food,Restaurant,Non-Vegeterian Entree,NonVegeterian,",190,https://drive.google.com/file/d/1MJWPcODtP182HCYF1AmPjfwl8xHrXr4Q/view?usp=sharing,https://d32jc9rx98ldq0.cloudfront.net/staging/inventory/compressed/restaurant-2/ChickenPatiyala.jpg,220,,
Chicken Patiyala Full,ProductUnit,55,"Inventory,Food,Restaurant,Non-Vegeterian Entree,NonVegeterian,Chicken Patiyala,",190,https://drive.google.com/file/d/1-17svigOyo9c9gnKr8HQQa5TqShzcB7o/view?usp=sharing,https://d32jc9rx98ldq0.cloudfront.net/staging/inventory/compressed/restaurant7/ChickenPatiyalaFull.jpg,220,,
Chicken Banjara Masala,ProductType,56,"Inventory,Food,Restaurant,Non-Vegeterian Entree,NonVegeterian,",220,https://drive.google.com/file/d/1N4TjTfX30ljHECAPCVEGjQiYAt_3Fzrg/view?usp=sharing,https://d32jc9rx98ldq0.cloudfront.net/staging/inventory/compressed/restaurant-2/ChickenBanjaraMasala.jpg,220,235,
Chicken Banjara Masala Full,ProductUnit,57,"Inventory,Food,Restaurant,Non-Vegeterian Entree,NonVegeterian,Chicken Banjara Masala,",220,https://drive.google.com/file/d/1qmELHsPh9yHvrWgceFCcau7OOHmYKyRc/view?usp=sharing,https://d32jc9rx98ldq0.cloudfront.net/staging/inventory/compressed/restaurant7/ChickenBanjaraMasalaFull.jpg,220,235,
Chicken Tikka Masala,ProductType,58,"Inventory,Food,Restaurant,Non-Vegeterian Entree,NonVegeterian,",200,https://drive.google.com/file/d/19zFXY_pxa-UVhenZK8gwh6DxMFSuAhzf/view?usp=sharing,https://d32jc9rx98ldq0.cloudfront.net/staging/inventory/compressed/restaurant-2/ChickenTikkaMasala.jpg,200,215,
Chicken Tikka Masala Full,ProductUnit,59,"Inventory,Food,Restaurant,Non-Vegeterian Entree,NonVegeterian,Chicken Tikka Masala,",200,https://drive.google.com/file/d/1nyD_cBHKhSU_FzXFphSWHIS5a7fka2b0/view?usp=sharing,https://d32jc9rx98ldq0.cloudfront.net/staging/inventory/compressed/restaurant7/ChickenTikkaMasalaFull.jpg,200,215,
Chicken Tandoori Masala,ProductType,60,"Inventory,Food,Restaurant,Non-Vegeterian Entree,NonVegeterian,",250, ,,,,
Chicken Tandoori Masala Full,ProductUnit,61,"Inventory,Food,Restaurant,Non-Vegeterian Entree,NonVegeterian,Chicken Tandoori Masala,",250,https://drive.google.com/file/d/17fCGQSYEoFGdkMhRAKjCwTEJtQf5seKg/view?usp=sharing,https://d32jc9rx98ldq0.cloudfront.net/staging/inventory/compressed/imgs-2/ChickenTandooriMasala.jpg,,,
Chicken Murg Musallam,ProductType,62,"Inventory,Food,Restaurant,Non-Vegeterian Entree,NonVegeterian,",500,https://drive.google.com/file/d/1Rrj3hgIIgplkQ0Mpelm7_1dlUjXMqSqx/view?usp=sharing,https://d32jc9rx98ldq0.cloudfront.net/staging/inventory/compressed/imgs-2/ChickenMurgMusallam.jpg,750,,
Chicken Murg Musallam Full,ProductUnit,63,"Inventory,Food,Restaurant,Non-Vegeterian Entree,NonVegeterian,Chicken Murg Musallam,",500,https://drive.google.com/file/d/1Rrj3hgIIgplkQ0Mpelm7_1dlUjXMqSqx/view?usp=sharing,https://d32jc9rx98ldq0.cloudfront.net/staging/inventory/compressed/imgs-2/ChickenMurgMusallam.jpg,750,,
Chicken Lasuni,ProductType,64,"Inventory,Food,Restaurant,Non-Vegeterian Entree,NonVegeterian,",160,https://drive.google.com/file/d/1l3SrGD-p2SdBEQCZHPTRZ3KkTD_GTtzl/view?usp=sharing,https://d32jc9rx98ldq0.cloudfront.net/staging/inventory/compressed/imgs-2/ChickenLasuni.jpg,190,,
Chicken Lasuni Full,ProductUnit,65,"Inventory,Food,Restaurant,Non-Vegeterian Entree,NonVegeterian,Chicken Lasuni,",160,https://drive.google.com/file/d/1l3SrGD-p2SdBEQCZHPTRZ3KkTD_GTtzl/view?usp=sharing,https://d32jc9rx98ldq0.cloudfront.net/staging/inventory/compressed/imgs-2/ChickenLasuni.jpg,190,,
Egg Biryani,ProductType,4,"Inventory,Food,Restaurant,Rice,Vegeterian,",130,https://drive.google.com/file/d/1QIFm56UM3FSl48MPmlJdBchMJuhyRkCs/view?usp=sharing,https://d32jc9rx98ldq0.cloudfront.net/staging/inventory/compressed/restaurant-2/EggBiryani.jpg,140,150,
Dum Chicken Biryani,ProductType,5,"Inventory,Food,Restaurant,Rice,Vegeterian,",180,https://drive.google.com/file/d/117CoiKwIRuhr4g-wB9hdqZ0bNmyhadj6/view?usp=sharing,https://d32jc9rx98ldq0.cloudfront.net/staging/inventory/compressed/restaurant7/DumChickenBiryani.jpg,200,,
Dum Chicken Biryani Full,ProductUnit,6,"Inventory,Food,Restaurant,Rice,Vegeterian,Dum Chicken Biryani,",180,https://drive.google.com/file/d/1DMHkBdJRCIKfdoC8G8W9mzwt5cFAJ602/view?usp=sharing,https://d32jc9rx98ldq0.cloudfront.net/staging/inventory/compressed/restaurant-2/DumChickenBiryaniFull.jpg,200,,
Dum Chicken Biryani Half,ProductUnit,7,"Inventory,Food,Restaurant,Rice,Vegeterian,Dum Chicken Biryani,",120,https://drive.google.com/file/d/1eRsT1yCUfiV-Z1NbuzHcZMHS7a71exd_/view?usp=sharing,https://d32jc9rx98ldq0.cloudfront.net/staging/inventory/compressed/restaurant-2/DumChickenBiryaniHalf.jpg,140,150,
Chicken Biryani,ProductType,8,"Inventory,Food,Restaurant,Rice,Vegeterian,",120,https://drive.google.com/file/d/1t_vJcJvBj1doCQPhohH0pwo72xfAG-wI/view?usp=sharing,https://d32jc9rx98ldq0.cloudfront.net/staging/inventory/compressed/restaurant-2/ChickenBiryani.jpg,140,,
Mutton Biryani,ProductType,9,"Inventory,Food,Restaurant,Rice,Vegeterian,",200,https://drive.google.com/file/d/1LoNGcmv8OAlfx8Ryh7Fqaz3YxRdO0wAS/view?usp=sharing,https://d32jc9rx98ldq0.cloudfront.net/staging/inventory/compressed/restaurant-2/MuttonBiryani.jpg,220,240,
Chicken Chilli,ProductType,4,"Inventory,Food,Restaurant,Starters,NonVegeterian,",150,https://drive.google.com/file/d/1zccr03DUmOBDqoID5-I1IkcG9nR33fue/view?usp=sharing,https://d32jc9rx98ldq0.cloudfront.net/staging/inventory/compressed/restaurant-2/ChickenChilli.jpg,,,
Chicken 65,ProductType,5,"Inventory,Food,Restaurant,Starters,NonVegeterian,",170,https://drive.google.com/file/d/1KiB00yMYljrQJTd8pi_-yERqqS-9omgS/view?usp=sharing,https://d32jc9rx98ldq0.cloudfront.net/staging/inventory/compressed/restaurant-2/Chicken65.jpg,170,183,
Chicken Lollipop Fry,ProductType,6,"Inventory,Food,Restaurant,Starters,NonVegeterian,",150,https://drive.google.com/file/d/1smZXqIlzax2OnzZpWqLpCpyge6Ihqomk/view?usp=sharing,https://d32jc9rx98ldq0.cloudfront.net/staging/inventory/compressed/food2/ChickenLollipopFry.jpg,,,
Chicken Lollipop Masala,ProductType,7,"Inventory,Food,Restaurant,Starters,NonVegeterian,",170,https://drive.google.com/file/d/1LZYdV9n-h6FuTt9QY6IOnJYvsgV9fr2M/view?usp=sharing,https://d32jc9rx98ldq0.cloudfront.net/staging/inventory/compressed/restaurant-3/ChickenLollipopMasala.jpg,,200,
Chicken Manchurian,ProductType,8,"Inventory,Food,Restaurant,Starters,NonVegeterian,",150,https://drive.google.com/file/d/1bda5swwEFGvjQlk_NAqTfTgkbaWFSX_V/view?usp=sharing,https://d32jc9rx98ldq0.cloudfront.net/staging/inventory/compressed/restaurant-2/ChickenManchurian.jpg,160,,
Chicken Hot Pan,ProductType,9,"Inventory,Food,Restaurant,Starters,NonVegeterian,",280,,,280,300,
Chicken Bullet,ProductType,10,"Inventory,Food,Restaurant,Starters,NonVegeterian,",320,https://drive.google.com/file/d/1IT8IxHUrTZtv7o--1jVvzbPBjlveXwxs/view?usp=sharing,https://d32jc9rx98ldq0.cloudfront.net/staging/inventory/compressed/restaurant-4/ChickenBullet.jpg,320,340,
Chicken Crispy,ProductType,11,"Inventory,Food,Restaurant,Starters,NonVegeterian,",180,https://drive.google.com/file/d/1uR2GNv5IoIsrnFaGWRgpoGxp8X1aTUVY/view?usp=sharing,https://d32jc9rx98ldq0.cloudfront.net/staging/inventory/compressed/restaurant-2/ChickenCrispy.jpg,180,195,
Chicken Green Garlic Sauce,ProductType,12,"Inventory,Food,Restaurant,Starters,NonVegeterian,",160, ,,,,
