label,nodeType,order,path,price,description,ingredients,link,imageLink,Swiggy ,Zomato 
Entree,ProductClass,1,"Inventory,Food,Restaurant,",,,,,https://d32jc9rx98ldq0.cloudfront.net/staging/inventory/compressed/restaurant7/Entree.jpg,,
Vegeterian,ProductLine,2,"Inventory,Food,Restaurant,Entree,",,,,,https://d32jc9rx98ldq0.cloudfront.net/staging/inventory/compressed/restaurant-2/Salad.jpg,,
NonVegeterian,ProductLine,3,"Inventory,Food,Restaurant,Entree,",,,,,,,
Jeera Dal,ProductType,4,"Inventory,Food,Restaurant,Entree,Vegeterian,",90,,"Masoor Dal / cups,Toowar Dal / cups,Dry Red Chilli  nos,turmeric powder  tbsp,Asafoetida / tbsp,Cumin Seeds  tbsp,green chilli  nos,Coriander leaves  sprig,Garlic chopped  tbsp,Ghee  tbsp,Salt as per taste  tsp./ tbsp kashmiri chilli powder,/ tsp garam masala powder, tsp kasoori methi, tbsp coriander leaves, cups water + as needed,salt to taste.",https://drive.google.com/file/d/1EJ7aQXFCzNGyeOGe3YgKlynwaIM20zh1/view?usp=sharing,https://d32jc9rx98ldq0.cloudfront.net/staging/inventory/compressed/restaurant-2/JeeraDal.jpg,,100
Dal Fry,ProductType,5,"Inventory,Food,Restaurant,Entree,Vegeterian,",90,,"½ cup toor dal,. cups water , pinch turmeric powder, to  tablespoons oil (,½ to ¾ teaspoon mustard seeds, teaspoon cumin seeds,⅓ cup finely chopped onions, green chilies , to  dry red chilies, to  curry leaves, to  pinches asafoetida powder ,¼ to ½ teaspoon Garam Masala,etc.",https://drive.google.com/file/d/1K8tvnEHHFvnC05dq2Qx-p-dJ1RZDhOaK/view?usp=sharing,https://d32jc9rx98ldq0.cloudfront.net/staging/inventory/compressed/restaurant-2/Vegeterian/DalFry.jpg,,100
Dal Tadka,ProductType,6,"Inventory,Food,Restaurant,Entree,Vegeterian,",100,,"½ cup toor da, tbsp masoor dal ,¼ tsp turmeric,½ tsp salt, tsp oil,½ cup water, tbsp ghee / clarified butter,½ tsp cumin / jeera, bay leaf / tej patta,pinch hing / asafoetida, dried red chilli, clove garlic , inch ginger, chilli (slit),¼ tsp turmeric,½ tsp kashmiri red chilli powder,½ tsp coriander powder,½ tsp salt, tomato , tbsp coriander, tsp kasuri methi ,¼ tsp garam masala.",https://drive.google.com/file/d/14RUwq8nVglapT24psGzGu5oLTx-UOZB7/view?usp=sharing,https://d32jc9rx98ldq0.cloudfront.net/staging/inventory/compressed/restaurant-2/Vegeterian/DalTadka.jpg,,100
Baigan Masala,ProductType,7,"Inventory,Food,Restaurant,Entree,Vegeterian,",90,," nos baingan, tsp cumin seeds, tsp coriander seeds, tsp sesame seeds,/ cup dessicated coconut, tbsp oil, nos onion, chopped,7-8 nos curry leaves,/ tsp ginger garlic paste,/ tsp salt,/ tsp turmeric powder,/ tsp red chilli powder, tsp tamarind paste, tsp coriander leaves, cup water,",https://drive.google.com/file/d/1r4aTUAlIRkkqBI_OnVLcGAK3JW2VF6rk/view?usp=sharing,https://d32jc9rx98ldq0.cloudfront.net/staging/inventory/compressed/restaurant-2/Vegeterian/baiganmasala.jpg,,
Bhendi Masala,ProductType,8,"Inventory,Food,Restaurant,Entree,Vegeterian,",90,,,https://drive.google.com/file/d/19fqIuFOUUhUgkG8ydZ2ZF_cSaIi2c7DT/view?usp=sharing,https://d32jc9rx98ldq0.cloudfront.net/staging/inventory/compressed/restaurant-2/Vegeterian/BhendiMasala.jpg,,
Bhendi Fry,ProductType,9,"Inventory,Food,Restaurant,Entree,Vegeterian,",90,,,https://drive.google.com/file/d/1JuaS9-HeNYDddzgv255-ILPSG56AoNGt/view?usp=sharing,https://d32jc9rx98ldq0.cloudfront.net/staging/inventory/compressed/restaurant-2/Vegeterian/BhendiFry.jpg,,
Gobi Masala,ProductType,10,"Inventory,Food,Restaurant,Entree,Vegeterian,",90,,"/ cup medium onion, cups cauliflower, tomatoes , cashews, teaspoon ginger, teaspoon garlic, teaspoon chili powder, teaspoon garam masala powder, teaspoon coriander powder,/ teaspoon turmeric powder,salt, tablespoons oil,- cloves,small cinnamon stick, black cardamom, green cardamom,/ teaspoon cumin or fennel seeds, bay leaf.",https://drive.google.com/file/d/1COWKM46hafRmzQy4uTTfPIXcAvZaZF7a/view?usp=sharing,https://d32jc9rx98ldq0.cloudfront.net/staging/inventory/compressed/restaurant-2/GobiMasala.jpg,,90
Aloo Mutter Masala,ProductType,11,"Inventory,Food,Restaurant,Entree,Vegeterian,",100,,,https://drive.google.com/file/d/1o-mp0TV_9pX7VpI22TSkEo-SpJtgV752/view?usp=sharing,https://d32jc9rx98ldq0.cloudfront.net/staging/inventory/compressed/imgs-2/AlooMutterMasala.jpg,,100
Paneer Butter Masala,ProductType,12,"Inventory,Food,Restaurant,Entree,Vegeterian,",140,,"½ cup vegetable oil,½ pound paneer, cut into /-inch cubes, tablespoons butter, onions, teaspoon ginger paste, tablespoon ground cashews, teaspoon ground red chiles,½ teaspoon ground cumin,½ teaspoon ground coriander,½ teaspoon garam masala,½ cup milk,½ teaspoon salt.",https://drive.google.com/file/d/1hxW4pcTbsHP6Ql9I_VfGsXwGKF6m006R/view?usp=sharing,https://d32jc9rx98ldq0.cloudfront.net/staging/inventory/compressed/restaurant-2/PaneerButterMasala.jpg,,160
Paneer Tikka Masala,ProductType,13,"Inventory,Food,Restaurant,Entree,Vegeterian,",140,,"""8- garlic pods, inch ginger piece, tsp white sesame seeds, tsp khus khus,6 cashew nuts, small carrot, and half tsp salt, tspredchillipowder,/tspturmericpowder,tspcorianderpowder,tspEverestsuper garam Masala, tbsp coriander leaves, grams paneer",https://drive.google.com/file/d/1BmyxNFwPwf7zpalxZOSRuGMcKOWv1EoQ/view?usp=sharing,https://d32jc9rx98ldq0.cloudfront.net/staging/inventory/compressed/restaurant-2/PaneerTikkaMasala.jpg,,
Paneer Masala,ProductType,14,"Inventory,Food,Restaurant,Entree,Vegeterian,",140,," grams paneer (cut into -inch pieces)½ teaspoon salt,½ teaspoon Kashmiri red chili powder,½ teaspoon turmeric powder, tablespoons vegetable oil, tablespoons vegetable oil,▢ tablespoons ghee, green cardamoms ,- cloves,-6 black peppercorns, inch piece of cinnamon stick,- whole dry red chilies, teaspoon cumin seeds,¼ teaspoon asafetida (hing), cup finely chopped onions, teaspoons ginger garlic paste, teaspoons coriander powder,½ teaspoon turmeric powder,½ teaspoon cumin powder,½ teaspoon cumin powder,- green chilies ,",https://drive.google.com/file/d/1qYwzOkLWokms8zuBp2TCUDb8DJfV9w2S/view?usp=sharing,https://d32jc9rx98ldq0.cloudfront.net/staging/inventory/compressed/restaurant-2/PaneerMasala.jpg,,140
Paneer Mussallam,ProductType,15,"Inventory,Food,Restaurant,Entree,Vegeterian,",140,,,https://drive.google.com/file/d/1qPv4PdD8lka1OyrkmaP-Lj7A8csukB4H/view?usp=sharing,https://d32jc9rx98ldq0.cloudfront.net/staging/inventory/compressed/food281221/PaneerMussallam.jpg,,
Paneer Kadai,ProductType,16,"Inventory,Food,Restaurant,Entree,Vegeterian,",140,," tablespoon butter, tablespoon oil  ml, medium red onion  grams,, green chili, teaspoons ginger garlic paste,- medium tomatoes  grams,, tablespoon tomato paste,/ teaspoon garam masala,/ teaspoon kashmiri red chili powder, inch ginger,/ cup water, tablespoons heavy cream  ml,/ teaspoon salt or to taste, grams paneer.",https://drive.google.com/file/d/1XGINKnRA5noOl2-dVsUXFUaDbO_Zft62/view?usp=sharing,https://d32jc9rx98ldq0.cloudfront.net/staging/inventory/compressed/restaurant-2/Vegeterian/PaneerKadai.jpg,,150
Palak Paneer,ProductType,17,"Inventory,Food,Restaurant,Entree,Vegeterian,",120,," gms Spinach, pureed,-6 Paneer cubes, tbsp Oil, tsp Cumin seeds, Bay leaf, tsp Ginger, finely chopped, tsp Garlic, finely chopped, cup Onion paste (boiled), grated,/ cup Tomato, pureed, tsp Salt,/ tsp Garam masala,/ tsp Red pepper, powdered,/ tsp Coriander powder, nos Black cardamom (crushed), tbsp Cream.",https://drive.google.com/file/d/15TSU15zdBHcKR9I_i1fBqvMPLl4_FgN7/view?usp=sharing,https://d32jc9rx98ldq0.cloudfront.net/staging/inventory/compressed/restaurant-2/PalakPaneer.jpg,,130
Mix Veg,ProductType,18,"Inventory,Food,Restaurant,Entree,Vegeterian,",120,,"/ Cup Chopped Potatoes,/ Cup Chopped Cauliflower,/ Cup Chopped Carrots,/ Cup Chopped French Beans,/ Cup Chopped Capsicum (Green Bell Peppers),/ Cup Green Peas, Small Onion, Medium Sized Tomatoes,- Green Chillies,- Cloves of Garlic, Inch Piece of Ginger,8- Cashews, Tablespoons Cream or / Cup Milk, Teaspoon Cumin Seeds",https://drive.google.com/file/d/1ck00uoIiKEXjtfN1K8Zx7xfA2Dsc5VeU/view?usp=sharing,https://d32jc9rx98ldq0.cloudfront.net/staging/inventory/compressed/restaurant-2/Vegeterian/MixVeg.jpg,,110
Malai Kofta,ProductType,19,"Inventory,Food,Restaurant,Entree,Vegeterian,",140,," Large potatoes, boiled, gms paneer, gms maida, tbsp Coriander Leaves, Onions, tbsp ginger garlic paste, Tomatoes, ml malai or cream, tbsp raisins and cashew nuts, gms cashew nuts paste,/ tsp haldi (turmeric),/ tsp red chilli powder,/ tsp kitchen king masala, tbsp Kasturi methi,to taste salt, tbsp sugar.",https://drive.google.com/file/d/1VLPs06se6YOpnFqheEoxjS2W43ntezp8/view?usp=sharing,https://d32jc9rx98ldq0.cloudfront.net/staging/inventory/compressed/restaurant-2/MalaiKofta.jpg,,130
Veg Kofta,ProductType,20,"Inventory,Food,Restaurant,Entree,Vegeterian,",140,,"¾ cup Carrot,½ cup Green peas,½ cup Potatoes ,¾ cup Cauliflower,½ cup Green beans, Green chili , tablespoons Cilantro ,Salt to taste,½ teaspoon Red chili powder,▢¼ teaspoon Garam masala,½ teaspoon Chaat masala, tablespoons Besan,Oil for deep frying.",https://drive.google.com/file/d/1Mvg_zicUKWbqy17-QkdNaNjk6pwcqvxT/view?usp=sharing,https://d32jc9rx98ldq0.cloudfront.net/staging/inventory/compressed/restaurant-2/Veg-Kofta.jpg,,130
Kaju Curry,ProductType,21,"Inventory,Food,Restaurant,Entree,Vegeterian,",140,," cup cashews –  grams, tablespoon Butter,. cups chopped tomatoes, tej patta ,½ cup water,8 to  cashews, teaspoon Ginger Garlic Paste, or  green chilies,½ teaspoon kashmiri red chili powder,½ teaspoon Garam Masala,⅔ to ¾ cup water, tablespoons Butter,¼ to ½ teaspoon sugar, teaspoon kasuri methi, to  tablespoon chopped coriander leaves,salt as required.",https://drive.google.com/file/d/1gC6vM-RK8u99OSMQLKktR7ByUm1Jnk6W/view?usp=sharing,https://d32jc9rx98ldq0.cloudfront.net/staging/inventory/compressed/restaurant-2/Vegeterian/KajuCurry.jpg,,150
Kaju Vharadi,ProductType,22,"Inventory,Food,Restaurant,Entree,Vegeterian,",140,,,https://drive.google.com/file/d/1QxIFB8BgUrSj8qP9mvg9t50x5w46Zmza/view?usp=sharing,https://d32jc9rx98ldq0.cloudfront.net/staging/inventory/compressed/restaurant-3/KajuVharadi.jpg,,
Mushroom Masala,ProductType,23,"Inventory,Food,Restaurant,Entree,Vegeterian,",140,," Gram Mushroom , Onion, chopped, tbsp Ginger, chopped, tbsp Garlic, chopped, Tomato, chopped,Green chillies, chopped,A pinch of Turmeric Powder,to taste Red Chilli Powder,to taste Salt, tbsp Chaat Masala,Refined Oil.",https://drive.google.com/file/d/1lxiJ7KE2cIt_oraf27eM76_VxZCeFywA/view?usp=sharing,https://d32jc9rx98ldq0.cloudfront.net/staging/inventory/compressed/restaurant-2/Vegeterian/MushroomMasala.jpg,,
Tawa Besan,ProductType,24,"Inventory,Food,Restaurant,Entree,Vegeterian,",100,," Green chilies, tsp Garlic, Lemon,to taste Salt, Onion,/ cup Gramflour / besan,as needed Oil,/ tsp Turmeric powder.",https://drive.google.com/file/d/1CArwuE_kuHJJKpUhuQUQ0YQrQFCgiwhH/view?usp=sharing,https://d32jc9rx98ldq0.cloudfront.net/staging/inventory/compressed/restaurant-2/Tawa-Besan.jpg,,100
Methi Masala,ProductType,25,"Inventory,Food,Restaurant,Entree,Vegeterian,",90,," cup split mustard seeds,¼ tsp turmeric, tbsp salt, tbsp asofetida hing tbsp oil, tbsp kashmiri chilli.",https://drive.google.com/file/d/1dErgRMsOVhFdohv1aCOlsQvMfilDWgAc/view?usp=sharing,https://d32jc9rx98ldq0.cloudfront.net/staging/inventory/compressed/restaurant-2/MethiMasala.jpeg.crdownload.jpg,,100
Lasooni Methi,ProductType,26,"Inventory,Food,Restaurant,Entree,Vegeterian,",90,," bunch methi leaves, big onion ,6-7 garlic cloves,/ tsp red chilli powder,/ tsp Coriander powder,to taste Salt,/ tsp garam masala powder, tsp oil.",https://drive.google.com/file/d/1iSp4FlEs1d2vzirI_q392xM98_bjvzF-/view?usp=sharing,https://d32jc9rx98ldq0.cloudfront.net/staging/inventory/compressed/restaurant-2/LasooniMethi.jpg,,
Veg Anda Curry,ProductType,27,"Inventory,Food,Restaurant,Entree,Vegeterian,",100,," cup paneer,¼ tsp salt,¼ tsp turmeric, potato , tbsp corn flour,½ tsp salt,oil (for frying), inch ginger, cloves garlic, onion , tomato , tbsp oil, bay leaf, inch cinnamon, tsp cumin,½ onion,¼ tsp turmeric, tsp chilli powder,½ tsp coriander powder,½ tsp cumin powder,½ tsp garam masala, tsp salt,½ cup curd, cup water, tsp kasuri methi, tbsp coriander.",https://drive.google.com/file/d/18C0IFUovAUNodzfNJLpDHWfq0xMzyTPG/view?usp=sharing,https://d32jc9rx98ldq0.cloudfront.net/staging/inventory/compressed/restaurant-2/VegAndaCurry.jpg,,
Shev Bhaji,ProductType,28,"Inventory,Food,Restaurant,Entree,Vegeterian,",80,," cup besan / gram flour,¼ tsp turmeric, tsp kashmiri red chilli powder,¼ tsp ajwain / carom seeds,½ tsp salt,½ cup water,oil for frying, onion, clove garlic, inch ginger,½ cup dry coconut,¾ tsp kashmiri red chilli powder, tsp garam masala,etc.",https://drive.google.com/file/d/1-Iprfeqrb2krX2hW7Gw6pEN_1vSRJ4yX/view?usp=sharing,https://d32jc9rx98ldq0.cloudfront.net/staging/inventory/compressed/restaurant-2/Shev-Bhaji.jpg,,
Shevga Curry,ProductType,29,"Inventory,Food,Restaurant,Entree,Vegeterian,",80,," pieces Drumstick, tsp Chilli, powder, tsp Coriander, powder, tbsp Coriander, pinch Hing, Onion, tbsp Peanut, Tomato, tsp Ginger garlic paste, tsp Mustard, tsp Garam masala, tsp Poppy seeds, tsp Salt, tbsp Sesame,/ tsp Turmeric, cup Water.",https://drive.google.com/file/d/1CeDA7KnJ6fyLIHv-ajlA3o-9zVvupG1n/view?usp=sharing,https://d32jc9rx98ldq0.cloudfront.net/staging/inventory/compressed/restaurant-2/ShevgaCurry.JPG,,
Tamata Chutney,ProductType,30,"Inventory,Food,Restaurant,Entree,Vegeterian,",90,," Tbsp Oil, tsp Mustard Seeds, Curry Leaves, Garlic Cloves, tsp Ginger, Tomatoes, tsp Red Chilli Powder,/ tsp Black Pepper,/ tsp Salt. tsp Vinegar.",https://drive.google.com/file/d/1iRcK7fb3OJNM5XZJZenauR4PXPqFmvwP/view?usp=sharing,https://d32jc9rx98ldq0.cloudfront.net/staging/inventory/compressed/restaurant-2/Tamata-Chutney.jpg,,
Baigan Bharta,ProductType,31,"Inventory,Food,Restaurant,Entree,Vegeterian,",100,,,https://drive.google.com/file/d/1KDfimDOmvKJT-0PplaK058AVtionrKCa/view?usp=sharing,https://d32jc9rx98ldq0.cloudfront.net/staging/inventory/compressed/restaurant-2/BaiganBharta.jpg,,
Gobi Hyderabadi,ProductType,32,"Inventory,Food,Restaurant,Entree,Vegeterian,",140,,,https://drive.google.com/file/d/1g8teYH2K0gWO1lePUbx3gDRF0AWRww4L/view?usp=sharing,https://d32jc9rx98ldq0.cloudfront.net/staging/inventory/compressed/restaurant-4/GobiHyderabadi.jpg,,100
Paneer Patiyala,ProductType,33,"Inventory,Food,Restaurant,Entree,Vegeterian,",150,,"Paneer –  grm,Green chilli –  tsp chopped,Onion  –  chopped,Coriander –  tbsp chopped,Salt – / tsp,Oil –  tbsp,Garam masala – / tsp,Coriander leaves –  tsp,Cream –  tsp,Oil –  tsp,Salt –  tsp,Kitchen king masala – / tsp,Coriander powder –  tsp,Red chilli powder –  tsp,Cumin seeds –  tsp,Red chilli dry – -,Cashew – -,Tomato –  Onion – .",https://drive.google.com/file/d/1Qo49vPHnwNLKiiUxNnE9U3-FBF0_wAkj/view?usp=sharing,https://d32jc9rx98ldq0.cloudfront.net/staging/inventory/compressed/restaurant-2/PaneerPatiyala.jpg,,150
Veg Maratha,ProductType,34,"Inventory,Food,Restaurant,Entree,Vegeterian,",130,,"""beetroot grated  nos,capsicum finely chopped  nos,paneer grated  gms,besan (or u cn even use _ slices of bread soaked n squeezed for binding) - tbsp,red chilli powder  tbsp,amchur powder  tsp,garam masala  tsp,chat masala  tsp,""",https://drive.google.com/file/d/11npxFNMHAT_8ZUmXoQfJPlwBvEI85GCn/view?usp=sharing,https://d32jc9rx98ldq0.cloudfront.net/staging/inventory/compressed/restaurant-2/Veg-Maratha.jpg,,150
Veg Begam Bahar,ProductType,35,"Inventory,Food,Restaurant,Entree,Vegeterian,",150,,,https://drive.google.com/file/d/15RJs8UCGf_h7UgMPMZGyW6JOA76WWhZt/view?usp=sharing,https://d32jc9rx98ldq0.cloudfront.net/staging/inventory/compressed/restaurant-2/VegBegamBahar.jpg,,150
Aloo Punjabi,ProductType,36,"Inventory,Food,Restaurant,Entree,Vegeterian,",140,,,https://drive.google.com/file/d/1ESLrOYR7a7e9klGMwPOW6phcowu3F61h/view?usp=sharing,https://d32jc9rx98ldq0.cloudfront.net/staging/inventory/compressed/food281221/AlooPunjabi.jpg,,120
Rice,ProductClass,1,"Inventory,Food,Restaurant,",,,,,https://d32jc9rx98ldq0.cloudfront.net/staging/inventory/compressed/restaurant-2/Rice.jpg,,
Vegeterian,ProductLine,2,"Inventory,Food,Restaurant,Rice,",,,,,https://d32jc9rx98ldq0.cloudfront.net/staging/inventory/compressed/restaurant-2/Salad.jpg,,
NonVegeterian,ProductLine,3,"Inventory,Food,Restaurant,Rice,",,,,,,,
Plain Rice,ProductType,4,"Inventory,Food,Restaurant,Rice,Vegeterian,",70,," cup Rice, cups Water, tsp Oil (optional), tsp Salt (optional)",https://drive.google.com/file/d/18J_mJa06XUs-QW11tFlny9iB4N4MgBaj/view?usp=sharing,https://d32jc9rx98ldq0.cloudfront.net/staging/inventory/compressed/restaurant-2/Plain-Rice.jpg,,80
Jeera Rice,ProductType,5,"Inventory,Food,Restaurant,Rice,Vegeterian,",80,,"½ cup basmati rice, tsp oil,½ tsp salt,½ tsp salt, tbsp coriander,water,etc",https://drive.google.com/file/d/1-GF04qtXF6mVP48_0ek2Qj07ZNbdnEES/view?usp=sharing,https://d32jc9rx98ldq0.cloudfront.net/staging/inventory/compressed/restaurant-2/JeeraRice.jpg,,90
Masala Rice,ProductType,6,"Inventory,Food,Restaurant,Rice,Vegeterian,",90,," tbsp ghee, tsp mustard, tsp cumin / jeera,½ tsp saunf / fennel,pinch asafoetida / hing,few curry leaves,½ tsp ginger garlic paste,½ onion, tomato ,½ carrot, tbsp peas / matar, beans ,¼ capsicum,¼ tsp turmeric,¾ tsp kashmiri red chilli powder, tsp coriander powder,½ tsp garam masala, cup cooked rice, tsp salt, tbsp coriander.",https://drive.google.com/file/d/1f42W8I8vF2MKOR1_NEpVKeDqUYYxbwXH/view?usp=sharing,https://d32jc9rx98ldq0.cloudfront.net/staging/inventory/compressed/restaurant-2/MasalaRice.jpg,,100
Namdev Rice,ProductType,7,"Inventory,Food,Restaurant,Rice,Vegeterian,",100,,,https://drive.google.com/file/d/1egVyzEE337E6PALyhgpLuHqJ0uV5nMyK/view?usp=sharing,https://d32jc9rx98ldq0.cloudfront.net/staging/inventory/compressed/restaurant-2/NamdevRice.jpg,,
Veg Pulav Rice,ProductType,8,"Inventory,Food,Restaurant,Rice,Vegeterian,",100,,""" cup Cabbage, small onions, cup of capcicum, cup of soya chunks, small carrots, spoon of garam masala, spoon of ginger garlic paste, spoon of jeera seeds, spoons ofsalt, spoon of ghee, cup of oil, cup of peas""",https://drive.google.com/file/d/1wsP0Xbg6WwzwO6MpIlBdTgmjuOgJOs72/view?usp=sharing,https://d32jc9rx98ldq0.cloudfront.net/staging/inventory/compressed/food281221/VegPulavRice.jpg,,120
Veg Biryani,ProductType,9,"Inventory,Food,Restaurant,Rice,Vegeterian,",120,,"Basmati Rice  / cups,Carrots  medium,Carrots / inch pieces  medium,French beans / inch pieces ,Cauliflower - florets,Green peas shelled  cup,Salt to taste,Green cardamons 8,Black cardamom ,Cloves ,",https://drive.google.com/file/d/1jR3STBQoAfkKOHnvdjdNXjOE5ZqtJexz/view?usp=sharing,https://d32jc9rx98ldq0.cloudfront.net/staging/inventory/compressed/restaurant-2/Veg-Biryani.jpg,,120
Veg Fried Rice,ProductType,10,"Inventory,Food,Restaurant,Rice,Vegeterian,",120,,,https://drive.google.com/file/d/1bz2y7h_zxW5FIwkPU1ouPFuPXrxVdyrI/view?usp=sharing,https://d32jc9rx98ldq0.cloudfront.net/staging/inventory/compressed/restaurant-2/Veg-Fried-Rice.jpg,,120
Roasted,ProductClass,1,"Inventory,Food,Restaurant,",,,,,https://d32jc9rx98ldq0.cloudfront.net/staging/inventory/compressed/imgs-2/ChillyCheeseroast.jpg,,
Vegeterian,ProductLine,2,"Inventory,Food,Restaurant,Roasted,",,,,,https://d32jc9rx98ldq0.cloudfront.net/staging/inventory/compressed/restaurant-2/Salad.jpg,,
NonVegeterian,ProductLine,3,"Inventory,Food,Restaurant,Roasted,",,,,,,,
Roast Papad,ProductType,4,"Inventory,Food,Restaurant,Roasted,Vegeterian,",10,,,https://drive.google.com/file/d/1DRmj-yoGkysLNLLM1wJOzO9piiVI65EZ/view?usp=sharing,https://d32jc9rx98ldq0.cloudfront.net/staging/inventory/compressed/restaurant-2/RoastPapad.jpg,,
Fry Papad,ProductType,5,"Inventory,Food,Restaurant,Roasted,Vegeterian,",20,,,https://drive.google.com/file/d/1CXp-AUOHGYhoMisfi_jKPGpu_ezSeqan/view?usp=sharing,https://d32jc9rx98ldq0.cloudfront.net/staging/inventory/compressed/restaurant-2/FryPapad.jpg,,50
Papad Roll,ProductType,6,"Inventory,Food,Restaurant,Roasted,Vegeterian,",90,,,https://drive.google.com/file/d/1f3-I7Df0DBHPnXksliqYOZFtNK7tswhW/view?usp=sharing,https://d32jc9rx98ldq0.cloudfront.net/staging/inventory/compressed/food281221/PapadRoll.jpg,,50
Papad Bhurji,ProductType,7,"Inventory,Food,Restaurant,Roasted,Vegeterian,",60,,,https://drive.google.com/file/d/11JFQvy-40nCvCVNkd3LUlkTWe55gvFNX/view?usp=sharing,https://d32jc9rx98ldq0.cloudfront.net/staging/inventory/compressed/restaurant-2/PapadBhurji.jpg,,50
Roti And Naan,ProductClass,1,"Inventory,Food,Restaurant,",,,,,https://d32jc9rx98ldq0.cloudfront.net/staging/inventory/compressed/restaurant-2/Roti.jpg,,
Vegeterian,ProductLine,2,"Inventory,Food,Restaurant,Roti And Naan,",,,,,https://d32jc9rx98ldq0.cloudfront.net/staging/inventory/compressed/restaurant-2/Salad.jpg,,
NonVegeterian,ProductLine,3,"Inventory,Food,Restaurant,Roti And Naan,",,,,,,,
Tandoori Roti,ProductType,4,"Inventory,Food,Restaurant,Roti And Naan,Vegeterian,",12,,". cups whole wheat flour,½ tablespoon oil – any neutral oil or ½ tablespoon softened butter, teaspoon salt or add as required,¾ to  cup water.",https://drive.google.com/file/d/1p6eNQrcVnNmzujXu2Tlh9MKJdIX9WyOK/view?usp=sharing,https://d32jc9rx98ldq0.cloudfront.net/staging/inventory/compressed/restaurant-2/TandooriRoti.jpg,,15
Paratha,ProductType,5,"Inventory,Food,Restaurant,Roti And Naan,Vegeterian,",17,,"whole wheat flour  cups,Salt  tsp,water / cups,ghee (clarified butter)  cups",https://drive.google.com/file/d/1TzQe_S2wAAEOYGt6H0PIyCfvU5Kmrnwx/view?usp=sharing,https://d32jc9rx98ldq0.cloudfront.net/staging/inventory/compressed/restaurant-2/Vegeterian/Paratha.jpg,,20
Jawari Roti,ProductType,6,"Inventory,Food,Restaurant,Roti And Naan,Vegeterian,",17,,"jowar flour  cups,rice flour  tbsp,hot water / cups,salt to taste  tsp",https://drive.google.com/file/d/1o8KrKrHgfcxhV2PAA7wtsQxJ5iWS6VzK/view?usp=sharing,https://d32jc9rx98ldq0.cloudfront.net/staging/inventory/compressed/restaurant-2/JawariRoti.jpg,,20
Bajari Roti,ProductType,7,"Inventory,Food,Restaurant,Roti And Naan,Vegeterian,",17,," cups Bajra Flour ,Salt , to taste,Lukewarm Water , as required.",https://drive.google.com/file/d/1Blaja7Qpz7G8b-5j3MN7dkKPXqVgNxi-/view?usp=sharing,https://d32jc9rx98ldq0.cloudfront.net/staging/inventory/compressed/restaurant-2/BajariRoti.jpg,,20
Soups,ProductClass,1,"Inventory,Food,Restaurant,",,,,,https://d32jc9rx98ldq0.cloudfront.net/staging/inventory/compressed/categoryimages3/Soup.jpg,,
Vegeterian,ProductLine,2,"Inventory,Food,Restaurant,Soups,",,,,,https://d32jc9rx98ldq0.cloudfront.net/staging/inventory/compressed/restaurant-2/Salad.jpg,,
NonVegeterian,ProductLine,3,"Inventory,Food,Restaurant,Soups,",,,,,,,
Veg Manchow Soup,ProductType,4,"Inventory,Food,Restaurant,Soups,Vegeterian,",60,," tbsp Oil, tsp Garlic, tsp Ginger,, tsp Green Chilies,½ Cups Mixed Vegetable, Cups Vegetable Stock/water, tbsp green Chili Sauce, tsp Soy sauce, tsp Vinegar,Salt to taste,½ tsp black Pepper Powder, tsp Corn Flour, (Mix with  tbsp water),Fried noodles.",https://drive.google.com/file/d/1ZHfj80mG4nonkD938YcNcqpsbo76_3Bh/view?usp=sharing,https://d32jc9rx98ldq0.cloudfront.net/staging/inventory/compressed/restaurant-2/vegManchowSoup.jpg,,80
Tomato Soup,ProductType,5,"Inventory,Food,Restaurant,Soups,Vegeterian,",60,," cups chopped fresh tomatoes, slice onion, cloves garlic, cups chicken broth, tablespoons butter, tablespoons all-purpose flour, teaspoon salt, teaspoons white sugar, or to taste.",https://drive.google.com/file/d/1qhWW38vtbUr23w3F0uYayqtGNJhxmiYf/view?usp=sharing,https://d32jc9rx98ldq0.cloudfront.net/staging/inventory/compressed/restaurant-2/Tomato-Soup.jpg,,80
Veg Hot & Sour Soup,ProductType,6,"Inventory,Food,Restaurant,Soups,Vegeterian,",60,,,https://drive.google.com/file/d/1qflrDTDVAq-39jgZpWoH-2bsNNsmbSOQ/view?usp=sharing,https://d32jc9rx98ldq0.cloudfront.net/staging/inventory/compressed/restaurant-2/Vegeterian/VegHotSourSoup.jpg,,80
Starters,ProductClass,1,"Inventory,Food,Restaurant,",,,,,https://d32jc9rx98ldq0.cloudfront.net/staging/inventory/compressed/categoryimages3/Starters.jpg,,
Vegeterian,ProductLine,2,"Inventory,Food,Restaurant,Starters,",,,,,https://d32jc9rx98ldq0.cloudfront.net/staging/inventory/compressed/restaurant-2/Salad.jpg,,
NonVegeterian,ProductLine,3,"Inventory,Food,Restaurant,Starters,",,,,,,,
Chana Chilli,ProductType,4,"Inventory,Food,Restaurant,Starters,Vegeterian,",130,,,https://drive.google.com/file/d/1YNDltsa5KWAs1klYgJSDUSiDjC_377yJ/view?usp=sharing,https://d32jc9rx98ldq0.cloudfront.net/staging/inventory/compressed/restaurant-2/Vegeterian/ChanaChilli.jpg,,
Veg Crunchy,ProductType,5,"Inventory,Food,Restaurant,Starters,Vegeterian,",130,,,https://drive.google.com/file/d/1JbF4IP87oga3A6abBI1p2fKiscph9msu/view?usp=sharing,https://d32jc9rx98ldq0.cloudfront.net/staging/inventory/compressed/restaurant-2/VegCrunchy.jpg,,120
Gobi 65,ProductType,6,"Inventory,Food,Restaurant,Starters,Vegeterian,",130,," cauliflower,salt to tast,oil to deep fry,water as needed,/ cup wheat flour / maida,/ cup rice flour,/8 cup corn flour, tsp ginger garlic paste, tbsp curd, tbsp kashmiri chilli powder, tsp garam masala powder, tsp lemon juice,/8 tsp cooking soda.",https://drive.google.com/file/d/1bDOLjyg_CzjwrGOijGJZJ1w-Aqy2eLKh/view?usp=sharing,https://d32jc9rx98ldq0.cloudfront.net/staging/inventory/compressed/restaurant-2/Gobi65.jpg,,130
Gobi Kantaki,ProductType,7,"Inventory,Food,Restaurant,Starters,Vegeterian,",130,,,,,,130
Paneer Chilli,ProductType,8,"Inventory,Food,Restaurant,Starters,Vegeterian,",150,,"""Paneer:  cup cubed,Onions:  finely sliced,Capsicum:  sliced,Green chillies: ,Garlic:  tbsp finely chopped,Corn flour:  / cup,Salt:  tsp,Black pepper powder:  tsp,Soya sauce:  tbsp,Tomato sauce:  tbsp,Red chilli sauce:  tbsp""",https://drive.google.com/file/d/1Kk0U0y2YhiaEMjyJl-zWAzSE1Y1J7mHd/view?usp=sharing,https://d32jc9rx98ldq0.cloudfront.net/staging/inventory/compressed/restaurant-2/Vegeterian/Paneerchilli.jpg,,160
Paneer 65,ProductType,9,"Inventory,Food,Restaurant,Starters,Vegeterian,",150,," grams Paneer , tablespoon Rice Flour, tablespoon gram flour (besan), tablespoon cornstarch, teaspoon green chili paste, teaspoon garlic paste, teaspoon ginger paste,½ teaspoon red chili powder,¼ to ½ teaspoon Garam Masala,¼ teaspoon lemon juice , tablespoons oil –,salt as required, tablespoons finely chopped onions, to  green chilies ,½ teaspoon finely chopped ginger,½ teaspoon finely chopped garlic, to  dry red chilies , to  pinches salt.",https://drive.google.com/file/d/18eQOtotfInWqsh70Rc6NLKcegEIaW-3Y/view?usp=sharing,https://d32jc9rx98ldq0.cloudfront.net/staging/inventory/compressed/restaurant-2/Paneer65.jpg,,150
Paneer Bhurji,ProductType,10,"Inventory,Food,Restaurant,Starters,Vegeterian,",140,," tbsp oil, tsp butter, tsp cumin, onion, tsp ginger garlic paste,¼ tsp turmeric, tsp chilli powder,½ tsp cumin powder, tsp coriander powder,¾ tsp salt, tbsp besan / gram flour, tomato,½ capsicum, cup water, grams paneer / cottage cheese ,½ tsp garam masala, tsp kasuri methi , tbsp coriander .",https://drive.google.com/file/d/1LZZA3_svXkXtLnQWAZxfqenp_2-30QI-/view?usp=sharing,https://d32jc9rx98ldq0.cloudfront.net/staging/inventory/compressed/restaurant-2/Vegeterian/PaneerBhurji.jpg,,130
Veg Manchurian,ProductType,11,"Inventory,Food,Restaurant,Starters,Vegeterian,",120,," cups grated cabbage, grated carrot, tsp maida, tsp Salt, tsp chilli sauce, tsp soya sauce, tsp tomato ketchup, tsp lemon juice, tsp sugar, capsicum, onion, tsp chopped garlic",https://drive.google.com/file/d/1JcRpKUkGtHAU_F6awJQH4SDEVFXNNJY_/view?usp=sharing,https://d32jc9rx98ldq0.cloudfront.net/staging/inventory/compressed/restaurant-2/VegManchurian.jpg,,120
Veg Lolipop,ProductType,12,"Inventory,Food,Restaurant,Starters,Vegeterian,",120,,,https://drive.google.com/file/d/1j4XskVsyWexf_t2k5kwlXKabSsGzfjrR/view?usp=sharing,https://d32jc9rx98ldq0.cloudfront.net/staging/inventory/compressed/restaurant-2/VegLolipop.jpg,,
Green Peas Roast,ProductType,13,"Inventory,Food,Restaurant,Starters,Vegeterian,",60,,,https://drive.google.com/file/d/1OVtA1QhP_BF2UsebaO5PYv3EdwyUHpmF/view?usp=sharing,https://d32jc9rx98ldq0.cloudfront.net/staging/inventory/compressed/restaurant-2/GreenPeasRoast.jpg,,60
Chana Roast,ProductType,14,"Inventory,Food,Restaurant,Starters,Vegeterian,",70,,,https://drive.google.com/file/d/1VwIaIOqpwZcXMFxcjxhg4ORhmIWHfk3Q/view?usp=sharing,https://d32jc9rx98ldq0.cloudfront.net/staging/inventory/compressed/restaurant-2/ChanaRoast.jpg,,80
Chana Fry,ProductType,15,"Inventory,Food,Restaurant,Starters,Vegeterian,",60,,,https://drive.google.com/file/d/1RFS1DNPZQpWE-68Jhzmt8L7N6myxbdTT/view?usp=sharing,https://d32jc9rx98ldq0.cloudfront.net/staging/inventory/compressed/restaurant-2/ChanaFry.jpg,,60
Green Peas Fry,ProductType,16,"Inventory,Food,Restaurant,Starters,Vegeterian,",60,,,https://drive.google.com/file/d/1Hr8ztF92nJfQjpSmi7y2FQp6nu-evO40/view?usp=sharing,https://d32jc9rx98ldq0.cloudfront.net/staging/inventory/compressed/restaurant-2/GreenPeasFry.jpg,,60
Soyabean Chilli,ProductType,17,"Inventory,Food,Restaurant,Starters,Vegeterian,",120,,Soyabean Chilli,https://drive.google.com/file/d/16JREf59QBqZODVgLSOHfRbMQX0HiIpvl/view?usp=sharing,https://d32jc9rx98ldq0.cloudfront.net/staging/inventory/compressed/restaurant-2/SoyabeanChilli.jpg,,
Soyabean Roast,ProductType,18,"Inventory,Food,Restaurant,Starters,Vegeterian,",80,,,https://drive.google.com/file/d/1kyP3UX3RO5K8__8zfLlJoGx_1pkW-wGM/view?usp=sharing,https://d32jc9rx98ldq0.cloudfront.net/staging/inventory/compressed/restaurant-2/SoyabeanRoast.jpg,,100
Matki Fry,ProductType,19,"Inventory,Food,Restaurant,Starters,Vegeterian,",50,,",cup Ankurit moth,/ cup Onion chopped,/ cup Tomato chopped, tsp Green chilli chopped,/ tsp Turmeric powder, tbsp Coriander chilli powder  tspoon,as per taste Salt, cup Water, tbsp Coriander, tbsp Oil.",https://drive.google.com/file/d/1wRz1Wq71HsdPwf6VK_T6eNbhILB5XxLr/view?usp=sharing,https://d32jc9rx98ldq0.cloudfront.net/staging/inventory/compressed/restaurant-2/Vegeterian/MatkiFry.jpg,,60
Veg Pakoda,ProductType,20,"Inventory,Food,Restaurant,Starters,Vegeterian,",80,," grams onion, chilli , tbsp coriander, tsp chilli powder,¼ tsp turmeric,¼ tsp cumin powder,¼ tsp ajwain, tsp ginger paste,¾ tsp salt,½ cup besan / gram flour,¼ cup rice flour,oil (for frying).",https://drive.google.com/file/d/1nZECSaGTjOsbjZFaCg0dQdISLgxim1qT/view?usp=sharing,https://d32jc9rx98ldq0.cloudfront.net/staging/inventory/compressed/restaurant-2/Veg-Pakoda.jpg,,100
Kanda Pakoda,ProductType,21,"Inventory,Food,Restaurant,Starters,Vegeterian,",50,," grams onion, chilli , tbsp coriander, tsp chilli powder,¼ tsp turmeric,¼ tsp cumin powder,¼ tsp ajwain, tsp ginger paste,¾ tsp salt,½ cup besan / gram flour,¼ cup rice flour,oil (for frying).",https://drive.google.com/file/d/1clYZjpb4gur6hHQAigvPsDg4bearEZkd/view?usp=sharing,PaneerSagwala,,60
Chilli Cut Pakoda,ProductType,22,"Inventory,Food,Restaurant,Starters,Vegeterian,",50,,,https://drive.google.com/file/d/1IwEFAhrcfKvdgWoGT55sWrpc_I-kYk0T/view?usp=sharing,https://d32jc9rx98ldq0.cloudfront.net/staging/inventory/compressed/restaurant-2/ChillicutPakoda.jpg,,
Paneer Pakoda,ProductType,23,"Inventory,Food,Restaurant,Starters,Vegeterian,",130,," to  grams Paneer , cup besan, pinch turmeric powder, to  pinches red chili powder, pinch asafoetida (hing), to  pinches Garam Masala,½ teaspoon carom seeds (ajwain),⅔ to ¾ cup water or as required.",https://drive.google.com/file/d/1GXXvajp0oAFz1nuXU7rs31No579wKwgl/view?usp=sharing,https://d32jc9rx98ldq0.cloudfront.net/staging/inventory/compressed/restaurant-2/PaneerPakoda.jpg,,120
Soyabean Fry,ProductType,24,"Inventory,Food,Restaurant,Starters,Vegeterian,",80,," cup soya chunks,. to  cups water, pinch salt, inch cinnamon, cloves, green cardamom, cup thinly sliced onions, teaspoon finely chopped ginger, teaspoon finely chopped garlic, to  curry leaves, to  green chillies,½ cup finely chopped tomatoes,¼ teaspoon turmeric powder.",https://drive.google.com/file/d/1yeQta5qvP54FwQW3ZecQX2CKGKMIr9w1/view?usp=sharing,https://d32jc9rx98ldq0.cloudfront.net/staging/inventory/compressed/restaurant-2/SoyabeanFry.jpg,,90
Harabhara Kabab,ProductType,25,"Inventory,Food,Restaurant,Starters,Vegeterian,",130,,,https://drive.google.com/file/d/1BrPwx-w-1MjPfTMaqxvQ8dO_Ru7736Ex/view?usp=sharing,https://d32jc9rx98ldq0.cloudfront.net/staging/inventory/compressed/restaurant-2/Vegeterian/HaraBharaKabab.jpg,,120
Non-Vegeterian Entree,ProductClass,1,"Inventory,Food,Restaurant,",,,,,https://d32jc9rx98ldq0.cloudfront.net/staging/inventory/compressed/categoryimages3/NonVegetarian.jpg,,
NonVegeterian,ProductLine,2,"Inventory,Food,Restaurant,Non-Vegeterian Entree,",,,,,,,
Vegeterian,ProductLine,3,"Inventory,Food,Restaurant,Non-Vegeterian Entree,",,,,,,,
Chicken Curry,ProductType,4,"Inventory,Food,Restaurant,Non-Vegeterian Entree,NonVegeterian,",170,," gms Chicken, tbsp coriander powder, onions thinly sliced, tsp Garlic paste,salt as required, tbsp ghee, cup water, tbsp ghee,½ cup Yoghurt, tsp Ginger Paste, tsp red chilli powder,
 Tomatoes finely chopped, tsp Garam masala powder,½ tsp turmeric,etc.",https://drive.google.com/file/d/1dU5-tSB4k1PcuEGJMCv4sWBNDgUrp2y5/view?usp=sharing,https://d32jc9rx98ldq0.cloudfront.net/staging/inventory/compressed/restaurant-2/ChickenCurry.jpg,,170
Chicken Masala,ProductType,5,"Inventory,Food,Restaurant,Non-Vegeterian Entree,NonVegeterian,",170,," gms Chicken, tbsp coriander powder, onions thinly sliced, tsp Garlic paste,salt as required, tbsp ghee, cup water, tbsp ghee,½ cup Yoghurt, tsp Ginger Paste, tsp red chilli powder,
 Tomatoes finely chopped, tsp Garam masala powder,½ tsp turmeric,etc.",https://drive.google.com/file/d/16eM27vE_lLNM8GKZT5a35PjfaUi0laY9/view?usp=sharing,https://d32jc9rx98ldq0.cloudfront.net/staging/inventory/compressed/restaurant-2/ChickenMasala.jpg,,170
Chicken Hyderabadi,ProductType,6,"Inventory,Food,Restaurant,Non-Vegeterian Entree,NonVegeterian,",170,,,https://drive.google.com/file/d/1v4gBn4uLZGTEhpGbM-qIe35AV4AXhdBO/view?usp=sharing,https://d32jc9rx98ldq0.cloudfront.net/staging/inventory/compressed/restaurant-3/ChickenHyderabadi.jpg,,180
Butter Chicken,ProductType,7,"Inventory,Food,Restaurant,Non-Vegeterian Entree,NonVegeterian,",170,,,https://drive.google.com/file/d/13BFw9Vk7UW7grE4fxHCmBswFC3wSG4uf/view?usp=sharing,https://d32jc9rx98ldq0.cloudfront.net/staging/inventory/compressed/restaurant-2/ButterChicken.jpg,,200
Mutton Handi,ProductType,8,"Inventory,Food,Restaurant,Non-Vegeterian Entree,NonVegeterian,",800,," kilograms lamb, handful mint, tablespoon yoghurt (curd), teaspoon red chilli powder, black cardamom, tablespoon garlic paste, teaspoon coriander powder,/ cup onion, tablespoon mustard oil, teaspoon turmeric, green cardamom, teaspoon ginger paste, teaspoon garam masala powder,salt as required",https://drive.google.com/file/d/1cDgJjzfBznwA7SQ2sVr2-m7bkYjS25MQ/view?usp=sharing,https://d32jc9rx98ldq0.cloudfront.net/staging/inventory/compressed/restaurant-2/MuttonHandi.jpg,,
Full Mutton Handi,ProductUnit,9,"Inventory,Food,Restaurant,Non-Vegeterian Entree,NonVegeterian,Mutton Handi,",800,," kilograms lamb, handful mint, tablespoon yoghurt (curd), teaspoon red chilli powder, black cardamom, tablespoon garlic paste, teaspoon coriander powder,/ cup onion, tablespoon mustard oil, teaspoon turmeric, green cardamom, teaspoon ginger paste, teaspoon garam masala powder,salt as required",https://drive.google.com/file/d/1SrQJV5nUYqC3QEi-RXA8iH-nqnXKGMvC/view?usp=sharing,https://d32jc9rx98ldq0.cloudfront.net/staging/inventory/compressed/food281221/FullMuttonHandi.jpg,,
Half Mutton Handi,ProductUnit,10,"Inventory,Food,Restaurant,Non-Vegeterian Entree,NonVegeterian,Mutton Handi,",400,," gm  lamb, handful mint, tablespoon yoghurt (curd), teaspoon red chilli powder, black cardamom, tablespoon garlic paste, teaspoon coriander powder,/ cup onion, tablespoon mustard oil, teaspoon turmeric, green cardamom, teaspoon ginger paste, teaspoon garam masala powder,salt as required",https://drive.google.com/file/d/1OI2C6NPASv-MV-GZ85hBfCgURsuwj58m/view?usp=sharing,https://d32jc9rx98ldq0.cloudfront.net/staging/inventory/compressed/food281221/HalfMuttonHandi.jpg,,450
Anda Curry,ProductType,11,"Inventory,Food,Restaurant,Non-Vegeterian Entree,NonVegeterian,",90,," Hard-Boiled Eggs,tbsp Salt,tbsp Kashmiri Chilli Powder, Large Chopped Onion,tbsp Tamarind Pulp,tbsp Coriander Powder,tbsp Garam Masala,/tbsp Turmeric Powder,tbsp Coriander",https://drive.google.com/file/d/1BCryV9DFuzGTHFf0DaHehExwimD3aw2Z/view?usp=sharing,https://d32jc9rx98ldq0.cloudfront.net/staging/inventory/compressed/restaurant-2/AndaCurry.jpg,,110
Anda Masala,ProductType,12,"Inventory,Food,Restaurant,Non-Vegeterian Entree,NonVegeterian,",100,,""" Hard-Boiled Eggs,tbsp Salt,tbsp Kashmiri Chilli Powder, Large Chopped Onion,tbsp Tamarind Pulp,tbsp Coriander Powder,tbsp Garam Masala,/tbsp Turmeric Powder,tbsp Coriander.""",https://drive.google.com/file/d/1ruyqh4BzDk0Hn3FZUODOaqkf6of1dh_p/view?usp=sharing,https://d32jc9rx98ldq0.cloudfront.net/staging/inventory/compressed/restaurant-2/AndaMasala.jpg,,110
Chicken Chilli,ProductType,4,"Inventory,Food,Restaurant,Starters,NonVegeterian,",170,," chicken breasts, teaspoon salt,½ teaspoon pepper, egg, beaten,¾ cup flour( g), green pepper, sliced, red pepper, sliced,",https://drive.google.com/file/d/1zccr03DUmOBDqoID5-I1IkcG9nR33fue/view?usp=sharing,https://d32jc9rx98ldq0.cloudfront.net/staging/inventory/compressed/restaurant-2/ChickenChilli.jpg,,170
Chicken 65,ProductType,5,"Inventory,Food,Restaurant,Starters,NonVegeterian,",170,,"gm chicken Pcs , teaspoon salt,½ teaspoon chili powder, teaspoon chopped garli, teaspoon finely chopped green chile peppers, tablespoons cornstarch,etc",https://drive.google.com/file/d/1KiB00yMYljrQJTd8pi_-yERqqS-9omgS/view?usp=sharing,https://d32jc9rx98ldq0.cloudfront.net/staging/inventory/compressed/restaurant-2/Chicken65.jpg,,170
Chicken Roast,ProductType,6,"Inventory,Food,Restaurant,Starters,NonVegeterian,",170,,"""Chicken (whole chicken  nos,Celery Stalks (cut ”) - nos,Salt  pinch,tandoori masala  tsp,Margarine/Butter  tbsp,Lemon juice  tsp,Garlic paste  tbsp,Black pepper / tsp""",https://drive.google.com/file/d/1_2ioZ2iJUQoMFs82njgSzHgNZddOQtlY/view?usp=sharing,https://d32jc9rx98ldq0.cloudfront.net/staging/inventory/compressed/restaurant-2/ChickenRoast.jpg,,
Chicken Kantaki,ProductType,7,"Inventory,Food,Restaurant,Starters,NonVegeterian,",170,,,https://drive.google.com/file/d/16TVqnnObmBwYE1iaDi7FC1Wn8G293TW8/view?usp=sharing,https://d32jc9rx98ldq0.cloudfront.net/staging/inventory/compressed/restaurant-2/ChickenKantaki.jpg,,170
Chicken Manchurian,ProductType,8,"Inventory,Food,Restaurant,Starters,NonVegeterian,",170,,"""gravy :garlic cloves - nos,onion roughly chopped  nos,capsicum diced  nos,soya sauce  tsp,green chilli sauce  tsp,spring onionschopped  cups,cornflour mixed in  tbsp water  tbsp,chicken cubes  gms,maida - tbsp""",https://drive.google.com/file/d/1bda5swwEFGvjQlk_NAqTfTgkbaWFSX_V/view?usp=sharing,https://d32jc9rx98ldq0.cloudfront.net/staging/inventory/compressed/restaurant-2/ChickenManchurian.jpg,,170
Mutton Fry,ProductType,9,"Inventory,Food,Restaurant,Starters,NonVegeterian,",170,,"salt / tsp,Oil  ml,onion  gms,ginger  gms,Chilly  gms,Pepper powder / tsp,chicken masala / tsp,Mutton gms",https://drive.google.com/file/d/19UlcaHpNTF7E8S6xFlTvhyUuq3L1fZAq/view?usp=sharing,https://d32jc9rx98ldq0.cloudfront.net/staging/inventory/compressed/restaurant-2/MuttonFry.jpg,,170
Mutton Roast,ProductType,10,"Inventory,Food,Restaurant,Starters,NonVegeterian,",170,,"""Garlic Cloves,crushed  nos,ginger  inch,Whole Garam Masala  tsp,Bay Leaf  nos,Black Pepper Corns - nos,Ghee tsp,Onion,big,sliced  nos,Atta  tsp,Sugar / tsp,Mutton Boneless  gms""",https://drive.googlhttps://drive.google.com/file/d/1043hKbfvZ_d7gnSlFrg-QM9JL6R2nii7/view?usp=sharinge.com/file/d/1UwfNcMtmAMtZX-3Y6TvfUn3tpvJK-dnZ/view?usp=sharing,https://d32jc9rx98ldq0.cloudfront.net/staging/inventory/compressed/restaurant-2/MuttonRoast.jpg,,
Anda Bhurji,ProductType,11,"Inventory,Food,Restaurant,Starters,NonVegeterian,",60,,"""Chop Green Chili  nos,Chop Garlic Cloves  nos,Chop Green Dhaniya  tsp,Salt,to taste  tsp,Red Chili Powder / tsp,Haldi  pinch,Garam Masala  pinch,Milk  tsp,Eggs  nos
",https://drive.google.com/file/d/1wi9l6ECzOYiNdYtzPD6dpatQrKA0pKSR/view?usp=sharing,https://d32jc9rx98ldq0.cloudfront.net/staging/inventory/compressed/restaurant-2/AndaBhurji.jpg,,70
Anda Boiled,ProductType,12,"Inventory,Food,Restaurant,Starters,NonVegeterian,",25,,,https://drive.google.com/file/d/1R2cpOkX8atBRfju0KFio8D2QvGkvFSJd/view?usp=sharing,https://d32jc9rx98ldq0.cloudfront.net/staging/inventory/compressed/restaurant-4/AndaBoiled.jpg,,
Anda Fry,ProductType,13,"Inventory,Food,Restaurant,Starters,NonVegeterian,",50,,,https://drive.google.com/file/d/1FBd7AJEge6OjGzOd_M2uXL1gTXR0Dskh/view?usp=sharing,https://d32jc9rx98ldq0.cloudfront.net/staging/inventory/compressed/restaurant-2/AndaFry.jpeg,,
Half Fry,ProductType,14,"Inventory,Food,Restaurant,Starters,NonVegeterian,",50,,#NAME?,https://drive.google.com/file/d/1jE7Tf43Ju2_5P-UHRFVKLvrx0PL6MTy_/view?usp=sharing,https://d32jc9rx98ldq0.cloudfront.net/staging/inventory/compressed/restaurant-2/HalfFry.jpg,,
Omlett,ProductType,15,"Inventory,Food,Restaurant,Starters,NonVegeterian,",60,,"Egg - nos,small Onion  nos,chillies  nos,Salt,etc",https://drive.google.com/file/d/19oJBvka1bLryUwAC3ib4Ak41JURxv7YM/view?usp=sharing,https://d32jc9rx98ldq0.cloudfront.net/staging/inventory/compressed/restaurant-4/Omlett.jpg,,60
