label,nodeType,order,path,price,description,link,imageLink,Zomato,Swiggy
Grilled Sandwich,ProductClass,1,"Inventory,Food,Restaurant,",,,https://drive.google.com/file/d/1SlsTlyhf9GK7x2o6o_bFGOjVDKwulYzN/view?usp=sharing,https://d32jc9rx98ldq0.cloudfront.net/staging/inventory/compressed/img/GrilledSandwich.jpg,,
Vegeterian,ProductLine,2,"Inventory,Food,Restaurant,Grilled Sandwich,",,,,https://d32jc9rx98ldq0.cloudfront.net/staging/inventory/compressed/restaurant-2/Salad.jpg,,
NonVegeterian,ProductLine,3,"Inventory,Food,Restaurant,Grilled Sandwich,",,,,https://d32jc9rx98ldq0.cloudfront.net/staging/inventory/compressed/categoryimages3/NonVegetarian.jpg,,
Veg Delight Sandwich,ProductType,4,"Inventory,Food,Restaurant,Grilled Sandwich,Vegeterian,",70,,https://drive.google.com/file/d/1YGCqH46Ate7QwzPSAJdas5q1zLgOOYCt/view?usp=sharing,https://d32jc9rx98ldq0.cloudfront.net/staging/inventory/compressed/food20220506/VegDelightSandwich.jpg,,90
Veg Supreme Sandwich,ProductType,5,"Inventory,Food,Restaurant,Grilled Sandwich,Vegeterian,",80,,https://drive.google.com/file/d/1SCMG-_bNYktS9nnQsQns8BnvKbPBSesQ/view?usp=sharing,https://d32jc9rx98ldq0.cloudfront.net/staging/inventory/compressed/food20220506/VegSupremeSandwich.jpg,,90
Veg Schezwan Sandwich,ProductType,6,"Inventory,Food,Restaurant,Grilled Sandwich,Vegeterian,",75,,https://drive.google.com/file/d/15tjRXJuVEEJRSMmnG2lew9n_egYMZaTv/view?usp=sharing,https://d32jc9rx98ldq0.cloudfront.net/staging/inventory/compressed/restaurant-2/Veg-Schezwan-Sandwich.jpg,,90
Jain Sandwich,ProductType,7,"Inventory,Food,Restaurant,Grilled Sandwich,Vegeterian,",75,,https://drive.google.com/file/d/1AuwYs5xmW5DzQQZ8h2sa8yNAbfwWFdYQ/view?usp=sharing,https://d32jc9rx98ldq0.cloudfront.net/staging/inventory/compressed/food20220217/JainSandwich.jpg,,90
Corn Delight Sandwich,ProductType,8,"Inventory,Food,Restaurant,Grilled Sandwich,Vegeterian,",75,,https://drive.google.com/file/d/1XM3EbN8ysrJMCbsmkcL4sTGenC9DlSMN/view?usp=sharing,https://d32jc9rx98ldq0.cloudfront.net/staging/inventory/compressed/food20220506/CornDelightSandwich.jpg,90,90
Paneer Delight Sandwich,ProductType,9,"Inventory,Food,Restaurant,Grilled Sandwich,Vegeterian,",90,,https://drive.google.com/file/d/1MGqzVGXD9HCISMxvDuPzHLD_cfrVfN4H/view?usp=sharing,https://d32jc9rx98ldq0.cloudfront.net/staging/inventory/compressed/food20220506/PaneerDelightSandwich.jpg,120,120
Exotic Paneer Tikka Sandwich Spicy,ProductType,10,"Inventory,Food,Restaurant,Grilled Sandwich,Vegeterian,",110,,https://drive.google.com/file/d/1zghgnT2x4mD7OYKmFmneUmpzSZxerHQs/view?usp=sharing,https://d32jc9rx98ldq0.cloudfront.net/staging/inventory/compressed/food01062022/ExoticPaneerTikkaSandwichSpicy.jpg,,
Paneer Bbq Sandwich,ProductType,11,"Inventory,Food,Restaurant,Grilled Sandwich,Vegeterian,",100,,https://drive.google.com/file/d/15WjPG099k4cJPF0vVFzdbJE0KW29-NOa/view?usp=sharing,https://d32jc9rx98ldq0.cloudfront.net/staging/inventory/compressed/food20220524/PaneerBbqSandwich.jpg,120,120
Veg Pasta Sandwich,ProductType,12,"Inventory,Food,Restaurant,Grilled Sandwich,Vegeterian,",90,,https://drive.google.com/file/d/1u5iKsJlKbZmf1kp1GLifCdn7xLs_AoIG/view?usp=sharing,https://d32jc9rx98ldq0.cloudfront.net/staging/inventory/compressed/food20220524/VegPastaSandwich.jpg,,
Garlic Cheese Chilli Sandwich,ProductType,13,"Inventory,Food,Restaurant,Grilled Sandwich,Vegeterian,",90,,https://drive.google.com/file/d/1_xpiIYgItNHmqPIQg1agPlj7vHg4Hbzw/view?usp=sharing,https://d32jc9rx98ldq0.cloudfront.net/staging/inventory/compressed/food1415062022/GarlicCheeseChilliSandwich.jpg,100,
Garlic Cheese Corn Sandwich,ProductType,14,"Inventory,Food,Restaurant,Grilled Sandwich,Vegeterian,",90,,https://drive.google.com/file/d/1WYAhZhchkqNQG6653I4kgNhADQ6LWZRP/view?usp=sharing,https://d32jc9rx98ldq0.cloudfront.net/staging/inventory/compressed/food1415062022/GarlicCheeseCornSandwich.jpg,,
Jumbo Veg Sandwich Spicy,ProductType,15,"Inventory,Food,Restaurant,Grilled Sandwich,Vegeterian,",120,,https://drive.google.com/file/d/1ghHffMWL9Es5ctcOuhbwcx_PDaYnJwdc/view?usp=sharing,https://d32jc9rx98ldq0.cloudfront.net/staging/inventory/compressed/food20220524/JumboVegSandwichSpicy.jpg,,
Jumbo Paneer Sandwich,ProductType,16,"Inventory,Food,Restaurant,Grilled Sandwich,Vegeterian,",150,,https://drive.google.com/file/d/116J4FPCP6hYgVSkNftKOj4L5TjSL5A0G/view?usp=sharing,https://d32jc9rx98ldq0.cloudfront.net/staging/inventory/compressed/food20220524/JumboPaneerSandwich.jpg,,
Chocolate Sandwich,ProductType,17,"Inventory,Food,Restaurant,Grilled Sandwich,Vegeterian,",90,,https://drive.google.com/file/d/1Eg5xgm79V5-0vaW7QEk45JaQ6CPTSpRh/view?usp=sharing,https://d32jc9rx98ldq0.cloudfront.net/staging/inventory/compressed/restaurant-2/ChocolateSandwich.jpg,109,90
Plain Cheese Sandwich,ProductType,18,"Inventory,Food,Restaurant,Grilled Sandwich,Vegeterian,",80,,https://drive.google.com/file/d/1xXInVJvZ5xAn-OhnMMF5dZkYHUqSbwTF/view?usp=sharing,https://d32jc9rx98ldq0.cloudfront.net/staging/inventory/compressed/img/PlainCheeseSandwich.jpg,109,90
Add On,ProductClass,1,"Inventory,Food,Restaurant,",,,,,,
Vegeterian,ProductLine,2,"Inventory,Food,Restaurant,Add On,",,,,https://d32jc9rx98ldq0.cloudfront.net/staging/inventory/compressed/restaurant-2/Salad.jpg,,
NonVegeterian,ProductLine,3,"Inventory,Food,Restaurant,Add On,",,,,https://d32jc9rx98ldq0.cloudfront.net/staging/inventory/compressed/categoryimages3/NonVegetarian.jpg,,
Extra Cheese Slice,ProductType,4,"Inventory,Food,Restaurant,Add On,Vegeterian,",25,,,https://d32jc9rx98ldq0.cloudfront.net/staging/inventory/compressed/restaurant7/ExtraCheeseSlice.jpg,,
Extra Garlic Butter,ProductType,5,"Inventory,Food,Restaurant,Add On,Vegeterian,",15,,https://drive.google.com/file/d/1UrzXz15GpTORF4_JGgoS5L6q8Bm49ZSv/view?usp=sharing,https://d32jc9rx98ldq0.cloudfront.net/staging/inventory/compressed/food1415062022/ExtraGarlicButter.jpg,,
Extra Sauce,ProductType,6,"Inventory,Food,Restaurant,Add On,Vegeterian,",15,,https://drive.google.com/file/d/1puXuuj4agqy0T5T30eB5gqgCMvuuy98K/view?usp=sharing,https://d32jc9rx98ldq0.cloudfront.net/staging/inventory/compressed/food1415062022/ExtraSauce.jpg,,
Extra Dips,ProductType,7,"Inventory,Food,Restaurant,Add On,Vegeterian,",20,,,,,
Extra Vanilla Ice Cream,ProductType,8,"Inventory,Food,Restaurant,Add On,Vegeterian,",30,,https://drive.google.com/file/d/1QuQ561mWsXvUU0Z-Z9Bqu0wQLzZhB-M4/view?usp=sharing,https://d32jc9rx98ldq0.cloudfront.net/staging/inventory/compressed/food1415062022/ExtraVanillaIceCream.jpg,,
Extra Mozzarella Cheese,ProductType,9,"Inventory,Food,Restaurant,Add On,Vegeterian,",40,,https://drive.google.com/file/d/1zATvZXyUtftDrXF9vtKGuPtlCChsz7uY/view?usp=sharing,https://d32jc9rx98ldq0.cloudfront.net/staging/inventory/compressed/food1415062022/ExtraMozzarellaCheese.jpg,,
Extra Chocolate,ProductType,10,"Inventory,Food,Restaurant,Add On,Vegeterian,",30,,,,,
Pizza,ProductClass,1,"Inventory,Food,Restaurant,",,,,https://d32jc9rx98ldq0.cloudfront.net/staging/inventory/compressed/food1/pizza.jpg,,
Vegeterian,ProductLine,2,"Inventory,Food,Restaurant,Pizza,",,,,https://d32jc9rx98ldq0.cloudfront.net/staging/inventory/compressed/restaurant-2/Salad.jpg,,
NonVegeterian,ProductLine,3,"Inventory,Food,Restaurant,Pizza,",,,,https://d32jc9rx98ldq0.cloudfront.net/staging/inventory/compressed/categoryimages3/NonVegetarian.jpg,,
Garden Fresh Pizza,ProductType,4,"Inventory,Food,Restaurant,Pizza,Vegeterian,",120,,https://drive.google.com/file/d/1Rrwx9EQ-PbDQXsa89pKQpSkjdDq8reiL/view?usp=sharing,https://d32jc9rx98ldq0.cloudfront.net/staging/inventory/compressed/food1415062022/GardenFreshPizza.jpg,,130
Corn Delight Pizza,ProductType,5,"Inventory,Food,Restaurant,Pizza,Vegeterian,",130,,https://drive.google.com/file/d/1wFyVFPU8eXno17UzpEVn6qnFH49OZJWR/view?usp=sharing,https://d32jc9rx98ldq0.cloudfront.net/staging/inventory/compressed/restaurant-6/cheesecorndelight.jpg,,
Veg Chilli Pizza Spicy,ProductType,6,"Inventory,Food,Restaurant,Pizza,Vegeterian,",130,,https://drive.google.com/file/d/1zXw570TLvbM-6mImkTEbmQnWN-Efj1rI/view?usp=sharing,https://d32jc9rx98ldq0.cloudfront.net/staging/inventory/compressed/food20220524/VegChilliPizzaSpicy.jpg,,
Supreme Veg Pizza,ProductType,7,"Inventory,Food,Restaurant,Pizza,Vegeterian,",140,,https://drive.google.com/file/d/1S1fahPN-qmxcF9JCagOLmFRGOSJfgW_W/view?usp=sharing,https://d32jc9rx98ldq0.cloudfront.net/staging/inventory/compressed/restaurant-6/SupremeVegPizza.jpg,,
Exotic Veg Pizza,ProductType,8,"Inventory,Food,Restaurant,Pizza,Vegeterian,",155,,https://drive.google.com/file/d/1eec-zW9f2kNn6h_G5F3_UshK2UYig4Qv/view?usp=sharing,https://d32jc9rx98ldq0.cloudfront.net/staging/inventory/compressed/food1415062022/ExoticVegPizza.jpg,,179
Paneer Delight Pizza,ProductType,9,"Inventory,Food,Restaurant,Pizza,Vegeterian,",160,,https://drive.google.com/file/d/1ml-oy5T8TnUfAkelkjJFX-N-s-eKoA-u/view?usp=sharing,https://d32jc9rx98ldq0.cloudfront.net/staging/inventory/compressed/restaurant-4/PaneerDelightPizza.jpg,,189
Tikka Paneer Pizza,ProductType,10,"Inventory,Food,Restaurant,Pizza,Vegeterian,",170,,https://drive.google.com/file/d/1aYqCIgNe-hLg11pI_w3dxJYCJRascWza/view?usp=sharing,https://d32jc9rx98ldq0.cloudfront.net/staging/inventory/compressed/food20220524/TikkaPaneerPizza.jpg,,
Bbq Paneer Pizza,ProductType,11,"Inventory,Food,Restaurant,Pizza,Vegeterian,",170,,https://drive.google.com/file/d/1CcLULw0Gr1boLHdEVuP4083WiByLHU5Z/view?usp=sharing,https://d32jc9rx98ldq0.cloudfront.net/staging/inventory/compressed/food1415062022/BbqPaneerPizza.jpg,,
Mexican Paneer Pizza Spicy,ProductType,12,"Inventory,Food,Restaurant,Pizza,Vegeterian,",170,,https://drive.google.com/file/d/1mC4SXNLqMHcZJBuga3F-Z7dGOkwCj1fs/view?usp=sharing,https://d32jc9rx98ldq0.cloudfront.net/staging/inventory/compressed/food20220524/MexicanPaneerPizzaSpicy.jpg,,
Double Cheese Margherita Pizza,ProductType,13,"Inventory,Food,Restaurant,Pizza,Vegeterian,",150,,https://drive.google.com/file/d/1fv3et6TLCk7ql0kdHgT_kz66L4kRK9IH/view?usp=sharing,https://d32jc9rx98ldq0.cloudfront.net/staging/inventory/compressed/img/DoubleCheeseMargheritaPizza.jpg,,
Pasta Veg Pizza,ProductType,14,"Inventory,Food,Restaurant,Pizza,Vegeterian,",180,,https://drive.google.com/file/d/1UqzKK8IZdDZYk7pMAfrHVX3f8xqWrAXe/view?usp=sharing,https://d32jc9rx98ldq0.cloudfront.net/staging/inventory/compressed/food20220524/PastaVegPizza.jpg,,
Exotic Paneer & Corn Pizza,ProductType,15,"Inventory,Food,Restaurant,Pizza,Vegeterian,",185,,https://drive.google.com/file/d/1Izo82J4UkEbzRutbeGSYCC2MSmcM1qSF/view?usp=sharing,https://d32jc9rx98ldq0.cloudfront.net/staging/inventory/compressed/food1415062022/ExoticPaneerCornPizza.jpg,,
Exotic Veg & Cheese Pizza Spicy,ProductType,16,"Inventory,Food,Restaurant,Pizza,Vegeterian,",185,,https://drive.google.com/file/d/16_Bvvbnp8ua1d0hmbx0lE312yda8JgCI/view?usp=sharing,https://d32jc9rx98ldq0.cloudfront.net/staging/inventory/compressed/food1415062022/ExoticVegCheesePizzaSpicy.jpg,,
Burgers,ProductClass,1,"Inventory,Food,Restaurant,",,,,https://d32jc9rx98ldq0.cloudfront.net/staging/inventory/compressed/restaurant-2/Burger.jpg,,
Vegeterian,ProductLine,2,"Inventory,Food,Restaurant,Burgers,",,,,https://d32jc9rx98ldq0.cloudfront.net/staging/inventory/compressed/restaurant-2/Salad.jpg,,
NonVegeterian,ProductLine,3,"Inventory,Food,Restaurant,Burgers,",,,,https://d32jc9rx98ldq0.cloudfront.net/staging/inventory/compressed/categoryimages3/NonVegetarian.jpg,,
My Onionwala Burger,ProductType,4,"Inventory,Food,Restaurant,Burgers,Vegeterian,",60,,,,89,
My Onionwala Cheese Burger,ProductType,5,"Inventory,Food,Restaurant,Burgers,Vegeterian,",80,,,,,
Veggie Fiesta Burger,ProductType,6,"Inventory,Food,Restaurant,Burgers,Vegeterian,",80,,https://drive.google.com/file/d/1srdrsQTe8sSmjejLoa6jJdFLVIXi8ZmV/view?usp=sharing,https://d32jc9rx98ldq0.cloudfront.net/staging/inventory/compressed/food20220524/VeggieFiestaBurger.jpg,109,90
Veggie n Chips Burger,ProductType,7,"Inventory,Food,Restaurant,Burgers,Vegeterian,",90,,https://drive.google.com/file/d/1rm7Qr52JT6dA2WdSX9TrMuupG6yDKUtt/view?usp=sharing,https://d32jc9rx98ldq0.cloudfront.net/staging/inventory/compressed/food20220524/VeggienChipsBurger.jpg,,
Veggie Fiesta Cheese Burger,ProductType,8,"Inventory,Food,Restaurant,Burgers,Vegeterian,",100,,https://drive.google.com/file/d/1SC8PBzwP025l77_9ax9QMQtMWKrgNNg6/view?usp=sharing,https://d32jc9rx98ldq0.cloudfront.net/staging/inventory/compressed/food20220524/VeggieFiestaCheeseBurger.jpg,129,
Veg Corn n Cheese Burger,ProductType,9,"Inventory,Food,Restaurant,Burgers,Vegeterian,",110,,https://drive.google.com/file/d/1cf3Geg5bkfJKOT_qd6SUmbFYRR1SGjfS/view?usp=sharing,https://d32jc9rx98ldq0.cloudfront.net/staging/inventory/compressed/food20220524/VegCornnCheeseBurger.jpg,,
Paneer Fiesta Burger,ProductType,10,"Inventory,Food,Restaurant,Burgers,Vegeterian,",130,,,,169,150
Jumbo Veg Burger,ProductType,11,"Inventory,Food,Restaurant,Burgers,Vegeterian,",120,,https://drive.google.com/file/d/191ZikzZIGbd9EH9pmK72KZ1uaAifaZa4/view?usp=sharing,https://d32jc9rx98ldq0.cloudfront.net/staging/inventory/compressed/food20220524/JumboVegBurger.jpg,,150
Exotic Toasty Cheese Burger,ProductType,12,"Inventory,Food,Restaurant,Burgers,Vegeterian,",140,,,,,
Pasta,ProductClass,1,"Inventory,Food,Restaurant,",,,,https://d32jc9rx98ldq0.cloudfront.net/staging/inventory/compressed/restaurant-6/Pasta.jpg,,
Vegeterian,ProductLine,2,"Inventory,Food,Restaurant,Pasta,",,,,https://d32jc9rx98ldq0.cloudfront.net/staging/inventory/compressed/restaurant-2/Salad.jpg,,
NonVegeterian,ProductLine,3,"Inventory,Food,Restaurant,Pasta,",,,,https://d32jc9rx98ldq0.cloudfront.net/staging/inventory/compressed/categoryimages3/NonVegetarian.jpg,,
Veg Arrabiata Pasta,ProductType,4,"Inventory,Food,Restaurant,Pasta,Vegeterian,",130,,https://drive.google.com/file/d/12DrKJdn36I7aPIgvYxwn3jzLZ-R7wl6E/view?usp=sharing,https://d32jc9rx98ldq0.cloudfront.net/staging/inventory/compressed/food20220216/VegArrabiataPasta.jpg,159,
Veg Cream n Cheese Pasta,ProductType,5,"Inventory,Food,Restaurant,Pasta,Vegeterian,",150,,https://drive.google.com/file/d/1ux8qJ-PiCyHb5IDGXyMrf9gIc_Iti-_v/view?usp=sharing,https://d32jc9rx98ldq0.cloudfront.net/staging/inventory/compressed/food20220524/VegCreamnCheesePasta.jpg,,170
Veg Pink Sauce Pasta,ProductType,6,"Inventory,Food,Restaurant,Pasta,Vegeterian,",150,,https://drive.google.com/file/d/11brl4OCD3dyJ6gW7JQlbvTrxZFXfx6gv/view?usp=sharing,https://d32jc9rx98ldq0.cloudfront.net/staging/inventory/compressed/food20220216/VegPinkSaucePasta.jpg,,
Masala Pasta Spicy,ProductType,7,"Inventory,Food,Restaurant,Pasta,Vegeterian,",130,,https://drive.google.com/file/d/1VCfZI5wDAoD4nMmXdvy7KVNK5KXIVlwc/view?usp=sharing,https://d32jc9rx98ldq0.cloudfront.net/staging/inventory/compressed/food20220524/MasalaPastaSpicy.jpg,,
Snacks,ProductClass,1,"Inventory,Food,Restaurant,",,,,https://d32jc9rx98ldq0.cloudfront.net/staging/inventory/compressed/img/Smiley.jpg,,
Vegeterian,ProductLine,2,"Inventory,Food,Restaurant,Snacks,",,,,https://d32jc9rx98ldq0.cloudfront.net/staging/inventory/compressed/restaurant-2/Salad.jpg,,
NonVegeterian,ProductLine,3,"Inventory,Food,Restaurant,Snacks,",,,,https://d32jc9rx98ldq0.cloudfront.net/staging/inventory/compressed/categoryimages3/NonVegetarian.jpg,,
Garlic Bread,ProductType,4,"Inventory,Food,Restaurant,Snacks,Vegeterian,",60,,https://drive.google.com/file/d/1OXT30UdnaqeMo-dv1NbdWLEnp2mVwRQA/view?usp=sharing,https://d32jc9rx98ldq0.cloudfront.net/staging/inventory/compressed/restaurant-2/GarlicBread.jpg,,69
Garlic Bread Regular,ProductType,5,"Inventory,Food,Restaurant,Snacks,Vegeterian,",60,,https://drive.google.com/file/d/14GLejjdzSznUJfnwoWeD7VagddoKhnGj/view?usp=sharing,,,
Cheesy Chilli Garlic Bread,ProductType,6,"Inventory,Food,Restaurant,Snacks,Vegeterian,",120,,https://drive.google.com/file/d/1Yigakz6U_PiGR7I4UOSqzC23OegJ4lf7/view?usp=sharing,https://d32jc9rx98ldq0.cloudfront.net/staging/inventory/compressed/food1415062022/CheesyChilliGarlicBread.jpg,,
Cheesy Chilli Garlic Bread Regular,ProductType,7,"Inventory,Food,Restaurant,Snacks,Vegeterian,",120,,https://drive.google.com/file/d/1tCjqxfEzNLxyWMDJ3VmJ_7V-RaHabcqu/view?usp=sharing,,,
Cheesy Chilli Garlic Bread With Corn n Jalapano,ProductType,8,"Inventory,Food,Restaurant,Snacks,Vegeterian,",140,,https://drive.google.com/file/d/1dTpIy9zKxyFPr7MtBsoI-kIF0Jpi-0bs/view?usp=sharing,,,
Cheesy Chilli Garlic Bread With Corn n Jalapano Regular,ProductType,9,"Inventory,Food,Restaurant,Snacks,Vegeterian,",140,,https://drive.google.com/file/d/1vL3ef3I6SKUSWWwmn1md6vUVqLxo40Zy/view?usp=sharing,,,
Potato Pops,ProductType,10,"Inventory,Food,Restaurant,Snacks,Vegeterian,",90,,https://drive.google.com/file/d/1qC-G69SVetxOoHqsMl4eLFtFCxA6SctM/view?usp=sharing,https://d32jc9rx98ldq0.cloudfront.net/staging/inventory/compressed/food20220524/PotatoPops.jpg,,
Potato Pops Regular,ProductType,11,"Inventory,Food,Restaurant,Snacks,Vegeterian,",60,,https://drive.google.com/file/d/1Ir9k2MC5baZGI01ggDSO30dynuRk_OQS/view?usp=sharing,https://d32jc9rx98ldq0.cloudfront.net/staging/inventory/compressed/food20220524/PotatoPopsRegular.jpg,69,69
Potato Pops Large,ProductType,12,"Inventory,Food,Restaurant,Snacks,Vegeterian,",90,,https://drive.google.com/file/d/1EdP2xX74NzXPPKRIxcHKTkIdZXPEtfhZ/view?usp=sharing,https://d32jc9rx98ldq0.cloudfront.net/staging/inventory/compressed/food20220524/PotatoPopsLarge.jpg,,
Cheesy Pops,ProductType,13,"Inventory,Food,Restaurant,Snacks,Vegeterian,",120,,https://drive.google.com/file/d/1WW-JOWsDyYJyytw2wBL54KacDqLFJ6-F/view?usp=sharing,,,
Cheesy Pops Regular,ProductType,14,"Inventory,Food,Restaurant,Snacks,Vegeterian,",80,,https://drive.google.com/file/d/1AYBnMDmfNCbM79y3O-o_nX4z1t17hw6U/view?usp=sharing,,,
Cheesy Pops Large,ProductType,15,"Inventory,Food,Restaurant,Snacks,Vegeterian,",120,,https://drive.google.com/file/d/16eQsPm8Hepi-VX9FZJ7j-MbjyC3GKPyr/view?usp=sharing,,,
Saucy Potato Pops,ProductType,16,"Inventory,Food,Restaurant,Snacks,Vegeterian,",120,,https://drive.google.com/file/d/1daCcCvxINhi05OWkviKFYM8rds_rNCJa/view?usp=sharing,https://d32jc9rx98ldq0.cloudfront.net/staging/inventory/compressed/food20220524/SaucyPotatoPops.jpg,,
Saucy Potato Pops Regular,ProductType,17,"Inventory,Food,Restaurant,Snacks,Vegeterian,",80,,https://drive.google.com/file/d/1HmqgTj0CiP2rAIGoWfjd-5rYFRLCabjM/view?usp=sharing,,89,
Saucy Potato Pops Large,ProductType,18,"Inventory,Food,Restaurant,Snacks,Vegeterian,",120,,https://drive.google.com/file/d/1UoamW0lpQwr9OEFoZTrubSQhMBcm3L2e/view?usp=sharing,,,
Smiles,ProductType,19,"Inventory,Food,Restaurant,Snacks,Vegeterian,",90,,,,,
Smiles Regular,ProductType,20,"Inventory,Food,Restaurant,Snacks,Vegeterian,",60,,,,69,
Smiles Large,ProductType,21,"Inventory,Food,Restaurant,Snacks,Vegeterian,",90,,,,,
Cheesy Fries,ProductType,22,"Inventory,Food,Restaurant,Snacks,Vegeterian,",130,,https://drive.google.com/file/d/10yPm41qekDI-4eiTs3NSG5wPsqxWijYT/view?usp=sharing,https://d32jc9rx98ldq0.cloudfront.net/staging/inventory/compressed/restaurant-2/CheesyFries.jpg,,
Cheesy Fries Regular,ProductType,23,"Inventory,Food,Restaurant,Snacks,Vegeterian,",80,,https://drive.google.com/file/d/1sASwiYufDW9jc5F4RxOwTrenvr-rTlx_/view?usp=sharing,,95,95
Cheesy Fries Large,ProductType,24,"Inventory,Food,Restaurant,Snacks,Vegeterian,",130,,https://drive.google.com/file/d/1pPS2FpCRwyB2OK1oqitcO_fomW9byq22/view?usp=sharing,,,
Saucy Fries,ProductType,25,"Inventory,Food,Restaurant,Snacks,Vegeterian,",130,,https://drive.google.com/file/d/1gRTGMNbxdgypotBMsZVfa2fzP9zpHuOr/view?usp=sharing,https://d32jc9rx98ldq0.cloudfront.net/staging/inventory/compressed/food20220524/SaucyFries.jpg,,
Saucy Fries Regular,ProductType,26,"Inventory,Food,Restaurant,Snacks,Vegeterian,",80,,https://drive.google.com/file/d/1SGlkoYS_H8WYU68qABgI0MyLEvXozNKG/view?usp=sharing,https://d32jc9rx98ldq0.cloudfront.net/staging/inventory/compressed/food20220524/SaucyFriesRegular.jpg,,
Saucy Fries Large,ProductType,27,"Inventory,Food,Restaurant,Snacks,Vegeterian,",130,,https://drive.google.com/file/d/1xeDv1v5xd5Kn60Z3ivsKMhS_3JGUspZk/view?usp=sharing,https://d32jc9rx98ldq0.cloudfront.net/staging/inventory/compressed/food20220524/SaucyFriesLarge.jpg,,
Peri Peri Fries,ProductType,28,"Inventory,Food,Restaurant,Snacks,Vegeterian,",130,,https://drive.google.com/file/d/1Xca3b3wbJDb1PAW3FCV9gz2n_PJ_nMGj/view?usp=sharing,https://d32jc9rx98ldq0.cloudfront.net/staging/inventory/compressed/restaurant-2/PeriPeriFries.jpg,,
Peri Peri Fries Regular,ProductType,29,"Inventory,Food,Restaurant,Snacks,Vegeterian,",80,,https://drive.google.com/file/d/1D-XrCrhQbPNPTMzC8tpOxH-yUbv8bddt/view?usp=sharing,https://d32jc9rx98ldq0.cloudfront.net/staging/inventory/compressed/food20220524/PeriPeriFriesRegular.jpg,,95
Peri Peri Fries Large,ProductType,30,"Inventory,Food,Restaurant,Snacks,Vegeterian,",130,,https://drive.google.com/file/d/1YlCK3LyKQBtGPcezvftzsjB-GwdNb3-u/view?usp=sharing,https://d32jc9rx98ldq0.cloudfront.net/staging/inventory/compressed/food20220524/PeriPeriFriesLarge.jpg,,
French Fries,ProductType,31,"Inventory,Food,Restaurant,Snacks,Vegeterian,",130,,https://drive.google.com/file/d/1OkJBwMbikkeQriYIH41haxxTopeFdL7y/view?usp=sharing,https://d32jc9rx98ldq0.cloudfront.net/staging/inventory/compressed/restaurant-2/FrenchFries.jpg,,
French Fries Regular,ProductType,32,"Inventory,Food,Restaurant,Snacks,Vegeterian,",60,,https://drive.google.com/file/d/18pIEmSmoNNDyFTgRKxrqiK69YTpl9vAx/view?usp=sharing,,75,75
French Fries Large,ProductType,33,"Inventory,Food,Restaurant,Snacks,Vegeterian,",130,,https://drive.google.com/file/d/1uxD0-qQlJiqEEKPGJ_ZeGsjvSBXT4fHX/view?usp=sharing,,,
Potato Wedges,ProductType,34,"Inventory,Food,Restaurant,Snacks,Vegeterian,",100,,https://drive.google.com/file/d/1zV8gYTIhyhnhPr9h6rmJROlEhtdggqCh/view?usp=sharing,https://d32jc9rx98ldq0.cloudfront.net/staging/inventory/compressed/food20220506/PotatoWedges.jpg,,
Potato Wedges Regular,ProductType,35,"Inventory,Food,Restaurant,Snacks,Vegeterian,",60,,https://drive.google.com/file/d/1aq_id4w1_GOBxxioKavu0eALQbtLHj8B/view?usp=sharing,https://d32jc9rx98ldq0.cloudfront.net/staging/inventory/compressed/food20220524/PotatoWedgesRegular.jpg,70,
Potato Wedges Large,ProductType,36,"Inventory,Food,Restaurant,Snacks,Vegeterian,",100,,https://drive.google.com/file/d/16HaWXIHelMyHx7A-njerMwkNg9JqZ-Rl/view?usp=sharing,https://d32jc9rx98ldq0.cloudfront.net/staging/inventory/compressed/food20220524/PotatoWedgesLarge.jpg,,
Veg Snacks Platter,ProductType,37,"Inventory,Food,Restaurant,Snacks,Vegeterian,",199,,https://drive.google.com/file/d/1oeRtwL6b5_TXfgIMfsvFJSELheYfmcb0/view?usp=sharing,https://d32jc9rx98ldq0.cloudfront.net/staging/inventory/compressed/food20220524/VegSnacksPlatter.jpg,239,
Veg Snacks Platter Regular,ProductType,38,"Inventory,Food,Restaurant,Snacks,Vegeterian,",199,,https://drive.google.com/file/d/13Ecf0riSPqb3XoDsexcW0_tElWg7YLLy/view?usp=sharing,https://d32jc9rx98ldq0.cloudfront.net/staging/inventory/compressed/food20220524/VegSnacksPlatterRegular.jpg,,249
Beverages,ProductClass,1,"Inventory,Food,Restaurant,",,,,https://d32jc9rx98ldq0.cloudfront.net/staging/inventory/compressed/categoryimages3/Beverages.jpg,,
Vegeterian,ProductLine,2,"Inventory,Food,Restaurant,Beverages,",,,,https://d32jc9rx98ldq0.cloudfront.net/staging/inventory/compressed/restaurant-2/Salad.jpg,,
NonVegeterian,ProductLine,3,"Inventory,Food,Restaurant,Beverages,",,,,https://d32jc9rx98ldq0.cloudfront.net/staging/inventory/compressed/categoryimages3/NonVegetarian.jpg,,
Coffee,ProductType,4,"Inventory,Food,Restaurant,Beverages,Vegeterian,",40,,https://drive.google.com/file/d/1Euh2dH6rEeREBGnpoYhanuCocHz7zE4U/view?usp=sharing,https://d32jc9rx98ldq0.cloudfront.net/staging/inventory/compressed/restaurant-2/Coffee.jpg,49,
Small Coffee,ProductType,5,"Inventory,Food,Restaurant,Beverages,Vegeterian,",20,,https://drive.google.com/file/d/15HeJeXUafkK5OKgX8_pOdGOLujMeYkM7/view?usp=sharing,https://d32jc9rx98ldq0.cloudfront.net/staging/inventory/compressed/food20220524/SmallCoffee.jpg,,30
Hot Chocolate,ProductType,6,"Inventory,Food,Restaurant,Beverages,Vegeterian,",50,,https://drive.google.com/file/d/1xdtXyic3BIoin2Z83htq4TfnveqmCMFz/view?usp=sharing,https://d32jc9rx98ldq0.cloudfront.net/staging/inventory/compressed/restaurant-2/HotChocolate.jpg,69,50
Hot Cafe Mocha,ProductType,7,"Inventory,Food,Restaurant,Beverages,Vegeterian,",50,,https://drive.google.com/file/d/18MAVu3uqLPDvLlz4vTIZgOm3OeiZfY2N/view?usp=sharing,,69,
Black Tea,ProductType,8,"Inventory,Food,Restaurant,Beverages,Vegeterian,",30,,https://drive.google.com/file/d/105ewB4ragW0eEl4dU9Yd8hf8Ee9W8Qug/view?usp=sharing,https://d32jc9rx98ldq0.cloudfront.net/staging/inventory/compressed/restaurant-2/BlackTea.jpg,,
Lemon Black Tea,ProductType,9,"Inventory,Food,Restaurant,Beverages,Vegeterian,",30,,https://drive.google.com/file/d/1raQHaPaPE1jJt9gxv91HLbQWMN_QNmn0/view?usp=sharing,https://d32jc9rx98ldq0.cloudfront.net/staging/inventory/compressed/food20220524/LemonBlackTea.jpg,,
Green Tea,ProductType,10,"Inventory,Food,Restaurant,Beverages,Vegeterian,",30,,https://drive.google.com/file/d/1-XQY8bVCJJL4wyTlmkEjON8OWZWfuenB/view?usp=sharing,https://d32jc9rx98ldq0.cloudfront.net/staging/inventory/compressed/restaurant-2/GreenTea.jpg,,
Turmeric Latte,ProductType,11,"Inventory,Food,Restaurant,Beverages,Vegeterian,",50,,https://drive.google.com/file/d/1Ux3EKPRQifPsYf69siz11kDYSUyVmrH_/view?usp=sharing,https://d32jc9rx98ldq0.cloudfront.net/staging/inventory/compressed/food20220524/TurmericLatte.jpg,,
Lemon Iced Tea,ProductType,12,"Inventory,Food,Restaurant,Beverages,Vegeterian,",50,,https://drive.google.com/file/d/19FrNSEz_YUyEC8SFFs9ZjdCoUDfYSmjy/view?usp=sharing,https://d32jc9rx98ldq0.cloudfront.net/staging/inventory/compressed/restaurant-2/LemonIcedTea.jpg,59,
Peach Iced Tea,ProductType,13,"Inventory,Food,Restaurant,Beverages,Vegeterian,",60,,https://drive.google.com/file/d/1L1oqAc-ZX8dCvooIoZdCTvF9EcY8jHl8/view?usp=sharing,https://d32jc9rx98ldq0.cloudfront.net/staging/inventory/compressed/restaurant-2/Peach-Iced-Tea.jpg,,
Mild Cold Coffee,ProductType,14,"Inventory,Food,Restaurant,Beverages,Vegeterian,",60,,https://drive.google.com/file/d/1tO0PBDRiBd1NP9y1AEYE27oaxlzKXle0/view?usp=sharing,https://d32jc9rx98ldq0.cloudfront.net/staging/inventory/compressed/food20220524/MildColdCoffee.jpg,89,
Strong Cold Coffee,ProductType,15,"Inventory,Food,Restaurant,Beverages,Vegeterian,",60,,https://drive.google.com/file/d/1nNNgC241xx5ACvnRRoBNc8TPzPtwRnmy/view?usp=sharing,https://d32jc9rx98ldq0.cloudfront.net/staging/inventory/compressed/food20220524/StrongColdCoffee.jpg,89,
Cold Coffee Mocha,ProductType,16,"Inventory,Food,Restaurant,Beverages,Vegeterian,",70,,https://drive.google.com/file/d/1HT-CNt4owflEN99HxfVLqPf36Pc6_WFN/view?usp=sharing,,,
Fresh Lime Water,ProductType,17,"Inventory,Food,Restaurant,Beverages,Vegeterian,",30,,https://drive.google.com/file/d/1Nb2hCv9QtkXOgJZXvMzPVWV4mljtCmJc/view?usp=sharing,https://d32jc9rx98ldq0.cloudfront.net/staging/inventory/compressed/restaurant-2/FreshLimeWater.jpg,40,
Fresh Lime Soda,ProductType,18,"Inventory,Food,Restaurant,Beverages,Vegeterian,",60,,https://drive.google.com/file/d/1XWxK7uoHR0YdXYlWzRSpVWnyAKPqSJfd/view?usp=sharing,https://d32jc9rx98ldq0.cloudfront.net/staging/inventory/compressed/restaurant-2/Vegeterian/FreshLimeSoda.jpg,,
Green Apple Spritzer Soda Base,ProductType,19,"Inventory,Food,Restaurant,Beverages,Vegeterian,",80,,https://drive.google.com/file/d/17aXgEquFsE-qK_lH_XGYx7jfOiPwLcMC/view?usp=sharing,,,
Rasberry Spritzer Soda Base,ProductType,20,"Inventory,Food,Restaurant,Beverages,Vegeterian,",80,,,,,
Virgin Mojito Soda Base,ProductType,21,"Inventory,Food,Restaurant,Beverages,Vegeterian,",80,,https://drive.google.com/file/d/1mhbrphLpPapOK9qFmXmXECgYZhgt7Jsk/view?usp=sharing,https://d32jc9rx98ldq0.cloudfront.net/staging/inventory/compressed/food20220524/VirginMojitoSodaBase.jpg,,
Shakes,ProductClass,1,"Inventory,Food,Restaurant,",,,,https://d32jc9rx98ldq0.cloudfront.net/staging/inventory/compressed/categoryimages3/Shakes.jpg,,
Vegeterian,ProductLine,2,"Inventory,Food,Restaurant,Shakes,",,,,https://d32jc9rx98ldq0.cloudfront.net/staging/inventory/compressed/restaurant-2/Salad.jpg,,
NonVegeterian,ProductLine,3,"Inventory,Food,Restaurant,Shakes,",,,,https://d32jc9rx98ldq0.cloudfront.net/staging/inventory/compressed/categoryimages3/NonVegetarian.jpg,,
Chocolate Shake,ProductType,4,"Inventory,Food,Restaurant,Shakes,Vegeterian,",80,,https://drive.google.com/file/d/1vd3hiiVRRj69WGpVL156_sxW22aFsHkp/view?usp=sharing,https://d32jc9rx98ldq0.cloudfront.net/staging/inventory/compressed/restaurant-2/ChocolateShake.jpg,,
Strawberry Shake,ProductType,5,"Inventory,Food,Restaurant,Shakes,Vegeterian,",80,,https://drive.google.com/file/d/1Fdnyc6aGR4CFaJ03M1rjQ0pqahi_lzy3/view?usp=sharing,https://d32jc9rx98ldq0.cloudfront.net/staging/inventory/compressed/restaurant-2/StrawberryShake.jpg,,
Mango Shake,ProductType,6,"Inventory,Food,Restaurant,Shakes,Vegeterian,",80,,https://drive.google.com/file/d/1GuSXG_n0eiI0Wv_5z5lA4V93edCGPgOl/view?usp=sharing,https://d32jc9rx98ldq0.cloudfront.net/staging/inventory/compressed/restaurant-2/MangoShake.jpg,,
Black Current Shake,ProductType,7,"Inventory,Food,Restaurant,Shakes,Vegeterian,",90,,https://drive.google.com/file/d/1RmLzsZnn0PBdb9znAUeYzio_c8jsGnAB/view?usp=sharing,https://d32jc9rx98ldq0.cloudfront.net/staging/inventory/compressed/img/BlackCurrentShake.jpg,,
Sitaphal Shake,ProductType,8,"Inventory,Food,Restaurant,Shakes,Vegeterian,",90,,https://drive.google.com/file/d/1aujW4iA-g1Ecqlp6RaximalcInZNfIsq/view?usp=sharing,https://d32jc9rx98ldq0.cloudfront.net/staging/inventory/compressed/food20220524/SitaphalShake.jpg,,
Oreo Shake,ProductType,9,"Inventory,Food,Restaurant,Shakes,Vegeterian,",90,,https://drive.google.com/file/d/1e_eFRRnkBekms2_ce6lXpp43RDyRtZQu/view?usp=sharing,https://d32jc9rx98ldq0.cloudfront.net/staging/inventory/compressed/restaurant-2/OreoShake.jpg,119,
Choco Brownie Shake,ProductType,10,"Inventory,Food,Restaurant,Shakes,Vegeterian,",100,,https://drive.google.com/file/d/1ex8Aa4Nx4iic_64KJtbu-b7chtR_uG-N/view?usp=sharing,,,
Choco Hazelnut Shake,ProductType,11,"Inventory,Food,Restaurant,Shakes,Vegeterian,",100,,https://drive.google.com/file/d/1MPhCYfnFDy3g7yzVD4s7FfPRMRGgvM6M/view?usp=sharing,,,
Thick Shake,ProductClass,1,"Inventory,Food,Restaurant,",,,https://drive.google.com/file/d/17Wn6g8bmWr2UQOLP8dj2Z8SpZKuSNAgJ/view?usp=sharing,https://d32jc9rx98ldq0.cloudfront.net/staging/inventory/compressed/foodimagelinks/ThickShake.jpg,,
Vegeterian,ProductLine,2,"Inventory,Food,Restaurant,Thick Shake,",,,,https://d32jc9rx98ldq0.cloudfront.net/staging/inventory/compressed/restaurant-2/Salad.jpg,,
NonVegeterian,ProductLine,3,"Inventory,Food,Restaurant,Thick Shake,",,,,https://d32jc9rx98ldq0.cloudfront.net/staging/inventory/compressed/categoryimages3/NonVegetarian.jpg,,
Thick Cold Coffee Mild,ProductType,4,"Inventory,Food,Restaurant,Thick Shake,Vegeterian,",100,,https://drive.google.com/file/d/1c_pq55dVRCOomxvL-VdtmjGV3OeloGHF/view?usp=sharing,https://d32jc9rx98ldq0.cloudfront.net/staging/inventory/compressed/food20220524/ThickColdCoffeeMild.jpg,,
Thick Cold Coffee Strong,ProductType,5,"Inventory,Food,Restaurant,Thick Shake,Vegeterian,",100,,https://drive.google.com/file/d/1dbTxNP6gXmo2EASUIrUuKJFiOzuPONvm/view?usp=sharing,https://d32jc9rx98ldq0.cloudfront.net/staging/inventory/compressed/food20220524/ThickColdCoffeeStrong.jpg,,
Thick Chocolate Shake,ProductType,6,"Inventory,Food,Restaurant,Thick Shake,Vegeterian,",110,,https://drive.google.com/file/d/11nddQSSez3r6KVo5X_gwidGAqjao6XBO/view?usp=sharing,https://d32jc9rx98ldq0.cloudfront.net/staging/inventory/compressed/food20220524/ThickChocolateShake.jpg,,
Thick Mango Shake,ProductType,7,"Inventory,Food,Restaurant,Thick Shake,Vegeterian,",110,,https://drive.google.com/file/d/1WHiGL9N3aub9OShzGgoleDzpKKv8JsNz/view?usp=sharing,https://d32jc9rx98ldq0.cloudfront.net/staging/inventory/compressed/food20220524/ThickMangoShake.jpg,,
Thick Sitaphal Shake,ProductType,8,"Inventory,Food,Restaurant,Thick Shake,Vegeterian,",110,,https://drive.google.com/file/d/1b59TYpCfpAHL9EI3L2UYjKL23o1D1b4r/view?usp=sharing,https://d32jc9rx98ldq0.cloudfront.net/staging/inventory/compressed/food20220524/ThickSitaphalShake.jpg,,
Thick Oreo Shake,ProductType,9,"Inventory,Food,Restaurant,Thick Shake,Vegeterian,",130,,https://drive.google.com/file/d/1rdwP8jEoQ5JJK8VQCS_7CsAQjOAZKdLO/view?usp=sharing,https://d32jc9rx98ldq0.cloudfront.net/staging/inventory/compressed/food20220524/ThickOreoShake.jpg,,
Combos,ProductClass,1,"Inventory,Food,Restaurant,",,,https://drive.google.com/file/d/1uVMx24hivT__Gw6h3iBmUDBY3xZ7lvZ9/view?usp=sharing,https://d32jc9rx98ldq0.cloudfront.net/staging/inventory/compressed/food20220216/Combos.jpg,,
Vegeterian,ProductLine,2,"Inventory,Food,Restaurant,Combos,",,,,https://d32jc9rx98ldq0.cloudfront.net/staging/inventory/compressed/restaurant-2/Salad.jpg,,
NonVegeterian,ProductLine,3,"Inventory,Food,Restaurant,Combos,",,,,https://d32jc9rx98ldq0.cloudfront.net/staging/inventory/compressed/categoryimages3/NonVegetarian.jpg,,
Kids Combo,ProductType,4,"Inventory,Food,Restaurant,Combos,Vegeterian,",189,,,,,
Sharing Combo A,ProductType,5,"Inventory,Food,Restaurant,Combos,Vegeterian,",349,,,,,
Sharing Combo B,ProductType,6,"Inventory,Food,Restaurant,Combos,Vegeterian,",489,,,,,
Desserts,ProductClass,1,"Inventory,Food,Restaurant,",,,,https://d32jc9rx98ldq0.cloudfront.net/staging/inventory/compressed/categoryimages3/Desserts.jpg,,
Vegeterian,ProductLine,2,"Inventory,Food,Restaurant,Desserts,",,,,https://d32jc9rx98ldq0.cloudfront.net/staging/inventory/compressed/restaurant-2/Salad.jpg,,
NonVegeterian,ProductLine,3,"Inventory,Food,Restaurant,Desserts,",,,,https://d32jc9rx98ldq0.cloudfront.net/staging/inventory/compressed/categoryimages3/NonVegetarian.jpg,,
Vanila Ice Cream,ProductType,4,"Inventory,Food,Restaurant,Desserts,Vegeterian,",30,,https://drive.google.com/file/d/1ft5XtMxkzEda406-fIO0XBrbAHsOXfle/view?usp=sharing,https://d32jc9rx98ldq0.cloudfront.net/staging/inventory/compressed/restaurant-3/VanilaIceCream.jpg,,
Mango Mousse,ProductType,5,"Inventory,Food,Restaurant,Desserts,Vegeterian,",60,,https://drive.google.com/file/d/1X5bEbOFO9vt6ytIvOouReZGkMsN8H2Ue/view?usp=sharing,https://d32jc9rx98ldq0.cloudfront.net/staging/inventory/compressed/food20220524/MangoMousse.jpg,,
Strawberry Mousse,ProductType,6,"Inventory,Food,Restaurant,Desserts,Vegeterian,",60,,https://drive.google.com/file/d/1as5rKMWSGCc2z3X5f4VP5WvJnFhvQHnW/view?usp=sharing,https://d32jc9rx98ldq0.cloudfront.net/staging/inventory/compressed/food20220524/StrawberryMousse.jpg,,
Choco Walnut Brownie,ProductType,7,"Inventory,Food,Restaurant,Desserts,Vegeterian,",60,,https://drive.google.com/file/d/1cYBt-KLYx6iKTM3VXRl4G-1exSISE_TZ/view?usp=sharing,,,60
Choco Walnut Brownie With Ice Cream,ProductType,8,"Inventory,Food,Restaurant,Desserts,Vegeterian,",100,,https://drive.google.com/file/d/1mI06eLHar7-DeVj1ItvumWGHy-QET5O9/view?usp=sharing,,,
Sizzling Brownie,ProductType,9,"Inventory,Food,Restaurant,Desserts,Vegeterian,",150,,https://drive.google.com/file/d/1K7PbfALMY5oz19lEMHK0koFnT01cFGqm/view?usp=sharing,https://d32jc9rx98ldq0.cloudfront.net/staging/inventory/compressed/restaurant-2/Sizzling-Brownie.jpg,,
Wraps,ProductClass,1,"Inventory,Food,Restaurant,",,,https://drive.google.com/file/d/1MEXqjSi80skahWCBgKJT4SEYY-KxcvvT/view?usp=sharing,https://d32jc9rx98ldq0.cloudfront.net/staging/inventory/compressed/food20220216/Wraps.jpg,,
Vegeterian,ProductLine,2,"Inventory,Food,Restaurant,Wraps,",,,,https://d32jc9rx98ldq0.cloudfront.net/staging/inventory/compressed/restaurant-2/Salad.jpg,,
NonVegeterian,ProductLine,3,"Inventory,Food,Restaurant,Wraps,",,,,https://d32jc9rx98ldq0.cloudfront.net/staging/inventory/compressed/categoryimages3/NonVegetarian.jpg,,
Veg Wrap,ProductType,4,"Inventory,Food,Restaurant,Wraps,Vegeterian,",89,,https://drive.google.com/file/d/1Pp3yU3Wt5pXXy6GcxBzmNMpzDph432xE/view?usp=sharing,https://d32jc9rx98ldq0.cloudfront.net/staging/inventory/compressed/food20220511/VegWrap.jpg,,
Paneer Wrap,ProductType,5,"Inventory,Food,Restaurant,Wraps,Vegeterian,",119,,https://drive.google.com/file/d/1PFeti-jgQVAn3JwrYIWEzrv3HPq6EXQ7/view?usp=sharing,https://d32jc9rx98ldq0.cloudfront.net/staging/inventory/compressed/food20220506/PaneerWrap.jpg,,
Cups,ProductClass,1,"Inventory,Food,Restaurant,",,,,,,
Vegeterian,ProductLine,2,"Inventory,Food,Restaurant,Cups,",,,,https://d32jc9rx98ldq0.cloudfront.net/staging/inventory/compressed/restaurant-2/Salad.jpg,,
NonVegeterian,ProductLine,3,"Inventory,Food,Restaurant,Cups,",,,,https://d32jc9rx98ldq0.cloudfront.net/staging/inventory/compressed/categoryimages3/NonVegetarian.jpg,,
Corn Cup,ProductType,4,"Inventory,Food,Restaurant,Cups,Vegeterian,",40,,,,49,40
T2 Corn Cup,ProductType,5,"Inventory,Food,Restaurant,Cups,Vegeterian,",40,,https://drive.google.com/file/d/1pkaQH_uOtihov4Hvw23H3gnmD0imzYUe/view?usp=sharing,,55,40
Masala Corn Cup,ProductType,6,"Inventory,Food,Restaurant,Cups,Vegeterian,",45,,https://drive.google.com/file/d/1_NUQz9fTh-gMbz9mZbdkpWoaW5sAr7Do/view?usp=sharing,https://d32jc9rx98ldq0.cloudfront.net/staging/inventory/compressed/food20220524/MasalaCornCup.jpg,55,45
Cheese Corn Cup,ProductType,7,"Inventory,Food,Restaurant,Cups,Vegeterian,",50,,https://drive.google.com/file/d/1xzk0HxxGXtHrRVMN3tHSQ7d0_yqSmR8w/view?usp=sharing,,59,50
T2 Cheese Corn cup,ProductType,8,"Inventory,Food,Restaurant,Cups,Vegeterian,",55,,https://drive.google.com/file/d/14vCFVWZNFVi59n6mLomljH4dSirlR-ih/view?usp=sharing,https://d32jc9rx98ldq0.cloudfront.net/staging/inventory/compressed/food20220524/T2CheeseCorncup.jpg,65,55
