label,nodeType,order,path,price,description,link,imageLink,swiggy ,Zomato 
Veg Thali,ProductClass,1,"Inventory,Food,Restaurant,",,,https://drive.google.com/file/d/17SImYGyNetoMiFrtd944cixjmKeGsFoF/view?usp=sharing,https://d32jc9rx98ldq0.cloudfront.net/staging/inventory/compressed/restaurant-4/VegThali.jpg,,
Vegeterian,ProductLine,2,"Inventory,Food,Restaurant,Veg Thali,",,,,https://d32jc9rx98ldq0.cloudfront.net/staging/inventory/compressed/restaurant-2/Salad.jpg,,
NonVegeterian,ProductLine,3,"Inventory,Food,Restaurant,Veg Thali,",,,,https://d32jc9rx98ldq0.cloudfront.net/staging/inventory/compressed/categoryimages3/NonVegetarian.jpg,,
Veg Special Thali,ProductType,4,"Inventory,Food,Restaurant,Veg Thali,Vegeterian,",230,,,,,
Veg Thali,ProductType,5,"Inventory,Food,Restaurant,Veg Thali,Vegeterian,",200,,https://drive.google.com/file/d/17SImYGyNetoMiFrtd944cixjmKeGsFoF/view?usp=sharing,https://d32jc9rx98ldq0.cloudfront.net/staging/inventory/compressed/restaurant-4/VegThali.jpg,,
Veg Royal Thali,ProductType,6,"Inventory,Food,Restaurant,Veg Thali,Vegeterian,",250,,,,,
Roasted,ProductClass,1,"Inventory,Food,Restaurant,",,,,https://d32jc9rx98ldq0.cloudfront.net/staging/inventory/compressed/imgs-2/ChillyCheeseroast.jpg,,
Vegeterian,ProductLine,2,"Inventory,Food,Restaurant,Roasted,",,,,https://d32jc9rx98ldq0.cloudfront.net/staging/inventory/compressed/restaurant-2/Salad.jpg,,
NonVegeterian,ProductLine,3,"Inventory,Food,Restaurant,Roasted,",,,,https://d32jc9rx98ldq0.cloudfront.net/staging/inventory/compressed/categoryimages3/NonVegetarian.jpg,,
Papad Roasted,ProductType,4,"Inventory,Food,Restaurant,Roasted,Vegeterian,",25,,https://drive.google.com/file/d/17HBA9aoMpeuDAcpoyJu4iJ5G9vee9HZ5/view?usp=sharing,https://d32jc9rx98ldq0.cloudfront.net/staging/inventory/compressed/restaurant-2/PapadRoasted.jpg,,
Fried Masala Papad,ProductType,5,"Inventory,Food,Restaurant,Roasted,Vegeterian,",40,,https://drive.google.com/file/d/1GVAdU2l2qDdvyguf5CnvMANJlv53tIyn/view?usp=sharing,https://d32jc9rx98ldq0.cloudfront.net/staging/inventory/compressed/food20220212/FriedMasalaPapad.jpg,,
Salads,ProductClass,1,"Inventory,Food,Restaurant,",,,,https://d32jc9rx98ldq0.cloudfront.net/staging/inventory/compressed/restaurant-2/Salad.jpg,,
Vegeterian,ProductLine,2,"Inventory,Food,Restaurant,Salads,",,,,https://d32jc9rx98ldq0.cloudfront.net/staging/inventory/compressed/restaurant-2/Salad.jpg,,
NonVegeterian,ProductLine,3,"Inventory,Food,Restaurant,Salads,",,,,https://d32jc9rx98ldq0.cloudfront.net/staging/inventory/compressed/categoryimages3/NonVegetarian.jpg,,
Green Salad,ProductType,4,"Inventory,Food,Restaurant,Salads,Vegeterian,",60,,https://drive.google.com/file/d/13f6xLUaMAgsL5WTIgZ5CBWFIUQK4FgBO/view?usp=sharing,https://d32jc9rx98ldq0.cloudfront.net/staging/inventory/compressed/restaurant-2/GreenSalad.jpg,,
Raita,ProductClass,1,"Inventory,Food,Restaurant,",,,,https://d32jc9rx98ldq0.cloudfront.net/staging/inventory/compressed/categoryimages3/Raita.jpg,,
Vegeterian,ProductLine,2,"Inventory,Food,Restaurant,Raita,",,,,https://d32jc9rx98ldq0.cloudfront.net/staging/inventory/compressed/restaurant-2/Salad.jpg,,
NonVegeterian,ProductLine,3,"Inventory,Food,Restaurant,Raita,",,,,https://d32jc9rx98ldq0.cloudfront.net/staging/inventory/compressed/categoryimages3/NonVegetarian.jpg,,
Bundi Raita,ProductType,4,"Inventory,Food,Restaurant,Raita,Vegeterian,",60,,https://drive.google.com/file/d/13EQUJq7u2mEBp8jhUYRY0VqSk6mp_ipR/view?usp=sharing,https://d32jc9rx98ldq0.cloudfront.net/staging/inventory/compressed/restaurant-2/BundiRaita.jpg,,
Roti and Naan,ProductClass,1,"Inventory,Food,Restaurant,",,,,https://d32jc9rx98ldq0.cloudfront.net/staging/inventory/compressed/restaurant-2/Roti.jpg,,
Vegeterian,ProductLine,2,"Inventory,Food,Restaurant,Roti and Naan,",,,,https://d32jc9rx98ldq0.cloudfront.net/staging/inventory/compressed/restaurant-2/Salad.jpg,,
NonVegeterian,ProductLine,3,"Inventory,Food,Restaurant,Roti and Naan,",,,,https://d32jc9rx98ldq0.cloudfront.net/staging/inventory/compressed/categoryimages3/NonVegetarian.jpg,,
Tandoori Roti,ProductType,4,"Inventory,Food,Restaurant,Roti and Naan,Vegeterian,",20,,https://drive.google.com/file/d/1p6eNQrcVnNmzujXu2Tlh9MKJdIX9WyOK/view?usp=sharing,https://d32jc9rx98ldq0.cloudfront.net/staging/inventory/compressed/restaurant-2/TandooriRoti.jpg,,
Butter Tandoori Roti,ProductType,5,"Inventory,Food,Restaurant,Roti and Naan,Vegeterian,",25,,https://drive.google.com/file/d/1EreQaxbXLPmGXK7Oxl90rBCqX0AjjKHc/view?usp=sharing,https://d32jc9rx98ldq0.cloudfront.net/staging/inventory/compressed/restaurant-2/ButterTandooriRoti1.jpg,,
Naan,ProductType,6,"Inventory,Food,Restaurant,Roti and Naan,Vegeterian,",40,,https://drive.google.com/file/d/1HGpowHCtwGjO9lQu_UGtIBIw8scvg48S/view?usp=sharing,https://d32jc9rx98ldq0.cloudfront.net/staging/inventory/compressed/restaurant-2/Vegeterian/Naan.jpg,,
Butter Naan,ProductType,7,"Inventory,Food,Restaurant,Roti and Naan,Vegeterian,",50,,https://drive.google.com/file/d/1MtQMs3CTx3V8aidYwZMPC4fkYQr9cYrr/view?usp=sharing,https://d32jc9rx98ldq0.cloudfront.net/staging/inventory/compressed/restaurant-2/ButterNaan.jpg,,
Cheese Naan,ProductType,8,"Inventory,Food,Restaurant,Roti and Naan,Vegeterian,",70,,https://drive.google.com/file/d/1I4bcLlVJcmx3ZWiXNJNOm4Gz4lgsjuP_/view?usp=sharing,https://d32jc9rx98ldq0.cloudfront.net/staging/inventory/compressed/restaurant-2/CheeseNaan.jpg,,
Garlic Naan,ProductType,9,"Inventory,Food,Restaurant,Roti and Naan,Vegeterian,",70,,https://drive.google.com/file/d/1ZrjzImNdtXyFGwa8e1Mzd7oH4glw7hFg/view?usp=sharing,https://d32jc9rx98ldq0.cloudfront.net/staging/inventory/compressed/restaurant-2/Vegeterian/GarlicNaan.jpg,,
Laccha Paratha,ProductType,10,"Inventory,Food,Restaurant,Roti and Naan,Vegeterian,",40,,https://drive.google.com/file/d/1EQFxVvfOVDYeOTq1kgFx5I-_55U1l3DF/view?usp=sharing,https://d32jc9rx98ldq0.cloudfront.net/staging/inventory/compressed/restaurant-2/Vegeterian/LacchaParatha.jpg,,
Butter Laccha Paratha,ProductType,11,"Inventory,Food,Restaurant,Roti and Naan,Vegeterian,",45,,https://drive.google.com/file/d/1473w1XuYDKBbHqDQh44cVkrjldX1WQJi/view?usp=sharing,https://d32jc9rx98ldq0.cloudfront.net/staging/inventory/compressed/food20220216/ButterLacchaParatha.jpg,,
Kulcha,ProductType,12,"Inventory,Food,Restaurant,Roti and Naan,Vegeterian,",35,,https://drive.google.com/file/d/1UiYj7XmI0co1RiWilUv__5eUoEp2_YB_/view?usp=sharing,https://d32jc9rx98ldq0.cloudfront.net/staging/inventory/compressed/restaurant-2/Vegeterian/Kulcha.jpg,,
Dal,ProductClass,1,"Inventory,Food,Restaurant,",,,https://drive.google.com/file/d/1kIqV6ymtUXLw1Cju6QW4eoDTezD0RVJV/view?usp=sharing,https://d32jc9rx98ldq0.cloudfront.net/staging/inventory/compressed/food20220212/Dal.jpg,,
Vegeterian,ProductLine,2,"Inventory,Food,Restaurant,Dal,",,,,https://d32jc9rx98ldq0.cloudfront.net/staging/inventory/compressed/restaurant-2/Salad.jpg,,
NonVegeterian,ProductLine,3,"Inventory,Food,Restaurant,Dal,",,,,https://d32jc9rx98ldq0.cloudfront.net/staging/inventory/compressed/categoryimages3/NonVegetarian.jpg,,
Dal Makhani,ProductType,4,"Inventory,Food,Restaurant,Dal,Vegeterian,",150,,https://drive.google.com/file/d/1bx4zFB3n5TKpwLaxvoc2JGDgMQI_4sWj/view?usp=sharing,https://d32jc9rx98ldq0.cloudfront.net/staging/inventory/compressed/restaurant-2/DalMakhani.jpg,,
Dal Fry,ProductType,5,"Inventory,Food,Restaurant,Dal,Vegeterian,",100,,https://drive.google.com/file/d/1K8tvnEHHFvnC05dq2Qx-p-dJ1RZDhOaK/view?usp=sharing,https://d32jc9rx98ldq0.cloudfront.net/staging/inventory/compressed/restaurant-2/Vegeterian/DalFry.jpg,,
Dal Tadka,ProductType,6,"Inventory,Food,Restaurant,Dal,Vegeterian,",110,,https://drive.google.com/file/d/14RUwq8nVglapT24psGzGu5oLTx-UOZB7/view?usp=sharing,https://d32jc9rx98ldq0.cloudfront.net/staging/inventory/compressed/restaurant-2/Vegeterian/DalTadka.jpg,,
Dal Butter Fry,ProductType,7,"Inventory,Food,Restaurant,Dal,Vegeterian,",120,,https://drive.google.com/file/d/1mzbssesdMFcLjTTjdt48_GND4LkC6Hr9/view?usp=sharing,https://d32jc9rx98ldq0.cloudfront.net/staging/inventory/compressed/food20220216/DalButterFry.jpg,,
Dal Kolhapuri,ProductType,8,"Inventory,Food,Restaurant,Dal,Vegeterian,",150,,https://drive.google.com/file/d/1xrOq7mnzkFDeljYtoKkbDC4HMKFbZsJH/view?usp=sharing,https://d32jc9rx98ldq0.cloudfront.net/staging/inventory/compressed/restaurant-2/DalKolhapuri.jpg,,
Rice,ProductClass,1,"Inventory,Food,Restaurant,",,,,https://d32jc9rx98ldq0.cloudfront.net/staging/inventory/compressed/restaurant-2/Rice.jpg,,
Vegeterian,ProductLine,2,"Inventory,Food,Restaurant,Rice,",,,,https://d32jc9rx98ldq0.cloudfront.net/staging/inventory/compressed/restaurant-2/Salad.jpg,,
NonVegeterian,ProductLine,3,"Inventory,Food,Restaurant,Rice,",,,,https://d32jc9rx98ldq0.cloudfront.net/staging/inventory/compressed/categoryimages3/NonVegetarian.jpg,,
Steam Rice,ProductType,4,"Inventory,Food,Restaurant,Rice,Vegeterian,",80,,https://drive.google.com/file/d/1JwfmCVcMa9KTZbWP9pCn79TsIEWL0c1s/view?usp=sharing,https://d32jc9rx98ldq0.cloudfront.net/staging/inventory/compressed/restaurant-2/SteamRice.jpg,,
Jeera Rice,ProductType,5,"Inventory,Food,Restaurant,Rice,Vegeterian,",100,,https://drive.google.com/file/d/1-GF04qtXF6mVP48_0ek2Qj07ZNbdnEES/view?usp=sharing,https://d32jc9rx98ldq0.cloudfront.net/staging/inventory/compressed/restaurant-2/JeeraRice.jpg,,
Moghlai Basmati Rice,ProductType,6,"Inventory,Food,Restaurant,Rice,Vegeterian,",100,,,,,
Mushroom Biryani,ProductType,7,"Inventory,Food,Restaurant,Rice,Vegeterian,",200,,https://drive.google.com/file/d/1mb5Zqy6joLGJk3l0Tyi0xm20WBsc7NGa/view?usp=sharing,https://d32jc9rx98ldq0.cloudfront.net/staging/inventory/compressed/food20220216/MushroomBiryani.jpg,,
Paneer Biryani,ProductType,8,"Inventory,Food,Restaurant,Rice,Vegeterian,",200,,https://drive.google.com/file/d/1GJ0GQtWNHrDfVgW8xKFItYLqYTmbzJLe/view?usp=sharing,https://d32jc9rx98ldq0.cloudfront.net/staging/inventory/compressed/restaurant-4/PaneerBiryani.jpg,,
Veg Biryani,ProductType,9,"Inventory,Food,Restaurant,Rice,Vegeterian,",150,,https://drive.google.com/file/d/1jR3STBQoAfkKOHnvdjdNXjOE5ZqtJexz/view?usp=sharing,https://d32jc9rx98ldq0.cloudfront.net/staging/inventory/compressed/restaurant-2/Veg-Biryani.jpg,,
Veg Pulao,ProductType,10,"Inventory,Food,Restaurant,Rice,Vegeterian,",150,,https://drive.google.com/file/d/1Q9y5vfasmuYAjDTQOc6uFluyeWQ-5t2O/view?usp=sharing,https://d32jc9rx98ldq0.cloudfront.net/staging/inventory/compressed/restaurant-2/VegPulao.jpg,,
Veg Kolhapuri Rice,ProductType,11,"Inventory,Food,Restaurant,Rice,Vegeterian,",140,,https://drive.google.com/file/d/10dYBPG3GG5SW18Hj2ePTZZbamDLftGZg/view?usp=sharing,https://d32jc9rx98ldq0.cloudfront.net/staging/inventory/compressed/foodinventoryimages1112062022/VegKolhapuriRice.jpg,,
Chinese Rice,ProductClass,1,"Inventory,Food,Restaurant,",,,https://drive.google.com/file/d/1-SYgV7E4yAeoh-iM8YFgKSQt56qXDdk2/view?usp=sharing,https://d32jc9rx98ldq0.cloudfront.net/staging/inventory/compressed/imgs-2/ChineseRice.jpg,,
Vegeterian,ProductLine,2,"Inventory,Food,Restaurant,Chinese Rice,",,,,https://d32jc9rx98ldq0.cloudfront.net/staging/inventory/compressed/restaurant-2/Salad.jpg,,
NonVegeterian,ProductLine,3,"Inventory,Food,Restaurant,Chinese Rice,",,,,https://d32jc9rx98ldq0.cloudfront.net/staging/inventory/compressed/categoryimages3/NonVegetarian.jpg,,
Veg Fried Rice,ProductType,4,"Inventory,Food,Restaurant,Chinese Rice,Vegeterian,",110,,https://drive.google.com/file/d/1bz2y7h_zxW5FIwkPU1ouPFuPXrxVdyrI/view?usp=sharing,https://d32jc9rx98ldq0.cloudfront.net/staging/inventory/compressed/restaurant-2/Veg-Fried-Rice.jpg,,
Veg Schezwan Fried Rice,ProductType,5,"Inventory,Food,Restaurant,Chinese Rice,Vegeterian,",120,,https://drive.google.com/file/d/1i4sLAmwV7ByQqxTBDx1VFC3PWNxqB3a5/view?usp=sharing,https://d32jc9rx98ldq0.cloudfront.net/staging/inventory/compressed/restaurant-2/VegSchezwanFriedRice.jpg,,
Veg Hongkong Fried Rice,ProductType,6,"Inventory,Food,Restaurant,Chinese Rice,Vegeterian,",130,,https://drive.google.com/file/d/18UL6uowbAO1iONX0aZQ8QMwt5S57NY68/view?usp=sharing,https://d32jc9rx98ldq0.cloudfront.net/staging/inventory/compressed/food20220217/VegHongKongFriedRice.jpg,,
Veg Triple Schezwan Fried Rice,ProductType,7,"Inventory,Food,Restaurant,Chinese Rice,Vegeterian,",170,,https://drive.google.com/file/d/1cnyGvRWiBdZV2v_suBTfEjj0COwhJ1Zv/view?usp=sharing,https://d32jc9rx98ldq0.cloudfront.net/staging/inventory/compressed/food04182022/VegTripleSchezwanFriedRice.jpeg,,
Veg Mushroom Fried Rice,ProductType,8,"Inventory,Food,Restaurant,Chinese Rice,Vegeterian,",180,,https://drive.google.com/file/d/1AbgX9qICmNI7C_bJWA9T7gDd6i-1DOH9/view?usp=sharing,https://d32jc9rx98ldq0.cloudfront.net/staging/inventory/compressed/restaurant-4/vegmushroomfriedrice.jpg,,
Veg Manchurian Fried Rice,ProductType,9,"Inventory,Food,Restaurant,Chinese Rice,Vegeterian,",170,,https://drive.google.com/file/d/1Bvdns9uIbNx5TD2N2UUDjwgiQoqpeEWv/view?usp=sharing,https://d32jc9rx98ldq0.cloudfront.net/staging/inventory/compressed/restaurant-2/VegManchurianFriedRice.jpg,,
Veg Combination Rice,ProductType,10,"Inventory,Food,Restaurant,Chinese Rice,Vegeterian,",180,,https://drive.google.com/file/d/1QlMViC3sf86mP5B1a0GXMqxyMe24BrRO/view?usp=sharing,https://d32jc9rx98ldq0.cloudfront.net/staging/inventory/compressed/restaurant-2/VegCombinationRice.jpg,,
Veg Mixed Fried Rice,ProductType,11,"Inventory,Food,Restaurant,Chinese Rice,Vegeterian,",180,,https://drive.google.com/file/d/1nGZ9DN8m_8eCFGh1G2BUd-j3Ahev47gX/view?usp=sharing,https://d32jc9rx98ldq0.cloudfront.net/staging/inventory/compressed/foodinventoryimages1112062022/VegMixedFriedRice.jpg,,
Veg Paneer Fried Rice,ProductType,12,"Inventory,Food,Restaurant,Chinese Rice,Vegeterian,",180,,https://drive.google.com/file/d/1zfKG-tGQK3iv2d8E2wDaYKyredZTNvUm/view?usp=sharing,https://d32jc9rx98ldq0.cloudfront.net/staging/inventory/compressed/food20220524/VegPaneerFriedRice.jpg,,
Paneer Schezwan Rice,ProductType,13,"Inventory,Food,Restaurant,Chinese Rice,Vegeterian,",200,,https://drive.google.com/file/d/1EuOFq1P33ZiYhfl7BNa8Ubn45uTshGS3/view?usp=sharing,https://d32jc9rx98ldq0.cloudfront.net/staging/inventory/compressed/food20220524/PaneerSchezwanRice.jpg,,
Soups,ProductClass,1,"Inventory,Food,Restaurant,",,,,https://d32jc9rx98ldq0.cloudfront.net/staging/inventory/compressed/categoryimages3/Soup.jpg,,
Vegeterian,ProductLine,2,"Inventory,Food,Restaurant,Soups,",,,,https://d32jc9rx98ldq0.cloudfront.net/staging/inventory/compressed/restaurant-2/Salad.jpg,,
NonVegeterian,ProductLine,3,"Inventory,Food,Restaurant,Soups,",,,,https://d32jc9rx98ldq0.cloudfront.net/staging/inventory/compressed/categoryimages3/NonVegetarian.jpg,,
Cream Of Tomato Soup,ProductType,4,"Inventory,Food,Restaurant,Soups,Vegeterian,",90,,https://drive.google.com/file/d/1WHFUPHIxPdlEVtTuT5s9h1J7Jj00Mi0K/view?usp=sharing,https://d32jc9rx98ldq0.cloudfront.net/staging/inventory/compressed/restaurant-2/creamoftomatosoup.jpg,,
Cream Of Mushroom Soup,ProductType,5,"Inventory,Food,Restaurant,Soups,Vegeterian,",90,,https://drive.google.com/file/d/1Qo2WlVyjusbPWNb4-EeVhXTpytKnKPiG/view?usp=sharing,https://d32jc9rx98ldq0.cloudfront.net/staging/inventory/compressed/restaurant-2/CreamOfMushroomSoup.jpg,,
Veg Clear Soup,ProductType,6,"Inventory,Food,Restaurant,Soups,Vegeterian,",70,,https://drive.google.com/file/d/1dmYwUOQ7V67thr9VxwcKFsrCkxZqX81H/view?usp=sharing,https://d32jc9rx98ldq0.cloudfront.net/staging/inventory/compressed/restaurant-2/Veg-Clear-Soup.jpg,110,
Veg Hot & Sour Soup,ProductType,7,"Inventory,Food,Restaurant,Soups,Vegeterian,",70,,https://drive.google.com/file/d/1qflrDTDVAq-39jgZpWoH-2bsNNsmbSOQ/view?usp=sharing,https://d32jc9rx98ldq0.cloudfront.net/staging/inventory/compressed/restaurant-2/Vegeterian/VegHotSourSoup.jpg,110,
Veg Manchow Soup,ProductType,8,"Inventory,Food,Restaurant,Soups,Vegeterian,",70,,https://drive.google.com/file/d/1ZHfj80mG4nonkD938YcNcqpsbo76_3Bh/view?usp=sharing,https://d32jc9rx98ldq0.cloudfront.net/staging/inventory/compressed/restaurant-2/vegManchowSoup.jpg,80,
Veg Sweet Corn Soup,ProductType,9,"Inventory,Food,Restaurant,Soups,Vegeterian,",70,,https://drive.google.com/file/d/1DhM9DUO6aGaH98qUCjU6GjG9Q4SeSyg2/view?usp=sharing,https://d32jc9rx98ldq0.cloudfront.net/staging/inventory/compressed/restaurant-2/VegSweetCornSoup.jpg,,
Veg Manderian Soup,ProductType,10,"Inventory,Food,Restaurant,Soups,Vegeterian,",70,,,,,
Veg Noodles Soup,ProductType,11,"Inventory,Food,Restaurant,Soups,Vegeterian,",70,,https://drive.google.com/file/d/10DUMjtrNxu0hNd5Qs19eZES33kSJTp2A/view?usp=sharing,https://d32jc9rx98ldq0.cloudfront.net/staging/inventory/compressed/restaurant-2/VegNoodlesSoup.jpg,80,
Noodles,ProductClass,1,"Inventory,Food,Restaurant,",,,,https://d32jc9rx98ldq0.cloudfront.net/staging/inventory/compressed/restaurant-6/Noodles.jpg,,
Vegeterian,ProductLine,2,"Inventory,Food,Restaurant,Noodles,",,,,https://d32jc9rx98ldq0.cloudfront.net/staging/inventory/compressed/restaurant-2/Salad.jpg,,
NonVegeterian,ProductLine,3,"Inventory,Food,Restaurant,Noodles,",,,,https://d32jc9rx98ldq0.cloudfront.net/staging/inventory/compressed/categoryimages3/NonVegetarian.jpg,,
Veg Hakka Noodles,ProductType,4,"Inventory,Food,Restaurant,Noodles,Vegeterian,",120,,https://drive.google.com/file/d/1Q90LHM1ZJtlXVlbMoWnysu0n9Ip0TJG0/view?usp=sharing,https://d32jc9rx98ldq0.cloudfront.net/staging/inventory/compressed/restaurant-2/Veg-Hakka-Noodles.jpg,,
Veg Schezwan Noodles,ProductType,5,"Inventory,Food,Restaurant,Noodles,Vegeterian,",130,,https://drive.google.com/file/d/110qPjMnVJgCASzjlU24PKREL29s_4OW1/view?usp=sharing,https://d32jc9rx98ldq0.cloudfront.net/staging/inventory/compressed/restaurant-2/VegSchezwanNoodles.jpg,,
Veg Hongkong Noodles,ProductType,6,"Inventory,Food,Restaurant,Noodles,Vegeterian,",140,,https://drive.google.com/file/d/178Eehi56D9hj6T2f1F3pUCLdoUq99Gyx/view?usp=sharing,https://d32jc9rx98ldq0.cloudfront.net/staging/inventory/compressed/restaurant-2/VegHongkongNoodles.jpg,,
Veg Singapore Noodles,ProductType,7,"Inventory,Food,Restaurant,Noodles,Vegeterian,",140,,https://drive.google.com/file/d/1kWyr6lN2Isu7lMEpqqNIa4nW3CH2JgD3/view?usp=sharing,https://d32jc9rx98ldq0.cloudfront.net/staging/inventory/compressed/restaurant-2/Veg-Singapore-Noodles.jpg,,
Veg Chowmein Noodles,ProductType,8,"Inventory,Food,Restaurant,Noodles,Vegeterian,",140,,https://drive.google.com/file/d/1mkbCMWm7IuCEPTQMFeUmwqdbIwmcYcS5/view?usp=sharing,https://d32jc9rx98ldq0.cloudfront.net/staging/inventory/compressed/food20220524/VegChowmeinNoodles.jpg,,
Veg Manchurian Noodles,ProductType,9,"Inventory,Food,Restaurant,Noodles,Vegeterian,",150,,https://drive.google.com/file/d/18nb4TV0DNqOCfS3RhzF1UoGG4z7bhQri/view?usp=sharing,https://d32jc9rx98ldq0.cloudfront.net/staging/inventory/compressed/restaurant-2/VegManchurianNoodles.jpg,,
Veg Triple Schezwan Noodles,ProductType,10,"Inventory,Food,Restaurant,Noodles,Vegeterian,",160,,https://drive.google.com/file/d/1AFmYY6ngbM0dkzzxWpyhvXOqltAAgAkU/view?usp=sharing,https://d32jc9rx98ldq0.cloudfront.net/staging/inventory/compressed/food20220212/VegTripleSchezwanNoodles.jpg,,
Sueys,ProductClass,1,"Inventory,Food,Restaurant,",,,https://drive.google.com/file/d/1yaUWuWSGKz_CJJAhhEYjFHFS29c52_UW/view?usp=sharing,https://d32jc9rx98ldq0.cloudfront.net/staging/inventory/compressed/food20220524/Sueys.jpg,,
Vegeterian,ProductLine,2,"Inventory,Food,Restaurant,Sueys,",,,,https://d32jc9rx98ldq0.cloudfront.net/staging/inventory/compressed/restaurant-2/Salad.jpg,,
NonVegeterian,ProductLine,3,"Inventory,Food,Restaurant,Sueys,",,,,https://d32jc9rx98ldq0.cloudfront.net/staging/inventory/compressed/categoryimages3/NonVegetarian.jpg,,
Veg Chinese Chop Suey,ProductType,4,"Inventory,Food,Restaurant,Sueys,Vegeterian,",120,,https://drive.google.com/file/d/1HdcDiP0DeCuTNDvyns12E8jcluRDBypE/view?usp=sharing,https://d32jc9rx98ldq0.cloudfront.net/staging/inventory/compressed/food20220524/VegChineseChopSuey.jpg,,
Veg Chop Suey,ProductType,5,"Inventory,Food,Restaurant,Sueys,Vegeterian,",130,,https://drive.google.com/file/d/1EC16SGz-84Xc46Z3u-QEHVhtOusb_JUc/view?usp=sharing,https://d32jc9rx98ldq0.cloudfront.net/staging/inventory/compressed/food20220224/VegChopsuey.jpg,,
Veg American Chop Suey,ProductType,6,"Inventory,Food,Restaurant,Sueys,Vegeterian,",130,,https://drive.google.com/file/d/1SmS4ZP1TR7oi0kHE4ybH12cdcIHh8T-b/view?usp=sharing,https://d32jc9rx98ldq0.cloudfront.net/staging/inventory/compressed/restaurant-4/VegAmericanChopSuey.jpg,,
Veg Chowmein Chop Suey,ProductType,7,"Inventory,Food,Restaurant,Sueys,Vegeterian,",130,,https://drive.google.com/file/d/1NvqUZNdgIU9Bqj0GRwaVNBHm7mLNFomk/view?usp=sharing,https://d32jc9rx98ldq0.cloudfront.net/staging/inventory/compressed/food20220524/VegChowmeinChopSuey.jpg,,
Appetizers,ProductClass,1,"Inventory,Food,Restaurant,",,,https://drive.google.com/file/d/16wQxUUGeqGxlE3jdhEUkXXto7JaVniXi/view?usp=sharing,https://d32jc9rx98ldq0.cloudfront.net/staging/inventory/compressed/food20220306/Appetizers.jpg,,
Vegeterian,ProductLine,2,"Inventory,Food,Restaurant,Appetizers,",,,,https://d32jc9rx98ldq0.cloudfront.net/staging/inventory/compressed/restaurant-2/Salad.jpg,,
NonVegeterian,ProductLine,3,"Inventory,Food,Restaurant,Appetizers,",,,,https://d32jc9rx98ldq0.cloudfront.net/staging/inventory/compressed/categoryimages3/NonVegetarian.jpg,,
Veg Singapore,ProductType,4,"Inventory,Food,Restaurant,Appetizers,Vegeterian,",150,,,,170,
Veg Manchurian,ProductType,5,"Inventory,Food,Restaurant,Appetizers,Vegeterian,",150,,https://drive.google.com/file/d/1JcRpKUkGtHAU_F6awJQH4SDEVFXNNJY_/view?usp=sharing,https://d32jc9rx98ldq0.cloudfront.net/staging/inventory/compressed/restaurant-2/VegManchurian.jpg,,
Veg Mushroom,ProductType,6,"Inventory,Food,Restaurant,Appetizers,Vegeterian,",150,,https://drive.google.com/file/d/1oNxwW__xGiKTr4ecjLe8ToPxrlh1E8qT/view?usp=sharing,https://d32jc9rx98ldq0.cloudfront.net/staging/inventory/compressed/food20220524/VegMushroom.jpg,,
Veg Chilli,ProductType,7,"Inventory,Food,Restaurant,Appetizers,Vegeterian,",150,,https://drive.google.com/file/d/1D9p-R2wrUPDWZJkAY5X_wRs1dBdt3dKR/view?usp=sharing,https://d32jc9rx98ldq0.cloudfront.net/staging/inventory/compressed/restaurant-2/VegChilli.jpg,,
Veg 65,ProductType,8,"Inventory,Food,Restaurant,Appetizers,Vegeterian,",150,,https://drive.google.com/file/d/1vNWQi-EBkMH-6PuGayKQApq8nSpw6IHV/view?usp=sharing,https://d32jc9rx98ldq0.cloudfront.net/staging/inventory/compressed/restaurant-2/Veg65.jpg,170,
Veg Babycorn Chilli,ProductType,9,"Inventory,Food,Restaurant,Appetizers,Vegeterian,",200,,https://drive.google.com/file/d/12TpAL-5uhiiaqsVsZfFzxeVIPA_xZo_y/view?usp=sharing,,,
Mushroom Chilli,ProductType,10,"Inventory,Food,Restaurant,Appetizers,Vegeterian,",200,,https://drive.google.com/file/d/1U0ZgiXdil7TP99NMF9TVpI2cA0l0qfft/view?usp=sharing,https://d32jc9rx98ldq0.cloudfront.net/staging/inventory/compressed/restaurant-2/Vegeterian/MushroomChilli.jpg,,
Babycorn Mushroom Chilli,ProductType,11,"Inventory,Food,Restaurant,Appetizers,Vegeterian,",210,,https://drive.google.com/file/d/1GmtpzVcIVtKIno7622qD7WcXLYkIo7hF/view?usp=sharing,https://d32jc9rx98ldq0.cloudfront.net/staging/inventory/compressed/restaurant-2/BabyCornMushroomChilli.jpg,,
Paneer Chilli,ProductType,12,"Inventory,Food,Restaurant,Appetizers,Vegeterian,",200,,https://drive.google.com/file/d/1Kk0U0y2YhiaEMjyJl-zWAzSE1Y1J7mHd/view?usp=sharing,https://d32jc9rx98ldq0.cloudfront.net/staging/inventory/compressed/restaurant-2/Vegeterian/Paneerchilli.jpg,,
Paneer Manchurian,ProductType,13,"Inventory,Food,Restaurant,Appetizers,Vegeterian,",200,,https://drive.google.com/file/d/1EqHE3hvCkPqEYjP6uu4p5S3htSY97pAP/view?usp=sharing,https://d32jc9rx98ldq0.cloudfront.net/staging/inventory/compressed/restaurant-2/Vegeterian/PaneerManchurian.jpg,,
Paneer Schezwan,ProductType,14,"Inventory,Food,Restaurant,Appetizers,Vegeterian,",200,,https://drive.google.com/file/d/19rUFjqvrPjc0B7V8CwPm3-rmuHQy9zo_/view?usp=sharing,https://d32jc9rx98ldq0.cloudfront.net/staging/inventory/compressed/restaurant-2/PaneerSchezwan.jpg,,
Paneer Hongkong,ProductType,15,"Inventory,Food,Restaurant,Appetizers,Vegeterian,",200,,https://drive.google.com/file/d/1yE9zijiZBZ_CLMeuMWtSacviVxjCE0ky/view?usp=sharing,https://d32jc9rx98ldq0.cloudfront.net/staging/inventory/compressed/restaurant-2/PaneerHongkong.jpg,,
Paneer 65,ProductType,16,"Inventory,Food,Restaurant,Appetizers,Vegeterian,",200,,https://drive.google.com/file/d/18eQOtotfInWqsh70Rc6NLKcegEIaW-3Y/view?usp=sharing,https://d32jc9rx98ldq0.cloudfront.net/staging/inventory/compressed/restaurant-2/Paneer65.jpg,210,
Starters,ProductClass,1,"Inventory,Food,Restaurant,",,,,https://d32jc9rx98ldq0.cloudfront.net/staging/inventory/compressed/categoryimages3/Starters.jpg,,
Vegeterian,ProductLine,2,"Inventory,Food,Restaurant,Starters,",,,,https://d32jc9rx98ldq0.cloudfront.net/staging/inventory/compressed/restaurant-2/Salad.jpg,,
NonVegeterian,ProductLine,3,"Inventory,Food,Restaurant,Starters,",,,,https://d32jc9rx98ldq0.cloudfront.net/staging/inventory/compressed/categoryimages3/NonVegetarian.jpg,,
Veg Lollipop,ProductType,4,"Inventory,Food,Restaurant,Starters,Vegeterian,",140,,https://drive.google.com/file/d/1VHcE9yqD695-4FM6IUQe6sBpspfxn5ns/view?usp=sharing,https://d32jc9rx98ldq0.cloudfront.net/staging/inventory/compressed/restaurant-2/VegLollipop.jpg,,
Veg Lollipop 8Pcs,ProductUnit,5,"Inventory,Food,Restaurant,Starters,Vegeterian,Veg Lollipop,",140,,https://drive.google.com/file/d/1nUc14kfLz7FqtW1CfwiHln5hhNPo-buk/view?usp=sharing,,,
Potato Chips French Fries,ProductType,6,"Inventory,Food,Restaurant,Starters,Vegeterian,",100,,,,,
Veg Chinese Bhel,ProductType,7,"Inventory,Food,Restaurant,Starters,Vegeterian,",130,,https://drive.google.com/file/d/1H40eCv0dyvzdoNhuCGZmGbhP3HRPcvhb/view?usp=sharing,https://d32jc9rx98ldq0.cloudfront.net/staging/inventory/compressed/food03022022/VegChineseBhel.jpg,,
Veg Crispy,ProductType,8,"Inventory,Food,Restaurant,Starters,Vegeterian,",170,,https://drive.google.com/file/d/1eRoWy7sVeONn6q-umwbzYIj5GCmDsI26/view?usp=sharing,https://d32jc9rx98ldq0.cloudfront.net/staging/inventory/compressed/restaurant-2/Vegeterian/VegCrispy.jpg,180,
Paneer Crispy,ProductType,9,"Inventory,Food,Restaurant,Starters,Vegeterian,",220,,https://drive.google.com/file/d/1TJp0KX-8wfgwRILDcIYKAlOmRFxEiX8y/view?usp=sharing,https://d32jc9rx98ldq0.cloudfront.net/staging/inventory/compressed/restaurant-2/PaneerCrispy.jpg,,
Beverages,ProductClass,1,"Inventory,Food,Restaurant,",,,,https://d32jc9rx98ldq0.cloudfront.net/staging/inventory/compressed/categoryimages3/Beverages.jpg,,
Vegeterian,ProductLine,2,"Inventory,Food,Restaurant,Beverages,",,,,https://d32jc9rx98ldq0.cloudfront.net/staging/inventory/compressed/restaurant-2/Salad.jpg,,
NonVegeterian,ProductLine,3,"Inventory,Food,Restaurant,Beverages,",,,,https://d32jc9rx98ldq0.cloudfront.net/staging/inventory/compressed/categoryimages3/NonVegetarian.jpg,,
Dahi,ProductType,4,"Inventory,Food,Restaurant,Beverages,Vegeterian,",50,,https://drive.google.com/file/d/1cDaTlkyLkA1iMlI4hkZciLjKGnzykteF/view?usp=sharing,https://d32jc9rx98ldq0.cloudfront.net/staging/inventory/compressed/restaurant-2/Vegeterian/Dahi.jpg,,
Cold Coffee,ProductType,5,"Inventory,Food,Restaurant,Beverages,Vegeterian,",80,,https://drive.google.com/file/d/12q3woJzjR7FpBQfmLThIsX0ExUZ8wRPo/view?usp=sharing,https://d32jc9rx98ldq0.cloudfront.net/staging/inventory/compressed/restaurant-2/ColdCoffee.jpg,,
Lime Soda,ProductType,6,"Inventory,Food,Restaurant,Beverages,Vegeterian,",40,,https://drive.google.com/file/d/1VGnu33Q9m48r4yCwP6OWo-0P593QbJfb/view?usp=sharing,https://d32jc9rx98ldq0.cloudfront.net/staging/inventory/compressed/restaurant-2/LimeSoda.jpg,,
Lime Juice,ProductType,7,"Inventory,Food,Restaurant,Beverages,Vegeterian,",25,,https://drive.google.com/file/d/1nGISGozOpIjlohBZP4OFFSnO9KhSwU1k/view?usp=sharing,https://d32jc9rx98ldq0.cloudfront.net/staging/inventory/compressed/food240522/LimeJuice.jpg,,
Minerals Water,ProductType,8,"Inventory,Food,Restaurant,Beverages,Vegeterian,",25,,https://drive.google.com/file/d/1dtMas-N8ri3l1oqUjS2Azl6uH8yONNl0/view?usp=sharing,https://d32jc9rx98ldq0.cloudfront.net/staging/inventory/compressed/foodinventoryimages1112062022/MineralsWater.jpg,,
Cold,ProductType,9,"Inventory,Food,Restaurant,Beverages,Vegeterian,",50,,,https://d32jc9rx98ldq0.cloudfront.net/staging/inventory/compressed/restaurant-2/ColdCoffee.jpg,,
Cold 500ml,ProductUnit,10,"Inventory,Food,Restaurant,Beverages,Vegeterian,",50,,,,,
Maaza,ProductType,11,"Inventory,Food,Restaurant,Beverages,Vegeterian,",50,,https://drive.google.com/file/d/1ij78Vx-AdN-huwLOYZTrYN2lUSHYJNp8/view?usp=sharing,https://d32jc9rx98ldq0.cloudfront.net/staging/inventory/compressed/img/Maaza.jpg,,
Tea,ProductType,12,"Inventory,Food,Restaurant,Beverages,Vegeterian,",20,,https://drive.google.com/file/d/1fd2gFK13kA_Nc4iEqwyT__x9hmcV5BvG/view?usp=sharing,https://d32jc9rx98ldq0.cloudfront.net/staging/inventory/compressed/restaurant-2/Tea.jpg,,
Coffee,ProductType,13,"Inventory,Food,Restaurant,Beverages,Vegeterian,",30,,https://drive.google.com/file/d/1Euh2dH6rEeREBGnpoYhanuCocHz7zE4U/view?usp=sharing,https://d32jc9rx98ldq0.cloudfront.net/staging/inventory/compressed/restaurant-2/Coffee.jpg,,
Milk,ProductType,14,"Inventory,Food,Restaurant,Beverages,Vegeterian,",40,,https://drive.google.com/file/d/1bdbLodzIejCKnr6YkL5sHHz2OJRdcEGI/view?usp=sharing,https://d32jc9rx98ldq0.cloudfront.net/staging/inventory/compressed/restaurant-2/Vegeterian/Milk.jpg,,
Masala Milk,ProductType,15,"Inventory,Food,Restaurant,Beverages,Vegeterian,",50,,https://drive.google.com/file/d/1cpbXGglk2B5jxubmtEyXJZCCxvEKMCb_/view?usp=sharing,https://d32jc9rx98ldq0.cloudfront.net/staging/inventory/compressed/restaurant-2/MasalaMilk.jpg,,
Bournvita Milk,ProductType,16,"Inventory,Food,Restaurant,Beverages,Vegeterian,",60,,https://drive.google.com/file/d/14g3brDiH6421PzX9_HfORps3klBQHTWj/view?usp=sharing,https://d32jc9rx98ldq0.cloudfront.net/staging/inventory/compressed/foodinventoryimages1112062022/BournvitaMilk.jpg,,
Horlick Milk,ProductType,17,"Inventory,Food,Restaurant,Beverages,Vegeterian,",60,,https://drive.google.com/file/d/1hNaFStMFh305rmfBLIMX941mrzHOWTsi/view?usp=sharing,https://d32jc9rx98ldq0.cloudfront.net/staging/inventory/compressed/foodinventoryimages1112062022/HorlickMilk.jpeg,,
Punjabi Dishes,ProductClass,1,"Inventory,Food,Restaurant,",,,https://drive.google.com/file/d/1vUjWkKW6oQAX7hMhLZhFojpsTMLTXR5J/view?usp=sharing,https://d32jc9rx98ldq0.cloudfront.net/staging/inventory/compressed/food20220212/PunjabiDishes.jpg,,
Vegeterian,ProductLine,2,"Inventory,Food,Restaurant,Punjabi Dishes,",,,,https://d32jc9rx98ldq0.cloudfront.net/staging/inventory/compressed/restaurant-2/Salad.jpg,,
NonVegeterian,ProductLine,3,"Inventory,Food,Restaurant,Punjabi Dishes,",,,,https://d32jc9rx98ldq0.cloudfront.net/staging/inventory/compressed/categoryimages3/NonVegetarian.jpg,,
Aloo Gobi,ProductType,4,"Inventory,Food,Restaurant,Punjabi Dishes,Vegeterian,",150,,https://drive.google.com/file/d/1Uuw5SMoYhoRvHYS3NhDOTKkhMNUrcQyW/view?usp=sharing,https://d32jc9rx98ldq0.cloudfront.net/staging/inventory/compressed/restaurant-2/Vegeterian/AlooGobi.jpg,,
Aloo Gobi Masala Fry,ProductType,5,"Inventory,Food,Restaurant,Punjabi Dishes,Vegeterian,",200,,https://drive.google.com/file/d/1vtwRQrx2gvERUxBX7eSUsuZCN6i7yWSx/view?usp=sharing,https://d32jc9rx98ldq0.cloudfront.net/staging/inventory/compressed/foodinventoryimages1112062022/AlooGobiMasalaFry.jpg,,
Dum Aloo,ProductType,6,"Inventory,Food,Restaurant,Punjabi Dishes,Vegeterian,",150,,https://drive.google.com/file/d/1V-hGDvpgOZi7F5evfIoNc_wuykHbEJDR/view?usp=sharing,https://d32jc9rx98ldq0.cloudfront.net/staging/inventory/compressed/restaurant-2/DumAloo.jpg,,
Aloo Jeera Bhaji,ProductType,7,"Inventory,Food,Restaurant,Punjabi Dishes,Vegeterian,",100,,https://drive.google.com/file/d/156vBC9kU1grTFQj9BSudGcbtTvdhbnLh/view?usp=sharing,https://d32jc9rx98ldq0.cloudfront.net/staging/inventory/compressed/foodinventoryimages1112062022/AlooJeeraBhaji.jpg,,
Aloo Palak,ProductType,8,"Inventory,Food,Restaurant,Punjabi Dishes,Vegeterian,",200,,https://drive.google.com/file/d/1QCdqn4vqczWuJfL6Hdl1PbYizCzuTvk_/view?usp=sharing,https://d32jc9rx98ldq0.cloudfront.net/staging/inventory/compressed/restaurant-2/Vegeterian/AlooPalak.jpg,,
Aloo Mutter,ProductType,9,"Inventory,Food,Restaurant,Punjabi Dishes,Vegeterian,",150,,https://drive.google.com/file/d/19YNKlvAvT3I_Fai-s4CDdCRupTBvXJTF/view?usp=sharing,https://d32jc9rx98ldq0.cloudfront.net/staging/inventory/compressed/restaurant-2/AlooMutter.jpg,,
Chana Masala,ProductType,10,"Inventory,Food,Restaurant,Punjabi Dishes,Vegeterian,",130,,https://drive.google.com/file/d/1nZdItXvChE8U5tIvcRPEw-xj1k3IGUsu/view?usp=sharing,https://d32jc9rx98ldq0.cloudfront.net/staging/inventory/compressed/restaurant-2/Vegeterian/ChanaMasala.jpg,,
Mix Vegetable,ProductType,11,"Inventory,Food,Restaurant,Punjabi Dishes,Vegeterian,",130,,https://drive.google.com/file/d/1bCPEivgIo2NPhuhhL3nT0TDbp6-pm8Px/view?usp=sharing,https://d32jc9rx98ldq0.cloudfront.net/staging/inventory/compressed/restaurant-2/MixVegetable.jpg,,
Veg Kolhapuri,ProductType,12,"Inventory,Food,Restaurant,Punjabi Dishes,Vegeterian,",170,,https://drive.google.com/file/d/1m1uzUXSxt9B7c1QZzLM8f5Xkfl5SnP3e/view?usp=sharing,https://d32jc9rx98ldq0.cloudfront.net/staging/inventory/compressed/restaurant-2/VegKolhapuri.jpg,,
Capsicum Masala,ProductType,13,"Inventory,Food,Restaurant,Punjabi Dishes,Vegeterian,",150,,https://drive.google.com/file/d/1qQzZG_XPTUv-v1gA6xuCN3X0-d0KD1ZY/view?usp=sharing,https://d32jc9rx98ldq0.cloudfront.net/staging/inventory/compressed/foodinventoryimages1112062022/CapsicumMasala.jpg,,
Paneer Mutter,ProductType,14,"Inventory,Food,Restaurant,Punjabi Dishes,Vegeterian,",200,,https://drive.google.com/file/d/16-YuLKQTtV-87TY7tLqWc-c_AkAvoTUN/view?usp=sharing,https://d32jc9rx98ldq0.cloudfront.net/staging/inventory/compressed/restaurant-2/PaneerMutter.jpg,,
Paneer Kurma,ProductType,15,"Inventory,Food,Restaurant,Punjabi Dishes,Vegeterian,",180,,https://drive.google.com/file/d/1ue1CcCgXslCLV11mZc87vJ6CGuIPTzO6/view?usp=sharing,https://d32jc9rx98ldq0.cloudfront.net/staging/inventory/compressed/restaurant-2/PaneerKurma.jpg,,
Spl Veg Kadai,ProductType,16,"Inventory,Food,Restaurant,Punjabi Dishes,Vegeterian,",200,,https://drive.google.com/file/d/1Lc4ttsc4diDggc5wYCh3JEoNnvNhYRcO/view?usp=sharing,https://d32jc9rx98ldq0.cloudfront.net/staging/inventory/compressed/food20220524/Spl.VegKadai.jpg,,
Spl Veg Handi Small,ProductType,17,"Inventory,Food,Restaurant,Punjabi Dishes,Vegeterian,",200,,https://drive.google.com/file/d/1I0rfcrsyqn4fVSl2AFXRhyqhMn2xnApl/view?usp=sharing,https://d32jc9rx98ldq0.cloudfront.net/staging/inventory/compressed/food20220524/Spl.VegHandiSmall.jpg,,
Spl Veg Hyderabadi,ProductType,18,"Inventory,Food,Restaurant,Punjabi Dishes,Vegeterian,",220,,,,,
Paneer Makhanwala,ProductType,19,"Inventory,Food,Restaurant,Punjabi Dishes,Vegeterian,",200,,https://drive.google.com/file/d/1r7_prfnhHQIeiHyzivAgNopjDo5cVYRF/view?usp=sharing,https://d32jc9rx98ldq0.cloudfront.net/staging/inventory/compressed/restaurant-2/PaneerMakhanwala.jpg,,
Paneer Kolhapuri,ProductType,20,"Inventory,Food,Restaurant,Punjabi Dishes,Vegeterian,",200,,https://drive.google.com/file/d/1-J-2JnzyS-Oe3Ngjai14xQnDzBM_v3Da/view?usp=sharing,https://d32jc9rx98ldq0.cloudfront.net/staging/inventory/compressed/restaurant-2/PaneerKolhapuri.jpg,,
Paneer Angara,ProductType,21,"Inventory,Food,Restaurant,Punjabi Dishes,Vegeterian,",210,,https://drive.google.com/file/d/1TWKrad110VxkZ1Kp11_hACH784etr3za/view?usp=sharing,https://d32jc9rx98ldq0.cloudfront.net/staging/inventory/compressed/restaurant-2/PaneerAngara.jpg,,
Paneer Tikka Masala,ProductType,22,"Inventory,Food,Restaurant,Punjabi Dishes,Vegeterian,",220,,https://drive.google.com/file/d/1BmyxNFwPwf7zpalxZOSRuGMcKOWv1EoQ/view?usp=sharing,https://d32jc9rx98ldq0.cloudfront.net/staging/inventory/compressed/restaurant-2/PaneerTikkaMasala.jpg,,
Paneer Butter Masala,ProductType,23,"Inventory,Food,Restaurant,Punjabi Dishes,Vegeterian,",220,,https://drive.google.com/file/d/1hxW4pcTbsHP6Ql9I_VfGsXwGKF6m006R/view?usp=sharing,https://d32jc9rx98ldq0.cloudfront.net/staging/inventory/compressed/restaurant-2/PaneerButterMasala.jpg,,
Paneer Bhurji,ProductType,24,"Inventory,Food,Restaurant,Punjabi Dishes,Vegeterian,",200,,https://drive.google.com/file/d/1LZZA3_svXkXtLnQWAZxfqenp_2-30QI-/view?usp=sharing,https://d32jc9rx98ldq0.cloudfront.net/staging/inventory/compressed/restaurant-2/Vegeterian/PaneerBhurji.jpg,,
Paneer Kadai,ProductType,25,"Inventory,Food,Restaurant,Punjabi Dishes,Vegeterian,",220,,https://drive.google.com/file/d/1XGINKnRA5noOl2-dVsUXFUaDbO_Zft62/view?usp=sharing,https://d32jc9rx98ldq0.cloudfront.net/staging/inventory/compressed/restaurant-2/Vegeterian/PaneerKadai.jpg,,
Paneer Palak,ProductType,26,"Inventory,Food,Restaurant,Punjabi Dishes,Vegeterian,",220,,https://drive.google.com/file/d/1P1n-85_iUwroGyq6OtVU04Y9q19iKe7T/view?usp=sharing,https://d32jc9rx98ldq0.cloudfront.net/staging/inventory/compressed/restaurant-2/PaneerPalak.jpg,,
Paneer Punjabi,ProductType,27,"Inventory,Food,Restaurant,Punjabi Dishes,Vegeterian,",230,,https://drive.google.com/file/d/1MVjv1cgT9H4vZbQZc-hLqn46w9AghL6N/view?usp=sharing,https://d32jc9rx98ldq0.cloudfront.net/staging/inventory/compressed/restaurant-2/PaneerPunjabi.jpg,,
Paneer Dilbhar,ProductType,28,"Inventory,Food,Restaurant,Punjabi Dishes,Vegeterian,",250,,https://drive.google.com/file/d/1FEsHGO3helup-gygZ1lvtEKWKt6HRF9h/view?usp=sharing,https://d32jc9rx98ldq0.cloudfront.net/staging/inventory/compressed/foodinventoryimages1112062022/PaneerDilbhar.jpg,,
Paneer Kofta,ProductType,29,"Inventory,Food,Restaurant,Punjabi Dishes,Vegeterian,",250,,https://drive.google.com/file/d/1KcYDcZ4QMe9pvL3rJhN3-ef5umFHRmhR/view?usp=sharing,https://d32jc9rx98ldq0.cloudfront.net/staging/inventory/compressed/restaurant-2/Vegeterian/PaneerKofta.jpg,,
Paneer Maharaja,ProductType,30,"Inventory,Food,Restaurant,Punjabi Dishes,Vegeterian,",300,,https://drive.google.com/file/d/1uxRcqyWz2PPNy_OT68WoRCRXooizCZGZ/view?usp=sharing,https://d32jc9rx98ldq0.cloudfront.net/staging/inventory/compressed/restaurant-2/PaneerMaharaja.jpg,,
Paneer Mushroom Masala,ProductType,31,"Inventory,Food,Restaurant,Punjabi Dishes,Vegeterian,",250,,https://drive.google.com/file/d/1hFQHV54beax3XvRNrLGy-Pw57tKxjhA3/view?usp=sharing,https://d32jc9rx98ldq0.cloudfront.net/staging/inventory/compressed/restaurant-2/PaneerMushroomMasala.jpg,,
Spl Mushroom Masala,ProductType,32,"Inventory,Food,Restaurant,Punjabi Dishes,Vegeterian,",220,,https://drive.google.com/file/d/15L9H6ahwRomsNyYzYep9pOM229ZlieyS/view?usp=sharing,https://d32jc9rx98ldq0.cloudfront.net/staging/inventory/compressed/food20220524/SplMushroomMasala.jpg,,
Spl Veg Handi Big,ProductType,33,"Inventory,Food,Restaurant,Punjabi Dishes,Vegeterian,",350,,https://drive.google.com/file/d/1pxlNQH7Hboyt6pMYPVTzB4vTierh-xDJ/view?usp=sharing,https://d32jc9rx98ldq0.cloudfront.net/staging/inventory/compressed/food20220524/Spl.VegHandiBig.jpg,,
Veg Maharaja,ProductType,34,"Inventory,Food,Restaurant,Punjabi Dishes,Vegeterian,",230,,https://drive.google.com/file/d/1aUPHdF0M6vsNSx-CCLqMubjJJ1GRkziF/view?usp=sharing,https://d32jc9rx98ldq0.cloudfront.net/staging/inventory/compressed/restaurant-2/Veg-Maharaja.jpg,,
Veg Afghani,ProductType,35,"Inventory,Food,Restaurant,Punjabi Dishes,Vegeterian,",200,,https://drive.google.com/file/d/1gHkRYP8IieV5RB2T3Kc_uBELjkEk4vj6/view?usp=sharing,https://d32jc9rx98ldq0.cloudfront.net/staging/inventory/compressed/restaurant-4/VegAfgani.jpg,,
Veg Kofta,ProductType,36,"Inventory,Food,Restaurant,Punjabi Dishes,Vegeterian,",200,,https://drive.google.com/file/d/1Mvg_zicUKWbqy17-QkdNaNjk6pwcqvxT/view?usp=sharing,https://d32jc9rx98ldq0.cloudfront.net/staging/inventory/compressed/restaurant-2/Veg-Kofta.jpg,,
Spl Malai Kofta,ProductType,37,"Inventory,Food,Restaurant,Punjabi Dishes,Vegeterian,",300,,https://drive.google.com/file/d/15ul5_QNr33yKZNOTeheJ-O8waHZyr8kb/view?usp=sharing,https://d32jc9rx98ldq0.cloudfront.net/staging/inventory/compressed/foodinventoryimages1112062022/SplMalaiKofta.jpg,,
Bhendi Masala,ProductType,38,"Inventory,Food,Restaurant,Punjabi Dishes,Vegeterian,",180,,https://drive.google.com/file/d/19fqIuFOUUhUgkG8ydZ2ZF_cSaIi2c7DT/view?usp=sharing,https://d32jc9rx98ldq0.cloudfront.net/staging/inventory/compressed/restaurant-2/Vegeterian/BhendiMasala.jpg,,
Bhendi Fry,ProductType,39,"Inventory,Food,Restaurant,Punjabi Dishes,Vegeterian,",150,,https://drive.google.com/file/d/1JuaS9-HeNYDddzgv255-ILPSG56AoNGt/view?usp=sharing,https://d32jc9rx98ldq0.cloudfront.net/staging/inventory/compressed/restaurant-2/Vegeterian/BhendiFry.jpg,,
Milkshakes,ProductClass,1,"Inventory,Food,Restaurant,",,,https://drive.google.com/file/d/1eHh6pJTXRV9a5IOnx_w-MixJRI6CygrO/view?usp=sharing,https://d32jc9rx98ldq0.cloudfront.net/staging/inventory/compressed/restaurant7/Milkshakes.jpg,,
Vegeterian,ProductLine,2,"Inventory,Food,Restaurant,Milkshakes,",,,,https://d32jc9rx98ldq0.cloudfront.net/staging/inventory/compressed/restaurant-2/Salad.jpg,,
NonVegeterian,ProductLine,3,"Inventory,Food,Restaurant,Milkshakes,",,,,https://d32jc9rx98ldq0.cloudfront.net/staging/inventory/compressed/categoryimages3/NonVegetarian.jpg,,
Chiku Milkshake,ProductType,4,"Inventory,Food,Restaurant,Milkshakes,Vegeterian,",100,,https://drive.google.com/file/d/1dks7gzzmgxiptI9bmVj4VPJLJkY23S_j/view?usp=sharing,https://d32jc9rx98ldq0.cloudfront.net/staging/inventory/compressed/food20220511/ChikuMilkShake.jpg,,
Banana Milkshake,ProductType,5,"Inventory,Food,Restaurant,Milkshakes,Vegeterian,",110,,https://drive.google.com/file/d/1_oHojI3UUmRI68bPzlagK_75sQJzTzmP/view?usp=sharing,https://d32jc9rx98ldq0.cloudfront.net/staging/inventory/compressed/img/BananaMilkshake.jpg,,
Apple Milkshake,ProductType,6,"Inventory,Food,Restaurant,Milkshakes,Vegeterian,",120,,https://drive.google.com/file/d/17-ktX_OXNAz_CT3APQrVISIwFTxGUTrq/view?usp=sharing,https://d32jc9rx98ldq0.cloudfront.net/staging/inventory/compressed/Cafe/AppleMilkshake.jpg,,
Rose Milkshake,ProductType,7,"Inventory,Food,Restaurant,Milkshakes,Vegeterian,",70,,https://drive.google.com/file/d/1PLT10jg0NDNSaWMLSxITsyhdv2LWuSjL/view?usp=sharing,https://d32jc9rx98ldq0.cloudfront.net/staging/inventory/compressed/img/RoseMilkShake.jpg,,
Strawberry Milkshake,ProductType,8,"Inventory,Food,Restaurant,Milkshakes,Vegeterian,",70,,https://drive.google.com/file/d/17-ktX_OXNAz_CT3APQrVISIwFTxGUTrq/view?usp=sharing,https://d32jc9rx98ldq0.cloudfront.net/staging/inventory/compressed/Cafe/AppleMilkshake.jpg,,
Kesar Milkshake,ProductType,9,"Inventory,Food,Restaurant,Milkshakes,Vegeterian,",80,,https://drive.google.com/file/d/1grbPTm0MMVwkzvpUAgCDzHoIRc0iNIOq/view?usp=sharing,https://d32jc9rx98ldq0.cloudfront.net/staging/inventory/compressed/foodlinksgapApril25/KesarMilkShake.jpg,,
Breakfast,ProductClass,1,"Inventory,Food,Restaurant,",,,,https://d32jc9rx98ldq0.cloudfront.net/staging/inventory/compressed/categoryimages3/Breakfast.jpg,,
Vegeterian,ProductLine,2,"Inventory,Food,Restaurant,Breakfast,",,,,https://d32jc9rx98ldq0.cloudfront.net/staging/inventory/compressed/restaurant-2/Salad.jpg,,
NonVegeterian,ProductLine,3,"Inventory,Food,Restaurant,Breakfast,",,,,https://d32jc9rx98ldq0.cloudfront.net/staging/inventory/compressed/categoryimages3/NonVegetarian.jpg,,
Puri Bhaji,ProductType,4,"Inventory,Food,Restaurant,Breakfast,Vegeterian,",100,,https://drive.google.com/file/d/1c_oQ60JkRMIn0-mQiPpe_55Q96Zhvx3E/view?usp=sharing,https://d32jc9rx98ldq0.cloudfront.net/staging/inventory/compressed/restaurant-2/PuriBhaji.png,,
Pav Bhaji,ProductType,5,"Inventory,Food,Restaurant,Breakfast,Vegeterian,",110,,https://drive.google.com/file/d/1k_uUCECpwnv5CmChzGwV97KAx-OjujZx/view?usp=sharing,https://d32jc9rx98ldq0.cloudfront.net/staging/inventory/compressed/restaurant-2/Vegeterian/PavBhaji.jpg,,
Aloo Paratha,ProductType,6,"Inventory,Food,Restaurant,Breakfast,Vegeterian,",60,,https://drive.google.com/file/d/1-e7xl7ssjjkFNLd1vWJF_Hp9o9FVEZyS/view?usp=sharing,https://d32jc9rx98ldq0.cloudfront.net/staging/inventory/compressed/restaurant-2/AlooParatha.jpg,,
Paneer Paratha,ProductType,7,"Inventory,Food,Restaurant,Breakfast,Vegeterian,",80,,https://drive.google.com/file/d/1I-rBvyFffhbWe6DuK4DOPx_Y3S66DnHx/view?usp=sharing,https://d32jc9rx98ldq0.cloudfront.net/staging/inventory/compressed/restaurant-2/PaneerParatha.jpg,,
Kanda Poha,ProductType,8,"Inventory,Food,Restaurant,Breakfast,Vegeterian,",50,,https://drive.google.com/file/d/1UA5c6KMCuK5bUt4LL1M3eYW0yUzjBGiO/view?usp=sharing,https://d32jc9rx98ldq0.cloudfront.net/staging/inventory/compressed/foodinventoryimages1112062022/KandaPoha.jpg,,
Misal Pav,ProductType,9,"Inventory,Food,Restaurant,Breakfast,Vegeterian,",60,,https://drive.google.com/file/d/10zM6xFtQkYtAL4YWGywPsxiCdULwwfcN/view?usp=sharing,https://d32jc9rx98ldq0.cloudfront.net/staging/inventory/compressed/restaurant-2/MisalPav.jpg,,
Kheema Pav,ProductType,10,"Inventory,Food,Restaurant,Breakfast,Vegeterian,",200,,https://drive.google.com/file/d/1bMF_XwZvKgPILudhR26imIFtVOGBw4Bx/view?usp=sharing,https://d32jc9rx98ldq0.cloudfront.net/staging/inventory/compressed/foodinventoryimages1112062022/KheemaPav.jpg,,
Samosa,ProductType,11,"Inventory,Food,Restaurant,Breakfast,Vegeterian,",15,,https://drive.google.com/file/d/1zJbmh03GPlbT8l450-yeyeoWPWXaA2WJ/view?usp=sharing,https://d32jc9rx98ldq0.cloudfront.net/staging/inventory/compressed/restaurant-2/Samosa.jpg,,
Poha,ProductType,12,"Inventory,Food,Restaurant,Breakfast,Vegeterian,",40,,https://drive.google.com/file/d/1C1VIAEcUgAVE98U1_a1ZxX8cV2Twhf1E/view?usp=sharing,https://d32jc9rx98ldq0.cloudfront.net/staging/inventory/compressed/restaurant-2/Poha.jpg,,
Pav,ProductType,13,"Inventory,Food,Restaurant,Breakfast,Vegeterian,",5,,https://drive.google.com/file/d/1c8R40rdT2aLvi6tw2ybKbt8FpFfSLyzf/view?usp=sharing,https://d32jc9rx98ldq0.cloudfront.net/staging/inventory/compressed/food240522/Pav.jpg,,
Butter Pav,ProductType,14,"Inventory,Food,Restaurant,Breakfast,Vegeterian,",10,,https://drive.google.com/file/d/1x9IdSB6cHW-mZozUKHoHqTX2hnFHcDOR/view?usp=sharing,https://d32jc9rx98ldq0.cloudfront.net/staging/inventory/compressed/food20220212/ButterPav.jpg,,
Sandwich,ProductClass,1,"Inventory,Food,Restaurant,",,,,https://d32jc9rx98ldq0.cloudfront.net/staging/inventory/compressed/restaurant-2/Sandwich.jpg,,
Vegeterian,ProductLine,2,"Inventory,Food,Restaurant,Sandwich,",,,,https://d32jc9rx98ldq0.cloudfront.net/staging/inventory/compressed/restaurant-2/Salad.jpg,,
NonVegeterian,ProductLine,3,"Inventory,Food,Restaurant,Sandwich,",,,,https://d32jc9rx98ldq0.cloudfront.net/staging/inventory/compressed/categoryimages3/NonVegetarian.jpg,,
Cheese Sandwich,ProductType,4,"Inventory,Food,Restaurant,Sandwich,Vegeterian,",70,,https://drive.google.com/file/d/1lW9h6hrdRmST50JuFOfWtmn2GT8EazbV/view?usp=sharing,https://d32jc9rx98ldq0.cloudfront.net/staging/inventory/compressed/restaurant-2/CheeseSandwich.jpg,,
Thali,ProductClass,1,"Inventory,Food,Restaurant,",,,https://drive.google.com/file/d/1Rs5v4DRUvAdsRfH-z7nFDoW_hWgSu_fQ/view?usp=sharing,https://d32jc9rx98ldq0.cloudfront.net/staging/inventory/compressed/restaurant-2/Thali.jpg,,
Vegeterian,ProductLine,2,"Inventory,Food,Restaurant,Thali,",,,,https://d32jc9rx98ldq0.cloudfront.net/staging/inventory/compressed/restaurant-2/Salad.jpg,,
NonVegeterian,ProductLine,3,"Inventory,Food,Restaurant,Thali,",,,,https://d32jc9rx98ldq0.cloudfront.net/staging/inventory/compressed/categoryimages3/NonVegetarian.jpg,,
Chicken Spl Thali,ProductType,4,"Inventory,Food,Restaurant,Thali,NonVegeterian,",200,,https://drive.google.com/file/d/15n1gMZTcAdp2vRmAPrXBZmsZLhYKaOTp/view?usp=sharing,https://d32jc9rx98ldq0.cloudfront.net/staging/inventory/compressed/food01062022/ChickenSplThali.jpg,,
Egg Thali,ProductType,5,"Inventory,Food,Restaurant,Thali,NonVegeterian,",180,,https://drive.google.com/file/d/1bL50MfVvVCxGDhJmzCmq6yYABLOtotjs/view?usp=sharing,https://d32jc9rx98ldq0.cloudfront.net/staging/inventory/compressed/restaurant-2/EggThali.jpg,,
Chicken Royal Spl Thali,ProductType,6,"Inventory,Food,Restaurant,Thali,NonVegeterian,",250,,,,,
Mutton Thali,ProductType,7,"Inventory,Food,Restaurant,Thali,NonVegeterian,",300,,https://drive.google.com/file/d/151bS-vc9-aQqX-uAJGrVJSxKUIe1b2PR/view?usp=sharing,https://d32jc9rx98ldq0.cloudfront.net/staging/inventory/compressed/restaurant-2/MuttonThali.jpg,,
Mutton Spl Thali,ProductType,8,"Inventory,Food,Restaurant,Thali,NonVegeterian,",350,,https://drive.google.com/file/d/1HM1wIyj7yX9PzzQdkvH9TBdg0gOQ9-7P/view?usp=sharing,https://d32jc9rx98ldq0.cloudfront.net/staging/inventory/compressed/food01062022/MuttonSplThali.jpg,,
Non Veg Entree,ProductClass,1,"Inventory,Food,Restaurant,",,,https://drive.google.com/file/d/1l48Bw9QE_ftAGXNJZ8ierI_m81fWPtdk/view?usp=sharing,https://d32jc9rx98ldq0.cloudfront.net/staging/inventory/compressed/food20220217/NonVegEntree.jpg,,
Vegeterian,ProductLine,2,"Inventory,Food,Restaurant,Non Veg Entree,",,,,https://d32jc9rx98ldq0.cloudfront.net/staging/inventory/compressed/restaurant-2/Salad.jpg,,
NonVegeterian,ProductLine,3,"Inventory,Food,Restaurant,Non Veg Entree,",,,,https://d32jc9rx98ldq0.cloudfront.net/staging/inventory/compressed/categoryimages3/NonVegetarian.jpg,,
Chicken Kofta,ProductType,4,"Inventory,Food,Restaurant,Non Veg Entree,NonVegeterian,",250,,https://drive.google.com/file/d/1S3PxDeZmDndC6zB_vXcdQ7SDsRFtDRM9/view?usp=sharing,https://d32jc9rx98ldq0.cloudfront.net/staging/inventory/compressed/foodinventoryimages1112062022/ChickenKofta.jpg,,
Chicken Afghani,ProductType,5,"Inventory,Food,Restaurant,Non Veg Entree,NonVegeterian,",270,,https://drive.google.com/file/d/1qJ5Y_kEkrXHeLvO_o_PcMk3Aw0WTnZ_v/view?usp=sharing,https://d32jc9rx98ldq0.cloudfront.net/staging/inventory/compressed/restaurant-2/ChickenAfghani.jpg,,
Chicken Dilbar,ProductType,6,"Inventory,Food,Restaurant,Non Veg Entree,NonVegeterian,",250,,https://drive.google.com/file/d/19Ia-e7Rw9yKtPxwjYqWQ2ZW4z8Ci07nE/view?usp=sharing,https://d32jc9rx98ldq0.cloudfront.net/staging/inventory/compressed/foodinventoryimages1112062022/ChickenDilbar.jpg,,
Royal Spl Chicken,ProductType,7,"Inventory,Food,Restaurant,Non Veg Entree,NonVegeterian,",250,,,,,
Royal Spl Mutton,ProductType,8,"Inventory,Food,Restaurant,Non Veg Entree,NonVegeterian,",300,,,,,
Chicken Handi,ProductType,9,"Inventory,Food,Restaurant,Non Veg Entree,NonVegeterian,",500,,https://drive.google.com/file/d/1RMADFPBuSEsBClMMjRRF3Ywu4mtb54pt/view?usp=sharing,https://d32jc9rx98ldq0.cloudfront.net/staging/inventory/compressed/restaurant-2/ChickenHandi.jpg,,
Mutton Handi,ProductType,10,"Inventory,Food,Restaurant,Non Veg Entree,NonVegeterian,",750,,https://drive.google.com/file/d/1cDgJjzfBznwA7SQ2sVr2-m7bkYjS25MQ/view?usp=sharing,https://d32jc9rx98ldq0.cloudfront.net/staging/inventory/compressed/restaurant-2/MuttonHandi.jpg,,
Kheema Plain,ProductType,11,"Inventory,Food,Restaurant,Non Veg Entree,NonVegeterian,",180,,,,,
Kheema Fry,ProductType,12,"Inventory,Food,Restaurant,Non Veg Entree,NonVegeterian,",200,,https://drive.google.com/file/d/19E06wrFcCe42XbJ6f_kqdefseE9CSzgh/view?usp=sharing,https://d32jc9rx98ldq0.cloudfront.net/staging/inventory/compressed/restaurant-3/kheemafry.jpg,,
Kheema Ghatala,ProductType,13,"Inventory,Food,Restaurant,Non Veg Entree,NonVegeterian,",210,,https://drive.google.com/file/d/15YDELeIBulaKK5a4zTHjqWReY4Mu5ReW/view?usp=sharing,https://d32jc9rx98ldq0.cloudfront.net/staging/inventory/compressed/foodinventoryimages1112062022/KheemaGhatala.jpg,,
Butter Chicken,ProductType,14,"Inventory,Food,Restaurant,Non Veg Entree,NonVegeterian,",220,,https://drive.google.com/file/d/13BFw9Vk7UW7grE4fxHCmBswFC3wSG4uf/view?usp=sharing,https://d32jc9rx98ldq0.cloudfront.net/staging/inventory/compressed/restaurant-2/ButterChicken.jpg,,
Egg Masala,ProductType,15,"Inventory,Food,Restaurant,Non Veg Entree,NonVegeterian,",120,,https://drive.google.com/file/d/1pN-FBsZbYnOvIyYtW9x5T4XRpHKz44UY/view?usp=sharing,https://d32jc9rx98ldq0.cloudfront.net/staging/inventory/compressed/restaurant-2/EggMasala.jpg,,
Chicken Masala,ProductType,16,"Inventory,Food,Restaurant,Non Veg Entree,NonVegeterian,",160,,https://drive.google.com/file/d/16eM27vE_lLNM8GKZT5a35PjfaUi0laY9/view?usp=sharing,https://d32jc9rx98ldq0.cloudfront.net/staging/inventory/compressed/restaurant-2/ChickenMasala.jpg,,
Mutton Masala,ProductType,17,"Inventory,Food,Restaurant,Non Veg Entree,NonVegeterian,",200,,https://drive.google.com/file/d/1-4YOHkbknBQIIukm4yZwJM6f8unGYrqS/view?usp=sharing,https://d32jc9rx98ldq0.cloudfront.net/staging/inventory/compressed/restaurant-2/NonVegeterian/MuttonMasala.jpg,,
Chicken Mughlai,ProductType,18,"Inventory,Food,Restaurant,Non Veg Entree,NonVegeterian,",180,,https://drive.google.com/file/d/1pMnfMUF0vm7uxteEncpqo-ah9Zh9VB37/view?usp=sharing,https://d32jc9rx98ldq0.cloudfront.net/staging/inventory/compressed/restaurant-4/ChickenMughlai.jpg,,
Mutton Mughlai,ProductType,19,"Inventory,Food,Restaurant,Non Veg Entree,NonVegeterian,",200,,https://drive.google.com/file/d/1bo2qiBXkIDblnParmmXE38A0LYlKOlTs/view?usp=sharing,https://d32jc9rx98ldq0.cloudfront.net/staging/inventory/compressed/restaurant-2/MuttonMughlai.jpg,,
Chicken Kurma,ProductType,20,"Inventory,Food,Restaurant,Non Veg Entree,NonVegeterian,",160,,https://drive.google.com/file/d/1BSawMwL60jfNk4ePsWeN_yDb8A61G4fT/view?usp=sharing,https://d32jc9rx98ldq0.cloudfront.net/staging/inventory/compressed/restaurant-3/ChickenKurma.jpg,,
Mutton Kurma,ProductType,21,"Inventory,Food,Restaurant,Non Veg Entree,NonVegeterian,",200,,https://drive.google.com/file/d/1573aLpd7mS5whJ8J4lHStglNJtqcYkAe/view?usp=sharing,https://d32jc9rx98ldq0.cloudfront.net/staging/inventory/compressed/restaurant-3/MuttonKurma.jpg,,
Chicken Dal Gosh,ProductType,22,"Inventory,Food,Restaurant,Non Veg Entree,NonVegeterian,",160,,https://drive.google.com/file/d/1t4QQVAmJAGOkRacVGl6Rk6DIi8PJviLh/view?usp=sharing,https://d32jc9rx98ldq0.cloudfront.net/staging/inventory/compressed/food20220524/ChickenDalGosh.jpg,,
Mutton Dal Gosh,ProductType,23,"Inventory,Food,Restaurant,Non Veg Entree,NonVegeterian,",200,,https://drive.google.com/file/d/1H1mLqTMnQwHrdJKnJTQkDuIAnaJiKTPN/view?usp=sharing,https://d32jc9rx98ldq0.cloudfront.net/staging/inventory/compressed/food20220524/MuttonDalGosh.jpg,,
Chicken shahi,ProductType,24,"Inventory,Food,Restaurant,Non Veg Entree,NonVegeterian,",200,,https://drive.google.com/file/d/1hpb8f-r8eJIIDRBV_DQBn_ZY28JItKvX/view?usp=sharing,https://d32jc9rx98ldq0.cloudfront.net/staging/inventory/compressed/food04182022/ChickenShahi.jpg,,
Mutton Shahi,ProductType,25,"Inventory,Food,Restaurant,Non Veg Entree,NonVegeterian,",240,,https://drive.google.com/file/d/1v2nRZtN8dgeTikFUNyPWGHgXP7s8K3ef/view?usp=sharing,https://d32jc9rx98ldq0.cloudfront.net/staging/inventory/compressed/foodlinksgapApril25/MuttonShahi.jpg,,
Chicken Lasooni,ProductType,26,"Inventory,Food,Restaurant,Non Veg Entree,NonVegeterian,",200,,https://drive.google.com/file/d/1ZX9MJP3blB-KzXAEkp-ML0Jpy_mEKRmu/view?usp=sharing,https://d32jc9rx98ldq0.cloudfront.net/staging/inventory/compressed/restaurant-2/ChickenLasooni.jpg,,
Mutton Lasooni,ProductType,27,"Inventory,Food,Restaurant,Non Veg Entree,NonVegeterian,",240,,https://drive.google.com/file/d/1FFjq_dH1BlpLF0PptfWMMPlKEMlhMN8D/view?usp=sharing,https://d32jc9rx98ldq0.cloudfront.net/staging/inventory/compressed/food20220524/MuttonLasooni.jpg,,
Chicken Lahori,ProductType,28,"Inventory,Food,Restaurant,Non Veg Entree,NonVegeterian,",200,,https://drive.google.com/file/d/1WDjJC0VcTdgsbLy-E1HrJk31IGEawxH8/view?usp=sharing,https://d32jc9rx98ldq0.cloudfront.net/staging/inventory/compressed/restaurant-2/ChickenLahori.jpg,,
Mutton Lahori,ProductType,29,"Inventory,Food,Restaurant,Non Veg Entree,NonVegeterian,",240,,https://drive.google.com/file/d/1b-JBW42iNXn6-NSbsu4vGRH246o0oOqd/view?usp=sharing,https://d32jc9rx98ldq0.cloudfront.net/staging/inventory/compressed/foodlinksgapApril25/MuttonLahori.jpg,,
Chicken Peshwai,ProductType,30,"Inventory,Food,Restaurant,Non Veg Entree,NonVegeterian,",200,,https://drive.google.com/file/d/14rf6CxfEKLWPC4yvW_R4zakEYYA7Prl8/view?usp=sharing,https://d32jc9rx98ldq0.cloudfront.net/staging/inventory/compressed/foodinventoryimages1112062022/ChickenPeshwai.jpg,,
Mutton Peshwai,ProductType,31,"Inventory,Food,Restaurant,Non Veg Entree,NonVegeterian,",240,,https://drive.google.com/file/d/1A34E7FgsXefljoLQpohsUUKAWKwLaCae/view?usp=sharing,https://d32jc9rx98ldq0.cloudfront.net/staging/inventory/compressed/foodinventoryimages1112062022/MuttonPeshwai.jpg,,
Chicken Kolhapuri,ProductType,32,"Inventory,Food,Restaurant,Non Veg Entree,NonVegeterian,",200,,https://drive.google.com/file/d/1bWc_W7DKNzxS53IXTgHDSqj4gfK3f2wm/view?usp=sharing,https://d32jc9rx98ldq0.cloudfront.net/staging/inventory/compressed/restaurant-2/ChickenKolhapuri.gif,,
Mutton Kolhapuri,ProductType,33,"Inventory,Food,Restaurant,Non Veg Entree,NonVegeterian,",240,,https://drive.google.com/file/d/1RJcCHg8Q0w4v8uFNs-RxxWui8qSGS6eD/view?usp=sharing,https://d32jc9rx98ldq0.cloudfront.net/staging/inventory/compressed/restaurant-2/MuttonKolhapuri.jpg,,
Chicken Kadai,ProductType,34,"Inventory,Food,Restaurant,Non Veg Entree,NonVegeterian,",200,,https://drive.google.com/file/d/1C8cxqgdypW9jEspNKDp3OcfYHm85b71r/view?usp=sharing,https://d32jc9rx98ldq0.cloudfront.net/staging/inventory/compressed/restaurant-2/ChickenKadai.jpg,,
Mutton Kadai,ProductType,35,"Inventory,Food,Restaurant,Non Veg Entree,NonVegeterian,",240,,https://drive.google.com/file/d/1CWP_XeXaMQP6aTqm6VSYTZp0lckEjU9o/view?usp=sharing,https://d32jc9rx98ldq0.cloudfront.net/staging/inventory/compressed/food20220127/MuttonKadai.jpg,,
Chicken Hyderabadi,ProductType,36,"Inventory,Food,Restaurant,Non Veg Entree,NonVegeterian,",200,,https://drive.google.com/file/d/1v4gBn4uLZGTEhpGbM-qIe35AV4AXhdBO/view?usp=sharing,https://d32jc9rx98ldq0.cloudfront.net/staging/inventory/compressed/restaurant-3/ChickenHyderabadi.jpg,,
Mutton Hyderabadi,ProductType,37,"Inventory,Food,Restaurant,Non Veg Entree,NonVegeterian,",240,,https://drive.google.com/file/d/1kPUTpvkvYdUE34RBwE5zp36JGKWgXkbj/view?usp=sharing,https://d32jc9rx98ldq0.cloudfront.net/staging/inventory/compressed/restaurant-3/MuttonHyderabadi.jpg,,
Chicken Angara,ProductType,38,"Inventory,Food,Restaurant,Non Veg Entree,NonVegeterian,",200,,https://drive.google.com/file/d/18gwt4OLjzx18MzmZPlFXRjIwluiEeeb-/view?usp=sharing,https://d32jc9rx98ldq0.cloudfront.net/staging/inventory/compressed/restaurant-3/ChickenAngara.jpg,,
Mutton Angara,ProductType,39,"Inventory,Food,Restaurant,Non Veg Entree,NonVegeterian,",240,,https://drive.google.com/file/d/1wco1KalTacOp0xjuPaNoVswR7IpUNtBD/view?usp=sharing,https://d32jc9rx98ldq0.cloudfront.net/staging/inventory/compressed/restaurant-3/MuttonAngara.jpg,,
Chicken Handi Small,ProductType,40,"Inventory,Food,Restaurant,Non Veg Entree,NonVegeterian,",260,,https://drive.google.com/file/d/1jgOAxyoZ09B3EE3ETljgpS0DDECk1K16/view?usp=sharing,https://d32jc9rx98ldq0.cloudfront.net/staging/inventory/compressed/food20220524/ChickenHandiSmall.jpg,,
Mutton Handi Small,ProductType,41,"Inventory,Food,Restaurant,Non Veg Entree,NonVegeterian,",260,,https://drive.google.com/file/d/1p49EABEP9peBaP-m-fyTa0EBLBML0szL/view?usp=sharing,https://d32jc9rx98ldq0.cloudfront.net/staging/inventory/compressed/food20220524/MuttonHandiSmall.jpg,,
Chicken Tawa Fry,ProductType,42,"Inventory,Food,Restaurant,Non Veg Entree,NonVegeterian,",220,,https://drive.google.com/file/d/1NGIUYBdoKAssu2NcOMdeS1yxXj5rofKF/view?usp=sharing,https://d32jc9rx98ldq0.cloudfront.net/staging/inventory/compressed/food20220304/ChickenTawaFry.jpg,,
Mutton Tawa Fry,ProductType,43,"Inventory,Food,Restaurant,Non Veg Entree,NonVegeterian,",280,,https://drive.google.com/file/d/1r5flTqSQ0hJ4ah43ALjFXit_DzUAgvbW/view?usp=sharing,https://d32jc9rx98ldq0.cloudfront.net/staging/inventory/compressed/food20220304/MuttonTawaFry.jpg,,
Chicken Tikka Masala,ProductType,44,"Inventory,Food,Restaurant,Non Veg Entree,NonVegeterian,",220,,https://drive.google.com/file/d/19zFXY_pxa-UVhenZK8gwh6DxMFSuAhzf/view?usp=sharing,https://d32jc9rx98ldq0.cloudfront.net/staging/inventory/compressed/restaurant-2/ChickenTikkaMasala.jpg,,
Muton Tikka Masala,ProductType,45,"Inventory,Food,Restaurant,Non Veg Entree,NonVegeterian,",280,,https://drive.google.com/file/d/1Ceb-vrtza299jVVuQnFValpnRbydpW_E/view?usp=sharing,https://d32jc9rx98ldq0.cloudfront.net/staging/inventory/compressed/foodinventoryimages1112062022/MutonTikkaMasala.jpg,,
Chicken Sukka,ProductType,46,"Inventory,Food,Restaurant,Non Veg Entree,NonVegeterian,",280,,https://drive.google.com/file/d/1hx2igNKsH1giTcMBKfBg0U3Bn1PjCkvy/view?usp=sharing,https://d32jc9rx98ldq0.cloudfront.net/staging/inventory/compressed/restaurant-2/ChickenSukka.jpg,,
Mutton Sukka,ProductType,47,"Inventory,Food,Restaurant,Non Veg Entree,NonVegeterian,",350,,https://drive.google.com/file/d/1IH1N9W7ys4vZ9dIQfkItDZTATOMrQs8c/view?usp=sharing,https://d32jc9rx98ldq0.cloudfront.net/staging/inventory/compressed/restaurant-2/MuttonSukka.jpg,,
Chicken Liver Fry,ProductType,48,"Inventory,Food,Restaurant,Non Veg Entree,NonVegeterian,",180,,https://drive.google.com/file/d/1HWa1OH9rApx-AzPApPWEhU9eywLeBdGq/view?usp=sharing,https://d32jc9rx98ldq0.cloudfront.net/staging/inventory/compressed/restaurant-2/ChickenLiverFry.jpg,,
Chicken Handi,ProductType,49,"Inventory,Food,Restaurant,Non Veg Entree,NonVegeterian,",900,,https://drive.google.com/file/d/1RMADFPBuSEsBClMMjRRF3Ywu4mtb54pt/view?usp=sharing,https://d32jc9rx98ldq0.cloudfront.net/staging/inventory/compressed/restaurant-2/ChickenHandi.jpg,,
Chicken Handi Half kg ,ProductUnit,50,"Inventory,Food,Restaurant,Non Veg Entree,NonVegeterian,Chicken Handi,",500,,https://drive.google.com/file/d/1NGlrE7EQ5FTLDM5Vqg0vYWmxtmhKUdcK/view?usp=sharing,https://d32jc9rx98ldq0.cloudfront.net/staging/inventory/compressed/food01062022/ChickenHandiHalfKG.jpg,,
Chicken Handi 1kg,ProductUnit,51,"Inventory,Food,Restaurant,Non Veg Entree,NonVegeterian,Chicken Handi,",900,,https://drive.google.com/file/d/103QbiypQdVRhBvNA6FUmxiPDfDL0tEwg/view?usp=sharing,https://d32jc9rx98ldq0.cloudfront.net/staging/inventory/compressed/food01062022/ChickenHandi1kg.jpg,,
Chicken Masala Fry,ProductType,52,"Inventory,Food,Restaurant,Non Veg Entree,NonVegeterian,",1000,,https://drive.google.com/file/d/12W4rOT7ZGq9vK6ZwvwI1RHJuerNWRgEk/view?usp=sharing,https://d32jc9rx98ldq0.cloudfront.net/staging/inventory/compressed/restaurant-2/ChickenMasalaFry.jpg,,
Chicken Masala Fry Half kg,ProductUnit,53,"Inventory,Food,Restaurant,Non Veg Entree,NonVegeterian,Chicken Masala Fry,",600,,,,,
Chicken Masala Fry 1kg,ProductUnit,54,"Inventory,Food,Restaurant,Non Veg Entree,NonVegeterian,Chicken Masala Fry,",1000,,https://drive.google.com/file/d/1Ceb-vrtza299jVVuQnFValpnRbydpW_E/view?usp=sharing,https://d32jc9rx98ldq0.cloudfront.net/staging/inventory/compressed/foodinventoryimages1112062022/MutonTikkaMasala.jpg,,
Royal Spl Chicken,ProductType,55,"Inventory,Food,Restaurant,Non Veg Entree,NonVegeterian,",1000,,,,,
Royal Spl Chicken Half kg ,ProductUnit,56,"Inventory,Food,Restaurant,Non Veg Entree,NonVegeterian,Royal Spl Chicken,",600,,,,,
Royal Spl Chicken 1kg,ProductUnit,57,"Inventory,Food,Restaurant,Non Veg Entree,NonVegeterian,Royal Spl Chicken,",1000,,,,,
Mutton Masala Fry,ProductType,58,"Inventory,Food,Restaurant,Non Veg Entree,NonVegeterian,",1200,,https://drive.google.com/file/d/1qi9MEoiDAvdUFW0fCWFJb6PLvYe2fXBY/view?usp=sharing,https://d32jc9rx98ldq0.cloudfront.net/staging/inventory/compressed/food20220127/MuttonMasalaFry.jpg,,
Mutton Masala Fry Half kg,ProductUnit,59,"Inventory,Food,Restaurant,Non Veg Entree,NonVegeterian,Mutton Masala Fry,",700,,https://drive.google.com/file/d/1HSZxAt0TCV9md5xuprNPHaHeYAYTHroq/view?usp=sharing,https://d32jc9rx98ldq0.cloudfront.net/staging/inventory/compressed/foodinventoryimages1112062022/MuttonMasalaFryHalfkg.jpg,,
Mutton Masala Fry 1kg,ProductUnit,60,"Inventory,Food,Restaurant,Non Veg Entree,NonVegeterian,Mutton Masala Fry,",1200,,https://drive.google.com/file/d/1tiDyXaerEWQxB9hdGV9ut9n2e12b6Bva/view?usp=sharing,https://d32jc9rx98ldq0.cloudfront.net/staging/inventory/compressed/foodinventoryimages1112062022/MuttonMasalaFry1kg.jpg,,
Mutton Handi,ProductType,61,"Inventory,Food,Restaurant,Non Veg Entree,NonVegeterian,",1000,,https://drive.google.com/file/d/1cDgJjzfBznwA7SQ2sVr2-m7bkYjS25MQ/view?usp=sharing,https://d32jc9rx98ldq0.cloudfront.net/staging/inventory/compressed/restaurant-2/MuttonHandi.jpg,,
Mutton Handi Half kg,ProductUnit,62,"Inventory,Food,Restaurant,Non Veg Entree,NonVegeterian,Mutton Handi,",600,,https://drive.google.com/file/d/1fONGwUmaK5cmucinCDazoaGivQ9D55TY/view?usp=sharing,https://d32jc9rx98ldq0.cloudfront.net/staging/inventory/compressed/food01062022/MuttonHandiHalfkg.jpg,,
Mutton Handi 1kg,ProductUnit,63,"Inventory,Food,Restaurant,Non Veg Entree,NonVegeterian,Mutton Handi,",1000,,https://drive.google.com/file/d/1a0Oz7r1zhAdi0gi8y6B1tabSq2pKqZfs/view?usp=sharing,https://d32jc9rx98ldq0.cloudfront.net/staging/inventory/compressed/food01062022/MuttonHandi1kg.jpg,,
Omlett Sandwich,ProductType,4,"Inventory,Food,Restaurant,Sandwich,NonVegeterian,",70,,https://drive.google.com/file/d/1Csf9RFmFKlEFYHrt9pXs0jgZM7reMnrK/view?usp=sharing,https://d32jc9rx98ldq0.cloudfront.net/staging/inventory/compressed/foodinventoryimages1112062022/OmlettSandwich.jpg,,
Eggs Dishes,ProductClass,1,"Inventory,Food,Restaurant,",,,https://drive.google.com/file/d/1atIyYPc3X5MBGX2XguBHXXHRve5gkygE/view?usp=sharing,https://d32jc9rx98ldq0.cloudfront.net/staging/inventory/compressed/foodinventoryimages1112062022/EggsDishes.jpg,,
Vegeterian,ProductLine,2,"Inventory,Food,Restaurant,Eggs Dishes,",,,,https://d32jc9rx98ldq0.cloudfront.net/staging/inventory/compressed/restaurant-2/Salad.jpg,,
NonVegeterian,ProductLine,3,"Inventory,Food,Restaurant,Eggs Dishes,",,,,https://d32jc9rx98ldq0.cloudfront.net/staging/inventory/compressed/categoryimages3/NonVegetarian.jpg,,
Single Omlett,ProductType,4,"Inventory,Food,Restaurant,Eggs Dishes,NonVegeterian,",40,,https://drive.google.com/file/d/1DROvMNoxupoFD7lnlPjMpEpSJtY_Y4vP/view?usp=sharing,https://d32jc9rx98ldq0.cloudfront.net/staging/inventory/compressed/foodinventoryimages1112062022/SingleOmlett.jpg,,
Double Omlett,ProductType,5,"Inventory,Food,Restaurant,Eggs Dishes,NonVegeterian,",80,,https://drive.google.com/file/d/1A93qPogls9qggzj6hdo4bKzG1-0X6SHR/view?usp=sharing,https://d32jc9rx98ldq0.cloudfront.net/staging/inventory/compressed/foodinventoryimages1112062022/DoubleOmlett.jpg,,
Single Bhurji,ProductType,6,"Inventory,Food,Restaurant,Eggs Dishes,NonVegeterian,",40,,https://drive.google.com/file/d/1ZOlsf7vpnxuNGU83BucwciWjVTYhrCpC/view?usp=sharing,https://d32jc9rx98ldq0.cloudfront.net/staging/inventory/compressed/foodinventoryimages1112062022/SingleBhurji.jpg,,
Double Bhurji,ProductType,7,"Inventory,Food,Restaurant,Eggs Dishes,NonVegeterian,",80,,https://drive.google.com/file/d/1PIpd2Cc6c4OYAu1RCj47eBNaDCq7MVwG/view?usp=sharing,https://d32jc9rx98ldq0.cloudfront.net/staging/inventory/compressed/foodinventoryimages1112062022/DoubleBhurji.jpg,,
Single Half Fry,ProductType,8,"Inventory,Food,Restaurant,Eggs Dishes,NonVegeterian,",30,,https://drive.google.com/file/d/1F1-a6G8RnAX9qNIMkdQQMKLnvulXPbXv/view?usp=sharing,https://d32jc9rx98ldq0.cloudfront.net/staging/inventory/compressed/foodinventoryimages1112062022/SingleHalfFry.jpg,,
Double Half Fry,ProductType,9,"Inventory,Food,Restaurant,Eggs Dishes,NonVegeterian,",50,,https://drive.google.com/file/d/1eADQgLxMwVfTng_R1JA_ZwDaITRHhmsf/view?usp=sharing,https://d32jc9rx98ldq0.cloudfront.net/staging/inventory/compressed/foodinventoryimages1112062022/DoubleHalfFry.jpg,,
Boiled Egg,ProductType,10,"Inventory,Food,Restaurant,Eggs Dishes,NonVegeterian,",20,,https://drive.google.com/file/d/1I1fvjXIdn4TF_zzPff_NW7gxDvjVSW-o/view?usp=sharing,https://d32jc9rx98ldq0.cloudfront.net/staging/inventory/compressed/restaurant-2/BoiledEgg.jpg,,
Non Veg Rice,ProductClass,1,"Inventory,Food,Restaurant,",,,https://drive.google.com/file/d/1jdolLKli3NyC1zxk_um1s75h37gof4Is/view?usp=sharing,https://d32jc9rx98ldq0.cloudfront.net/staging/inventory/compressed/pendingInventoryImages/NonVegRice2.jpg,,
Vegeterian,ProductLine,2,"Inventory,Food,Restaurant,Non Veg Rice,",,,,https://d32jc9rx98ldq0.cloudfront.net/staging/inventory/compressed/restaurant-2/Salad.jpg,,
NonVegeterian,ProductLine,3,"Inventory,Food,Restaurant,Non Veg Rice,",,,,https://d32jc9rx98ldq0.cloudfront.net/staging/inventory/compressed/categoryimages3/NonVegetarian.jpg,,
Chicken Dum Biryani,ProductType,4,"Inventory,Food,Restaurant,Non Veg Rice,NonVegeterian,",180,,https://drive.google.com/file/d/1aMXAW3JKiYXAIaH-Te1Bo7fCng7mvWR4/view?usp=sharing,https://d32jc9rx98ldq0.cloudfront.net/staging/inventory/compressed/restaurant-2/ChickenDumBiryani.jpg,,
Mutton Dum Biryani,ProductType,5,"Inventory,Food,Restaurant,Non Veg Rice,NonVegeterian,",200,,https://drive.google.com/file/d/1Iufb1f_-pwWh-Co1aThLx4K1Kh9aWO9c/view?usp=sharing,https://d32jc9rx98ldq0.cloudfront.net/staging/inventory/compressed/restaurant-2/MuttonDumBiryani.jpg,,
Chicken Boneless Biryani,ProductType,6,"Inventory,Food,Restaurant,Non Veg Rice,NonVegeterian,",220,,https://drive.google.com/file/d/12mcDL64Dm5vzQZyWRguHeU0GanHUti_a/view?usp=sharing,https://d32jc9rx98ldq0.cloudfront.net/staging/inventory/compressed/grocery20220203/ChickenBonelessBiryani.jpg,,
Chicken Tikka Biryani,ProductType,7,"Inventory,Food,Restaurant,Non Veg Rice,NonVegeterian,",240,,https://drive.google.com/file/d/1SDSw6zGOFr826vzp9tEvSvNkFSh6xcxE/view?usp=sharing,https://d32jc9rx98ldq0.cloudfront.net/staging/inventory/compressed/restaurant-2/ChickenTikkaBiryani.jpg,,
Kheema Pulao,ProductType,8,"Inventory,Food,Restaurant,Non Veg Rice,NonVegeterian,",200,,https://drive.google.com/file/d/1Cy6gqf3JDMHbI0koWSnXLyU6W16_zmif/view?usp=sharing,https://d32jc9rx98ldq0.cloudfront.net/staging/inventory/compressed/food20220524/KheemaPulao.jpg,,
Mutton Pulao,ProductType,9,"Inventory,Food,Restaurant,Non Veg Rice,NonVegeterian,",200,,https://drive.google.com/file/d/1M3PpPXB_IzyURzUUBm64HaxRYmGiqirk/view?usp=sharing,https://d32jc9rx98ldq0.cloudfront.net/staging/inventory/compressed/restaurant-3/MuttonPulao.jpg,,
Chicken Pulao,ProductType,10,"Inventory,Food,Restaurant,Non Veg Rice,NonVegeterian,",160,,https://drive.google.com/file/d/17S1Q4WUnjhBBs7Z2k7QrukEp0IW7wANd/view?usp=sharing,https://d32jc9rx98ldq0.cloudfront.net/staging/inventory/compressed/restaurant-3/ChickenPulao.jpg,,
Chicken Hyderabadi Biryani,ProductType,11,"Inventory,Food,Restaurant,Non Veg Rice,NonVegeterian,",350,,https://drive.google.com/file/d/1TJ6d8w6dAbOrunLaTbfqAa5cCYLIPnw7/view?usp=sharing,https://d32jc9rx98ldq0.cloudfront.net/staging/inventory/compressed/restaurant-5/ChickenHyderabadiBiryani.jpg,,
Mutton Hyderabadi Biryani,ProductType,12,"Inventory,Food,Restaurant,Non Veg Rice,NonVegeterian,",400,,https://drive.google.com/file/d/1kIgQCZugX-EdUfZmMSJYjn-fk3C4N6a6/view?usp=sharing,https://d32jc9rx98ldq0.cloudfront.net/staging/inventory/compressed/restaurant-3/MuttonHyderabadiBiryani.jpg,,
Egg Biryani,ProductType,13,"Inventory,Food,Restaurant,Non Veg Rice,NonVegeterian,",150,,https://drive.google.com/file/d/1QIFm56UM3FSl48MPmlJdBchMJuhyRkCs/view?usp=sharing,https://d32jc9rx98ldq0.cloudfront.net/staging/inventory/compressed/restaurant-2/EggBiryani.jpg,,
Egg Pulao,ProductType,14,"Inventory,Food,Restaurant,Non Veg Rice,NonVegeterian,",150,,https://drive.google.com/file/d/1aVVX0Z_HtA6tCXhs_ux2z2bPj4ahUuzH/view?usp=sharing,https://d32jc9rx98ldq0.cloudfront.net/staging/inventory/compressed/food20220217/EggPulao.jpg,,
Kapsa Rice Plain,ProductType,15,"Inventory,Food,Restaurant,Non Veg Rice,NonVegeterian,",900,,https://drive.google.com/file/d/1wvEqEk1XrEOn-ZS_VyXQpKYWGpkZrKF3/view?usp=sharing,https://d32jc9rx98ldq0.cloudfront.net/staging/inventory/compressed/food161719062022/KapsaRicePlain.jpg,,
Kapsa Rice Schezwan,ProductType,16,"Inventory,Food,Restaurant,Non Veg Rice,NonVegeterian,",1200,,,,,
Chicken Dum Biryani,ProductType,17,"Inventory,Food,Restaurant,Non Veg Rice,NonVegeterian,",1000,,https://drive.google.com/file/d/1aMXAW3JKiYXAIaH-Te1Bo7fCng7mvWR4/view?usp=sharing,https://d32jc9rx98ldq0.cloudfront.net/staging/inventory/compressed/restaurant-2/ChickenDumBiryani.jpg,,
Chicken Dum Biryani Half kg,ProductUnit,18,"Inventory,Food,Restaurant,Non Veg Rice,NonVegeterian,Chicken Dum Biryani,",1000,,https://drive.google.com/file/d/1ImKlYyoW-0VQz7PQ0IsLo-GRyOzh817h/view?usp=sharing,https://d32jc9rx98ldq0.cloudfront.net/staging/inventory/compressed/foodinventoryimages1112062022/ChickenDumBiryaniHalfkg.jpg,,
Chicken Dum Biryani 1Kg,ProductUnit,19,"Inventory,Food,Restaurant,Non Veg Rice,NonVegeterian,Chicken Dum Biryani,",600,,https://drive.google.com/file/d/1lEQWE1Rg87wIq5GMCav-omEhFnj7-kKN/view?usp=sharing,https://d32jc9rx98ldq0.cloudfront.net/staging/inventory/compressed/food01062022/ChickenDumBiryani1Kg.jpg,,
Mutton Dum Biryani,ProductType,20,"Inventory,Food,Restaurant,Non Veg Rice,NonVegeterian,",1200,,https://drive.google.com/file/d/1Iufb1f_-pwWh-Co1aThLx4K1Kh9aWO9c/view?usp=sharing,https://d32jc9rx98ldq0.cloudfront.net/staging/inventory/compressed/restaurant-2/MuttonDumBiryani.jpg,,
Mutton Dum Biryani Half kg ,ProductUnit,21,"Inventory,Food,Restaurant,Non Veg Rice,NonVegeterian,Mutton Dum Biryani,",1200,,https://drive.google.com/file/d/1ORMazqhNHUjwSRrWkLMwUP-6jtbJ2o8l/view?usp=sharing,https://d32jc9rx98ldq0.cloudfront.net/staging/inventory/compressed/foodinventoryimages1112062022/MuttonDumBiryaniHalfkg.jpg,,
Mutton Dum Biryani 1kg,ProductUnit,22,"Inventory,Food,Restaurant,Non Veg Rice,NonVegeterian,Mutton Dum Biryani,",700,,https://drive.google.com/file/d/16u9Y-8riwpYpQivfxj2y32dxIRrJPUVG/view?usp=sharing,https://d32jc9rx98ldq0.cloudfront.net/staging/inventory/compressed/food01062022/MuttonDumBiryani1Kg.jpg,,
Chinese Rice,ProductLine,1,"Inventory,Food,Restaurant,",,,https://drive.google.com/file/d/1-SYgV7E4yAeoh-iM8YFgKSQt56qXDdk2/view?usp=sharing,https://d32jc9rx98ldq0.cloudfront.net/staging/inventory/compressed/imgs-2/ChineseRice.jpg,,
Vegeterian,ProductClass,2,"Inventory,Food,Restaurant,Chinese Rice,",,,,https://d32jc9rx98ldq0.cloudfront.net/staging/inventory/compressed/restaurant-2/Salad.jpg,,
NonVegeterian,ProductLine,3,"Inventory,Food,Restaurant,Chinese Rice,",,,,https://d32jc9rx98ldq0.cloudfront.net/staging/inventory/compressed/categoryimages3/NonVegetarian.jpg,,
Egg Fried Rice,ProductLine,4,"Inventory,Food,Restaurant,Chinese Rice,NonVegeterian,",120,,https://drive.google.com/file/d/1uhyQ0c_TMyzzUugTISJHKNkvyHNobqbb/view?usp=sharing,https://d32jc9rx98ldq0.cloudfront.net/staging/inventory/compressed/restaurant-2/EggFriedRice.jpg,,
Egg Schezwan Fried Rice,ProductType,5,"Inventory,Food,Restaurant,Chinese Rice,NonVegeterian,",130,,https://drive.google.com/file/d/1AX-RRMTmR26xbZkGzyJwyKQfWjdWny7e/view?usp=sharing,https://d32jc9rx98ldq0.cloudfront.net/staging/inventory/compressed/food20220127/EggSchezwanFriedRice.jpg,,
Chicken Fried Rice,ProductType,6,"Inventory,Food,Restaurant,Chinese Rice,NonVegeterian,",120,,https://drive.google.com/file/d/1aSDZOExwwXDvxk_RoejlAzSDdSpOMH_a/view?usp=sharing,https://d32jc9rx98ldq0.cloudfront.net/staging/inventory/compressed/restaurant-2/ChickenFriedRice.jpg,,
Chicken Schezwan Fried Rice,ProductType,7,"Inventory,Food,Restaurant,Chinese Rice,NonVegeterian,",130,,https://drive.google.com/file/d/1a89uF1aQItgs7H5ZD2iEadP4pvAHYy1N/view?usp=sharing,https://d32jc9rx98ldq0.cloudfront.net/staging/inventory/compressed/restaurant-2/ChickenSchezwanFriedRice.jpg,,
Chicken Hongkong Fried Rice,ProductType,8,"Inventory,Food,Restaurant,Chinese Rice,NonVegeterian,",140,,https://drive.google.com/file/d/124ZCKPR5bS-08-i5mYN_oIWEFvJy4kpy/view?usp=sharing,https://d32jc9rx98ldq0.cloudfront.net/staging/inventory/compressed/restaurant-2/ChickenHongkongFriedRice.jpg,,
Chicken Triple Schezwan Rice,ProductType,9,"Inventory,Food,Restaurant,Chinese Rice,NonVegeterian,",190,,https://drive.google.com/file/d/1pHZoRfScsNiB4Gp3csBOfeihvwEtpMvs/view?usp=sharing,https://d32jc9rx98ldq0.cloudfront.net/staging/inventory/compressed/restaurant-3/ChickenTripleSchezwanRice.jpg,,
Chicken Mushroom Fried Rice,ProductType,10,"Inventory,Food,Restaurant,Chinese Rice,NonVegeterian,",200,,https://drive.google.com/file/d/1ld2JdrEYJty-2DT6AjSjEuy6dWoBuv2j/view?usp=sharing,https://d32jc9rx98ldq0.cloudfront.net/staging/inventory/compressed/food20220524/ChickenMushroomFriedRice.jpg,,
Chicken Manchurian Fried Rice,ProductType,11,"Inventory,Food,Restaurant,Chinese Rice,NonVegeterian,",190,,https://drive.google.com/file/d/1CZXudzFFnyaGMVPn-IAUdR4qvQbxHgJE/view?usp=sharing,https://d32jc9rx98ldq0.cloudfront.net/staging/inventory/compressed/food03022022/ChickenManchurianFriedRice.jpg,,
Chicken Combination Rice,ProductType,12,"Inventory,Food,Restaurant,Chinese Rice,NonVegeterian,",200,,https://drive.google.com/file/d/1uTGIrX0dJ3YfvbE2vQTqVwyHj7AaZk8I/view?usp=sharing,https://d32jc9rx98ldq0.cloudfront.net/staging/inventory/compressed/restaurant-2/ChickenCombinationRice.png,,
Chicken Mixed Fried Rice,ProductType,13,"Inventory,Food,Restaurant,Chinese Rice,NonVegeterian,",210,,https://drive.google.com/file/d/10Ryb9O-GzzFiJWpG8IAGEUA1zx1L7VrC/view?usp=sharing,https://d32jc9rx98ldq0.cloudfront.net/staging/inventory/compressed/foodinventoryimages1112062022/ChickenMixedFriedRice.jpg,,
Non Veg Soups,ProductClass,1,"Inventory,Food,Restaurant,",,,https://drive.google.com/file/d/1XWJ-cXzoo1fApgrk9Kuhb6jo-YS0qD9y/view?usp=sharing,https://d32jc9rx98ldq0.cloudfront.net/staging/inventory/compressed/food20220524/NonVegSoups.jpg,,
Vegeterian,ProductLine,2,"Inventory,Food,Restaurant,Non Veg Soups,",,,,https://d32jc9rx98ldq0.cloudfront.net/staging/inventory/compressed/restaurant-2/Salad.jpg,,
NonVegeterian,ProductLine,3,"Inventory,Food,Restaurant,Non Veg Soups,",,,,https://d32jc9rx98ldq0.cloudfront.net/staging/inventory/compressed/categoryimages3/NonVegetarian.jpg,,
Chicken Clear Soup,ProductType,4,"Inventory,Food,Restaurant,Non Veg Soups,NonVegeterian,",90,,https://drive.google.com/file/d/1LX7BNBtiMlQn6XbchCtLnaod19NW4mut/view?usp=sharing,https://d32jc9rx98ldq0.cloudfront.net/staging/inventory/compressed/restaurant-2/ChickenClearSoup.jpg,,
Chicken Hot & Sour Soup,ProductType,5,"Inventory,Food,Restaurant,Non Veg Soups,NonVegeterian,",90,,https://drive.google.com/file/d/1CpxPCtVQdTgZidjhxWS-oatAe6cfdDp9/view?usp=sharing,https://d32jc9rx98ldq0.cloudfront.net/staging/inventory/compressed/restaurant-2/ChickenHotSourSoup.jpg,,
Chicken Manchow Soup,ProductType,6,"Inventory,Food,Restaurant,Non Veg Soups,NonVegeterian,",90,,https://drive.google.com/file/d/1v5C-QmonfLhh4R3NaUtzqEiQkPKBbVcq/view?usp=sharing,https://d32jc9rx98ldq0.cloudfront.net/staging/inventory/compressed/restaurant-2/ChickenManchowSoup.jpg,,
Chicken Sweet Corn Soup,ProductType,7,"Inventory,Food,Restaurant,Non Veg Soups,NonVegeterian,",90,,https://drive.google.com/file/d/10oRpNZ835MesIej31IYYfc7NYNE1XqBo/view?usp=sharing,https://d32jc9rx98ldq0.cloudfront.net/staging/inventory/compressed/restaurant-2/ChickenSweetCornSoup.jpg,,
Chicken Manderian Soup,ProductType,8,"Inventory,Food,Restaurant,Non Veg Soups,NonVegeterian,",90,,https://drive.google.com/file/d/1sy3EAEyXeYL-po1vKA-jm6zUVVFBHyRz/view?usp=sharing,https://d32jc9rx98ldq0.cloudfront.net/staging/inventory/compressed/food20220524/ChickenManderianSoup.jpg,,
Chicken Noodles Soup,ProductType,9,"Inventory,Food,Restaurant,Non Veg Soups,NonVegeterian,",90,,https://drive.google.com/file/d/1xK-j2zjNrNK7LBrTTYc5sOEPblNTk1Cd/view?usp=sharing,https://d32jc9rx98ldq0.cloudfront.net/staging/inventory/compressed/food20220216/ChickenNoodlesSoup.jpg,,
Non Veg Noodles,ProductClass,1,"Inventory,Food,Restaurant,",,,https://drive.google.com/file/d/1SCWZz6PZJq197nwFbR2j7AjXcDnC_bqQ/view?usp=sharing,https://d32jc9rx98ldq0.cloudfront.net/staging/inventory/compressed/food20220216/NonVegNoodles.jpg,,
Vegeterian,ProductLine,2,"Inventory,Food,Restaurant,Non Veg Noodles,",,,,https://d32jc9rx98ldq0.cloudfront.net/staging/inventory/compressed/restaurant-2/Salad.jpg,,
NonVegeterian,ProductLine,3,"Inventory,Food,Restaurant,Non Veg Noodles,",,,,https://d32jc9rx98ldq0.cloudfront.net/staging/inventory/compressed/categoryimages3/NonVegetarian.jpg,,
Chicken Hakka Noodles,ProductType,4,"Inventory,Food,Restaurant,Non Veg Noodles,",140,,https://drive.google.com/file/d/1RwZJOzUVrWP7EdvqdSkdx9XcWqhO77Xr/view?usp=sharing,https://d32jc9rx98ldq0.cloudfront.net/staging/inventory/compressed/restaurant-2/ChickenHakkaNoodles.jpg,,
Chicken Schezwan Noodles,ProductType,5,"Inventory,Food,Restaurant,NonVegeterian,Non Veg Noodles,",150,,https://drive.google.com/file/d/1usXndyIWtN7LDw77MfqQXnUk4yVEPBdv/view?usp=sharing,https://d32jc9rx98ldq0.cloudfront.net/staging/inventory/compressed/restaurant-2/ChickenSchezwanNoodles.jpg,,
Chicken Hongkong Noodles,ProductType,6,"Inventory,Food,Restaurant,NonVegeterian,Non Veg Noodles,",160,,,,,
Chicken Singapoe Noodles,ProductType,7,"Inventory,Food,Restaurant,NonVegeterian,Non Veg Noodles,",160,,https://drive.google.com/file/d/14URgHYZvVd-JYhZf3jXxMjXzCyHyedU0/view?usp=sharing,https://d32jc9rx98ldq0.cloudfront.net/staging/inventory/compressed/foodinventoryimages1112062022/ChickenSingapoeNoodles.jpg,,
Chicken Chowmein Noodles,ProductType,8,"Inventory,Food,Restaurant,NonVegeterian,Non Veg Noodles,",160,,,,,
Chicken Manchurian Noodles,ProductType,9,"Inventory,Food,Restaurant,NonVegeterian,Non Veg Noodles,",200,,https://drive.google.com/file/d/14JAXK6fE76Dcm_I8f7yVTtycGUa6EPkH/view?usp=sharing,https://d32jc9rx98ldq0.cloudfront.net/staging/inventory/compressed/restaurant-2/ChickenManchurianNoodles.jpg,,
Chicken Triple Schezwan Noodles,ProductType,10,"Inventory,Food,Restaurant,NonVegeterian,Non Veg Noodles,",200,,https://drive.google.com/file/d/1OSNPZL66rNVOgDSH6LTqYi1r-YnUbtsv/view?usp=sharing,https://d32jc9rx98ldq0.cloudfront.net/staging/inventory/compressed/food04182022/ChickenTripleSchezwanNoodles.jpg,,
Tandoori,ProductClass,1,"Inventory,Food,Restaurant,",,,https://drive.google.com/file/d/17nhbGr829Y_l_Z-p03j8UFugOOXcCVD7/view?usp=sharing,https://d32jc9rx98ldq0.cloudfront.net/staging/inventory/compressed/restaurant-3/Tandoori.jpg,,
Vegeterian,ProductLine,2,"Inventory,Food,Restaurant,Tandoori,",,,,https://d32jc9rx98ldq0.cloudfront.net/staging/inventory/compressed/restaurant-2/Salad.jpg,,
NonVegeterian,ProductLine,3,"Inventory,Food,Restaurant,Tandoori,",,,,https://d32jc9rx98ldq0.cloudfront.net/staging/inventory/compressed/categoryimages3/NonVegetarian.jpg,,
Mutton Leg Tandoori,ProductType,4,"Inventory,Food,Restaurant,Tandoori,NonVegeterian,",1200,,https://drive.google.com/file/d/11xRLnhHG0c4qpCGdWKpozgM8TV_9tjJ4/view?usp=sharing,https://d32jc9rx98ldq0.cloudfront.net/staging/inventory/compressed/foodinventoryimages1112062022/MuttonLegTandoori.jpg,,
Chicken Green Tandoori,ProductType,5,"Inventory,Food,Restaurant,Tandoori,NonVegeterian,",450,,https://drive.google.com/file/d/1ocJY8o01rf8yTbW6KNlIdq95H71ZkHCu/view?usp=sharing,https://d32jc9rx98ldq0.cloudfront.net/staging/inventory/compressed/restaurant-2/ChickenGreenTandoori.jpg,,
Chicken White Tandoori,ProductType,6,"Inventory,Food,Restaurant,Tandoori,NonVegeterian,",450,,https://drive.google.com/file/d/1akccD9n4FG4aZTcaaw3hHtrjfoVMApe8/view?usp=sharing,https://d32jc9rx98ldq0.cloudfront.net/staging/inventory/compressed/foodinventoryimages1112062022/ChickenWhiteTandoori.jpg,,
Chicken Chinese Chop Suey,ProductType,4,"Inventory,Food,Restaurant,Sueys,NonVegeterian,",140,,https://drive.google.com/file/d/1_6jv6j82L93IvrD5Xy9OP4CcajVTZP08/view?usp=sharing,https://d32jc9rx98ldq0.cloudfront.net/staging/inventory/compressed/food20220216/ChickenChineseChopsuey.jpg,,
Chicken Chop Suey,ProductType,5,"Inventory,Food,Restaurant,Sueys,NonVegeterian,",160,,https://drive.google.com/file/d/1jHXJlU4kNZLrczIFVT7iXBtuE6WYGTp5/view?usp=sharing,https://d32jc9rx98ldq0.cloudfront.net/staging/inventory/compressed/food20220524/ChickenChopSuey.jpg,,
Chicken American Chop Suey,ProductType,6,"Inventory,Food,Restaurant,Sueys,NonVegeterian,",160,,https://drive.google.com/file/d/1UkH47nbCfpONp8UeQB8WtydfGcPyUOiF/view?usp=sharing,https://d32jc9rx98ldq0.cloudfront.net/staging/inventory/compressed/restaurant-2/ChickenAmericanChopsy.jpg,,
Chicken Chowmein Chop Suey,ProductType,7,"Inventory,Food,Restaurant,Sueys,NonVegeterian,",140,,https://drive.google.com/file/d/1KiGcaSU_8n_-NOjg09YVMEbMGRY1_kCa/view?usp=sharing,https://d32jc9rx98ldq0.cloudfront.net/staging/inventory/compressed/food20220524/ChickenChowmeinChopSuey.jpg,,
Chicken Singapore,ProductType,4,"Inventory,Food,Restaurant,Appetizers,NonVegeterian,",180,,https://drive.google.com/file/d/1lqz9JdOyPhGHAZ49fqdMKWmqjxd5v2TE/view?usp=sharing,https://d32jc9rx98ldq0.cloudfront.net/staging/inventory/compressed/restaurant-2/ChickenSingapore.jpg,,
Chicken Manchurian,ProductType,5,"Inventory,Food,Restaurant,Appetizers,NonVegeterian,",180,,https://drive.google.com/file/d/1bda5swwEFGvjQlk_NAqTfTgkbaWFSX_V/view?usp=sharing,https://d32jc9rx98ldq0.cloudfront.net/staging/inventory/compressed/restaurant-2/ChickenManchurian.jpg,,
Chicken Mushroom,ProductType,6,"Inventory,Food,Restaurant,Appetizers,NonVegeterian,",180,,https://drive.google.com/file/d/1OskfPy1fDqhsmT4de0hT--4rblS_bKos/view?usp=sharing,https://d32jc9rx98ldq0.cloudfront.net/staging/inventory/compressed/food20220524/ChickenMushroom.jpg,,
Chicken Chilly,ProductType,7,"Inventory,Food,Restaurant,Appetizers,NonVegeterian,",200,,https://drive.google.com/file/d/1q5IG24LEbdbQCrNjAqxLnoC8v4Xs1TuE/view?usp=sharing,https://d32jc9rx98ldq0.cloudfront.net/staging/inventory/compressed/restaurant-2/ChickenChilly.jpg,,
Chicken 65,ProductType,8,"Inventory,Food,Restaurant,Appetizers,NonVegeterian,",190,,https://drive.google.com/file/d/1KiB00yMYljrQJTd8pi_-yERqqS-9omgS/view?usp=sharing,https://d32jc9rx98ldq0.cloudfront.net/staging/inventory/compressed/restaurant-2/Chicken65.jpg,,
Chicken Lollipop,ProductType,4,"Inventory,Food,Restaurant,Starters,Vegeterian,",180,,https://drive.google.com/file/d/1RkkCr_yex_M9CTZzbKIEWbdCEr0AKLJ6/view?usp=sharing,https://d32jc9rx98ldq0.cloudfront.net/staging/inventory/compressed/restaurant-2/ChickenLollipop.jpg,,
Chicken Lollipop 6Pcs,ProductUnit,5,"Inventory,Food,Restaurant,Starters,Vegeterian,Chicken Lollipop,",180,,https://drive.google.com/file/d/1kfWIhRbOoz-nvs55ZJF6UIFRDZIKmt_o/view?usp=sharing,https://d32jc9rx98ldq0.cloudfront.net/staging/inventory/compressed/restaurant-2/ChickenLollipop6Pcs.jpg,,
Chicken Lollipop Dry,ProductType,6,"Inventory,Food,Restaurant,Starters,Vegeterian,",220,,https://drive.google.com/file/d/1-se2HKxACgvkpVWl5LKkncr7R2Pz6aFN/view?usp=sharing,https://d32jc9rx98ldq0.cloudfront.net/staging/inventory/compressed/restaurant-3/ChickenLollipopDry.jpg,,
Chicken Lollipop Masala,ProductType,7,"Inventory,Food,Restaurant,Starters,Vegeterian,",220,,https://drive.google.com/file/d/1LZYdV9n-h6FuTt9QY6IOnJYvsgV9fr2M/view?usp=sharing,https://d32jc9rx98ldq0.cloudfront.net/staging/inventory/compressed/restaurant-3/ChickenLollipopMasala.jpg,,
Chicken Lollipop Gravy,ProductType,8,"Inventory,Food,Restaurant,Starters,Vegeterian,",200,,https://drive.google.com/file/d/1B8yXaNA_RSt-9_CTdu41dCBagPAymIpf/view?usp=sharing,https://d32jc9rx98ldq0.cloudfront.net/staging/inventory/compressed/restaurant-2/ChickenLollipopGravy.jpg,,
Chicken Tandoori,ProductType,9,"Inventory,Food,Restaurant,Starters,Vegeterian,",450,,https://drive.google.com/file/d/1WlsvcyYyU9mZXDHlzoLVNwQ8JF_WAj5Q/view?usp=sharing,https://d32jc9rx98ldq0.cloudfront.net/staging/inventory/compressed/restaurant-2/ChickenTandooriFull.jpg,,
Chicken Tandoori Full,ProductUnit,10,"Inventory,Food,Restaurant,Starters,Vegeterian,Chicken Tandoori,",450,,https://drive.google.com/file/d/1WtS9O3XVpgq9-mUPuTBQQFLXAjrLodPx/view?usp=sharing,https://d32jc9rx98ldq0.cloudfront.net/staging/inventory/compressed/restaurant-2/ChickenTandooriFull.jpg,,
Chicken Tandoori Half,ProductUnit,11,"Inventory,Food,Restaurant,Starters,Vegeterian,Chicken Tandoori,",250,,https://drive.google.com/file/d/1SOqQCUJJweBBc-U9Auh5ahkIQbaIHhRn/view?usp=sharing,https://d32jc9rx98ldq0.cloudfront.net/staging/inventory/compressed/restaurant-2/ChickenTandooriHalf.jpg,,
Chicken Tikka,ProductType,12,"Inventory,Food,Restaurant,Starters,Vegeterian,",200,,https://drive.google.com/file/d/1jQaGGC76Aoq-iZGYlpkm9jvyTxErR0Aj/view?usp=sharing,https://d32jc9rx98ldq0.cloudfront.net/staging/inventory/compressed/restaurant-2/ChickenTikka.jpg,,
Chicken Tandoori Schezwan,ProductType,13,"Inventory,Food,Restaurant,Starters,Vegeterian,",500,,https://drive.google.com/file/d/1Txg6lbwCUA_ZbN_XqY94JvpXxGoIp8Sj/view?usp=sharing,https://d32jc9rx98ldq0.cloudfront.net/staging/inventory/compressed/food240522/ChickenTandooriSchezwan.jpg,,
Chicken Tandoori Schezwan Full,ProductUnit,14,"Inventory,Food,Restaurant,Starters,Vegeterian,Chicken Tandoori Schezwan,",500,,https://drive.google.com/file/d/1pl6uz27ea2DdCmt1bm4hCLNVUVj0E-_g/view?usp=sharing,https://d32jc9rx98ldq0.cloudfront.net/staging/inventory/compressed/food20220524/ChickenTandooriSchezwanFull.jpg,,
Chicken Tandoori Schezwan Half,ProductUnit,15,"Inventory,Food,Restaurant,Starters,Vegeterian,Chicken Tandoori Schezwan,",280,,https://drive.google.com/file/d/1gE7B_67ZQvDZkZjjfFL5cE24vRt8Wen_/view?usp=sharing,https://d32jc9rx98ldq0.cloudfront.net/staging/inventory/compressed/food20220524/ChickenTandooriSchezwanHalf.jpg,,
Chicken Chinese Bhel,ProductType,16,"Inventory,Food,Restaurant,Starters,Vegeterian,",160,,https://drive.google.com/file/d/17xGl2UqVG93xorFiusEaytBX0AMRpQii/view?usp=sharing,https://d32jc9rx98ldq0.cloudfront.net/staging/inventory/compressed/pendingInventoryImages/ChickenChineseBhel.jpg,180,
Chicken Crispy,ProductType,17,"Inventory,Food,Restaurant,Starters,Vegeterian,",200,,https://drive.google.com/file/d/1uR2GNv5IoIsrnFaGWRgpoGxp8X1aTUVY/view?usp=sharing,https://d32jc9rx98ldq0.cloudfront.net/staging/inventory/compressed/restaurant-2/ChickenCrispy.jpg,,
