label,nodeType,order,path,price,description,Link,imageLink
Breakfast,ProductClass,1,"Inventory,Food,Restaurant,",,,,https://d32jc9rx98ldq0.cloudfront.net/staging/inventory/compressed/categoryimages3/Breakfast.jpg
Vegeterian,ProductLine,2,"Inventory,Food,Restaurant,Breakfast,",,,,https://d32jc9rx98ldq0.cloudfront.net/staging/inventory/compressed/restaurant-2/Salad.jpg
NonVegeterian,ProductLine,3,"Inventory,Food,Restaurant,Breakfast,",,,,
Vada Pav,ProductType,4,"Inventory,Food,Restaurant,Breakfast,Vegeterian,",15,,https://drive.google.com/file/d/1y8Uq1xvmcEsnDueHLu64-gdUDukGsU8X/view?usp=sharing,https://d32jc9rx98ldq0.cloudfront.net/staging/inventory/compressed/restaurant-2/VadaPav.jpg
Aloo Pakoda,ProductType,5,"Inventory,Food,Restaurant,Breakfast,Vegeterian,",25,,https://drive.google.com/file/d/1uWwVdDLBut5h078Fs6FNOy_Uq44xxECR/view?usp=sharing,https://d32jc9rx98ldq0.cloudfront.net/staging/inventory/compressed/restaurant-2/AlooPakoda.jpg
Misal Pav,ProductType,6,"Inventory,Food,Restaurant,Breakfast,Vegeterian,",40,,https://drive.google.com/file/d/10zM6xFtQkYtAL4YWGywPsxiCdULwwfcN/view?usp=sharing,https://d32jc9rx98ldq0.cloudfront.net/staging/inventory/compressed/restaurant-2/MisalPav.jpg
Vada Passa,ProductType,7,"Inventory,Food,Restaurant,Breakfast,Vegeterian,",50,,https://drive.google.com/file/d/17wAlXuKz-MWWjRkLHykwGPnDyf9QoHAU/view?usp=sharing,https://d32jc9rx98ldq0.cloudfront.net/staging/inventory/compressed/foodinventoryimages1112062022/VadaPassa.jpg
Plain Dosa,ProductType,8,"Inventory,Food,Restaurant,Breakfast,Vegeterian,",40,,https://drive.google.com/file/d/10plRQE3QzHB9B3sYn-Iln6caUOxUAyN-/view?usp=sharing,https://d32jc9rx98ldq0.cloudfront.net/staging/inventory/compressed/restaurant-2/PlainDosa.jpg
Masala Dosa,ProductType,9,"Inventory,Food,Restaurant,Breakfast,Vegeterian,",50,,https://drive.google.com/file/d/1_-oVk3t6Cho2sazbziKyWFSIPhSBbfKQ/view?usp=sharing,https://d32jc9rx98ldq0.cloudfront.net/staging/inventory/compressed/restaurant-2/MasalaDosa.jpg
Idli Sambhar,ProductType,10,"Inventory,Food,Restaurant,Breakfast,Vegeterian,",40,,https://drive.google.com/file/d/1x_0cTWlWQvJ87Lc-ut0NOo1ZzQT3Fk-d/view?usp=sharing,https://d32jc9rx98ldq0.cloudfront.net/staging/inventory/compressed/restaurant-2/IdliSambhar.jpg
Medu Vada Sambhar,ProductType,11,"Inventory,Food,Restaurant,Breakfast,Vegeterian,",40,,https://drive.google.com/file/d/1hWcXG4ajWfJ-a6JKuN_mXIqbkFYsf5QF/view?usp=sharing,https://d32jc9rx98ldq0.cloudfront.net/staging/inventory/compressed/foodinventoryimages1112062022/MeduVadaSambhar.jpg
Plain Uttapam,ProductType,12,"Inventory,Food,Restaurant,Breakfast,Vegeterian,",40,,https://drive.google.com/file/d/1gbIrQNvM-HXwjLWYw195a1oh7UrDjPLp/view?usp=sharing,https://d32jc9rx98ldq0.cloudfront.net/staging/inventory/compressed/food20220212/PlainUttapam.jpg
Onion Uttapam,ProductType,13,"Inventory,Food,Restaurant,Breakfast,Vegeterian,",50,,https://drive.google.com/file/d/1XYLjQ91jrBZDsVC890XhoHxvPwRpF9o2/view?usp=sharing,https://d32jc9rx98ldq0.cloudfront.net/staging/inventory/compressed/restaurant-2/Vegeterian/OnionUttapam.jpg
Veg Starters,ProductClass,1,"Inventory,Food,Restaurant,",,,https://drive.google.com/file/d/1rPHaBukwlz0XWULqOVgaU6r0p5LxJaQI/view?usp=sharing,https://d32jc9rx98ldq0.cloudfront.net/staging/inventory/compressed/food20220127/VegStarters.jpg
Vegeterian,ProductLine,2,"Inventory,Food,Restaurant,Veg Starters,",,,,
NonVegeterian,ProductLine,3,"Inventory,Food,Restaurant,Veg Starters,",,,,
Hong Kong Chilli,ProductType,4,"Inventory,Food,Restaurant,Veg Starters,Vegeterian,",150,,,
Paneer Chilli,ProductType,5,"Inventory,Food,Restaurant,Veg Starters,Vegeterian,",180,,https://drive.google.com/file/d/1Kk0U0y2YhiaEMjyJl-zWAzSE1Y1J7mHd/view?usp=sharing,https://d32jc9rx98ldq0.cloudfront.net/staging/inventory/compressed/restaurant-2/Vegeterian/Paneerchilli.jpg
Veg Lollipop,ProductType,6,"Inventory,Food,Restaurant,Veg Starters,Vegeterian,",160,,https://drive.google.com/file/d/1VHcE9yqD695-4FM6IUQe6sBpspfxn5ns/view?usp=sharing,https://d32jc9rx98ldq0.cloudfront.net/staging/inventory/compressed/restaurant-2/VegLollipop.jpg
Paneer Crispy Chilli,ProductType,7,"Inventory,Food,Restaurant,Veg Starters,Vegeterian,",180,,https://drive.google.com/file/d/16X9eGQ3mWRSAPUIndLu9CmtZ-18UeoZ_/view?usp=sharing,https://d32jc9rx98ldq0.cloudfront.net/staging/inventory/compressed/foodinventoryimages1112062022/PaneerCrispyChilli.jpg
Veg Paneer Manchurian,ProductType,8,"Inventory,Food,Restaurant,Veg Starters,Vegeterian,",180,,https://drive.google.com/file/d/13Hglw24hOA27QEDppM55njyGOOQu22G3/view?usp=sharing,https://d32jc9rx98ldq0.cloudfront.net/staging/inventory/compressed/food03022022/VegPaneerManchurian.jpg
Veg Manchurian,ProductType,9,"Inventory,Food,Restaurant,Veg Starters,Vegeterian,",140,,https://drive.google.com/file/d/1JcRpKUkGtHAU_F6awJQH4SDEVFXNNJY_/view?usp=sharing,https://d32jc9rx98ldq0.cloudfront.net/staging/inventory/compressed/restaurant-2/VegManchurian.jpg
Veg Entree,ProductClass,1,"Inventory,Food,Restaurant,",,,https://drive.google.com/file/d/13d5-RS6K5zB_it7T2SUJig2uLnC9EIKd/view?usp=sharing,https://d32jc9rx98ldq0.cloudfront.net/staging/inventory/compressed/food20220323/VegEntree.jpg
Vegeterian,ProductLine,2,"Inventory,Food,Restaurant,Veg Entree,",,,,
NonVegeterian,ProductLine,3,"Inventory,Food,Restaurant,Veg Entree,",,,,
Veg Kolhapuri,ProductType,4,"Inventory,Food,Restaurant,Veg Entree,Vegeterian,",120,,https://drive.google.com/file/d/1m1uzUXSxt9B7c1QZzLM8f5Xkfl5SnP3e/view?usp=sharing,https://d32jc9rx98ldq0.cloudfront.net/staging/inventory/compressed/restaurant-2/VegKolhapuri.jpg
Chana Masala,ProductType,5,"Inventory,Food,Restaurant,Veg Entree,Vegeterian,",120,,https://drive.google.com/file/d/1nZdItXvChE8U5tIvcRPEw-xj1k3IGUsu/view?usp=sharing,https://d32jc9rx98ldq0.cloudfront.net/staging/inventory/compressed/restaurant-2/Vegeterian/ChanaMasala.jpg
Shev Bhaji,ProductType,6,"Inventory,Food,Restaurant,Veg Entree,Vegeterian,",80,,https://drive.google.com/file/d/1-Iprfeqrb2krX2hW7Gw6pEN_1vSRJ4yX/view?usp=sharing,https://d32jc9rx98ldq0.cloudfront.net/staging/inventory/compressed/restaurant-2/Shev-Bhaji.jpg
Shev Tomato,ProductType,7,"Inventory,Food,Restaurant,Veg Entree,Vegeterian,",90,,https://drive.google.com/file/d/1-K6xBNE9gWDM_UHg-ysmZgXWH9A56Qcg/view?usp=sharing,https://d32jc9rx98ldq0.cloudfront.net/staging/inventory/compressed/restaurant-2/ShevTomato.jpg
Aloo Matar,ProductType,8,"Inventory,Food,Restaurant,Veg Entree,Vegeterian,",120,,https://drive.google.com/file/d/1RPW48BzzhnUcWMeSLM0JLisb-P-VDNi9/view?usp=sharing,https://d32jc9rx98ldq0.cloudfront.net/staging/inventory/compressed/restaurant-2/AlooMatar.jpg
Veg Mix,ProductType,9,"Inventory,Food,Restaurant,Veg Entree,Vegeterian,",140,,https://drive.google.com/file/d/1vUeMId37ICe5uC2UcPx1jqJWJVqsCpuK/view?usp=sharing,https://d32jc9rx98ldq0.cloudfront.net/staging/inventory/compressed/restaurant-2/VegMix.jpg
Veg Hyderabadi,ProductType,10,"Inventory,Food,Restaurant,Veg Entree,Vegeterian,",140,,https://drive.google.com/file/d/1dtA8kP58QPcqCFQMBbu9s16z4jT8xux9/view?usp=sharing,https://d32jc9rx98ldq0.cloudfront.net/staging/inventory/compressed/restaurant-2/Veg-Hyderabadi.jpg
Veg Lahori,ProductType,11,"Inventory,Food,Restaurant,Veg Entree,Vegeterian,",160,,https://drive.google.com/file/d/1QYWcij49cb5u0WeHUkqWKiP1UiDZQdQf/view?usp=sharing,https://d32jc9rx98ldq0.cloudfront.net/staging/inventory/compressed/food20220212/VegLahori.jpg
Veg Hangama,ProductType,12,"Inventory,Food,Restaurant,Veg Entree,Vegeterian,",240,,https://drive.google.com/file/d/1Y0s6kayYrcDYyKwxNwZYI57Yhis-pITv/view?usp=sharing,https://d32jc9rx98ldq0.cloudfront.net/staging/inventory/compressed/restaurant-4/VegHangama.jpg
Lasuni Chana,ProductType,13,"Inventory,Food,Restaurant,Veg Entree,Vegeterian,",80,,https://drive.google.com/file/d/1SD4Ev52U4TqNsaYA-hA-tK5oU_FCgo7b/view?usp=sharing,https://d32jc9rx98ldq0.cloudfront.net/staging/inventory/compressed/foodinventoryimages1112062022/LasuniChana.jpg
Chana Koliwada,ProductType,14,"Inventory,Food,Restaurant,Veg Entree,Vegeterian,",140,,https://drive.google.com/file/d/1B1U3CPB2fWL7cDivJAVH1FnQt_JZNbW8/view?usp=sharing,https://d32jc9rx98ldq0.cloudfront.net/staging/inventory/compressed/food20220224/Chanakoliwada.jpg
Kaju Curry,ProductType,15,"Inventory,Food,Restaurant,Veg Entree,Vegeterian,",180,,https://drive.google.com/file/d/1gC6vM-RK8u99OSMQLKktR7ByUm1Jnk6W/view?usp=sharing,https://d32jc9rx98ldq0.cloudfront.net/staging/inventory/compressed/restaurant-2/Vegeterian/KajuCurry.jpg
Kaju Masala,ProductType,16,"Inventory,Food,Restaurant,Veg Entree,Vegeterian,",220,,https://drive.google.com/file/d/1jk05_NhTywUDWFYjKrbLV45fLqWAkGm0/view?usp=sharing,https://d32jc9rx98ldq0.cloudfront.net/staging/inventory/compressed/restaurant-2/Vegeterian/KajuMasala.jpg
Veg Handi,ProductType,17,"Inventory,Food,Restaurant,Veg Entree,Vegeterian,",350,,https://drive.google.com/file/d/1OMBGMs1tQ-dGKZ241ojy_oozXgbRceTn/view?usp=sharing,https://d32jc9rx98ldq0.cloudfront.net/staging/inventory/compressed/restaurant-2/Veg-Handi.jpg
Mushroom Masala,ProductType,18,"Inventory,Food,Restaurant,Veg Entree,Vegeterian,",180,,https://drive.google.com/file/d/1lxiJ7KE2cIt_oraf27eM76_VxZCeFywA/view?usp=sharing,https://d32jc9rx98ldq0.cloudfront.net/staging/inventory/compressed/restaurant-2/Vegeterian/MushroomMasala.jpg
Veg Soup,ProductClass,1,"Inventory,Food,Restaurant,",,,https://drive.google.com/file/d/1yLlYEIedcl0jUYKgFBGLxxLSHqElVT62/view?usp=sharing,https://d32jc9rx98ldq0.cloudfront.net/staging/inventory/compressed/restaurant-2/Veg-Soup.jpg
Vegeterian,ProductLine,2,"Inventory,Food,Restaurant,Veg Soup,",,,,
NonVegeterian,ProductLine,3,"Inventory,Food,Restaurant,Veg Soup,",,,,
Veg Mushroom Soup,ProductType,4,"Inventory,Food,Restaurant,Veg Soup,Vegeterian,",140,,https://drive.google.com/file/d/1O3s5RrWj7_XdPiVmxGpHODCr6HHK4LSD/view?usp=sharing,https://d32jc9rx98ldq0.cloudfront.net/staging/inventory/compressed/food03022022/VegMushroomSoup.jpg
Veg Mushroom Soup Full,ProductUnit,5,"Inventory,Food,Restaurant,Veg Soup,Vegeterian,Veg Mushroom Soup,",140,,https://drive.google.com/file/d/1vR375oXJLifADKDxHEe6N8o5InIJ5ILl/view?usp=sharing,https://d32jc9rx98ldq0.cloudfront.net/staging/inventory/compressed/foodinventoryimages1112062022/VegMushroomSoupFull.jpg
Veg Mushroom Soup Half,ProductUnit,6,"Inventory,Food,Restaurant,Veg Soup,Vegeterian,Veg Mushroom Soup,",90,,https://drive.google.com/file/d/1RWRwH9MzC3HgGpXelpYqguf5QMgHXQox/view?usp=sharing,https://d32jc9rx98ldq0.cloudfront.net/staging/inventory/compressed/foodinventoryimages1112062022/VegMushroomSoupHalf.jpg
Veg Sweet Corn Soup,ProductType,7,"Inventory,Food,Restaurant,Veg Soup,Vegeterian,",140,,https://drive.google.com/file/d/1DhM9DUO6aGaH98qUCjU6GjG9Q4SeSyg2/view?usp=sharing,https://d32jc9rx98ldq0.cloudfront.net/staging/inventory/compressed/restaurant-2/VegSweetCornSoup.jpg
Veg Sweet Corn Soup Full,ProductUnit,8,"Inventory,Food,Restaurant,Veg Soup,Vegeterian,Veg Sweet Corn Soup,",140,,https://drive.google.com/file/d/1a4cehvTzIWrTKsiyFcRwR73Xs1EFkQKQ/view?usp=sharing,https://d32jc9rx98ldq0.cloudfront.net/staging/inventory/compressed/food20220524/VegSweetCornSoupFull.jpg
Veg Sweet Corn Soup Half,ProductUnit,9,"Inventory,Food,Restaurant,Veg Soup,Vegeterian,Veg Sweet Corn Soup,",80,,https://drive.google.com/file/d/1ouO1gmUNjJ8mZl8fCvLuRP5O4rknI0rP/view?usp=sharing,https://d32jc9rx98ldq0.cloudfront.net/staging/inventory/compressed/food20220524/VegSweetCornSoupHalf.jpg
Ginger Soup,ProductType,10,"Inventory,Food,Restaurant,Veg Soup,Vegeterian,",140,,https://drive.google.com/file/d/1AlFAoYwDRskrTk6c-OwtN7xHdL2Ys86G/view?usp=sharing,https://d32jc9rx98ldq0.cloudfront.net/staging/inventory/compressed/foodinventoryimages1112062022/GingerSoup.jpg
Ginger Soup Full,ProductUnit,11,"Inventory,Food,Restaurant,Veg Soup,Vegeterian,Ginger Soup,",140,,https://drive.google.com/file/d/18OTvmP_FbWA9wBsVaWcWtMWD-_NAjGmv/view?usp=sharing,https://d32jc9rx98ldq0.cloudfront.net/staging/inventory/compressed/foodinventoryimages1112062022/GingerSoupFull.jpg
Ginger Soup Half,ProductUnit,12,"Inventory,Food,Restaurant,Veg Soup,Vegeterian,Ginger Soup,",100,,https://drive.google.com/file/d/1ZC-wV4u7Wuivu5eW_sQ8gSQipzGuLQfU/view?usp=sharing,https://d32jc9rx98ldq0.cloudfront.net/staging/inventory/compressed/foodinventoryimages1112062022/GingerSoupHalf.jpg
Veg Manchow Soup,ProductType,13,"Inventory,Food,Restaurant,Veg Soup,Vegeterian,",80,,https://drive.google.com/file/d/1ZHfj80mG4nonkD938YcNcqpsbo76_3Bh/view?usp=sharing,https://d32jc9rx98ldq0.cloudfront.net/staging/inventory/compressed/restaurant-2/vegManchowSoup.jpg
Veg Manchow Soup Full,ProductUnit,14,"Inventory,Food,Restaurant,Veg Soup,Vegeterian,Veg Manchow Soup,",80,,https://drive.google.com/file/d/14mHB8q99Q9eWGpuyi9RWd16OB2RixqcP/view?usp=sharing,https://d32jc9rx98ldq0.cloudfront.net/staging/inventory/compressed/food20220524/VegManchowSoupFull.jpeg
Veg Manchow Soup Half,ProductUnit,15,"Inventory,Food,Restaurant,Veg Soup,Vegeterian,Veg Manchow Soup,",40,,https://drive.google.com/file/d/19M1aaZyWemwfLVEilzAUbNJ5XukK9TsS/view?usp=sharing,https://d32jc9rx98ldq0.cloudfront.net/staging/inventory/compressed/food20220524/VegManchowSoupHalf.jpeg
Dal,ProductClass,1,"Inventory,Food,Restaurant,",,,https://drive.google.com/file/d/1kIqV6ymtUXLw1Cju6QW4eoDTezD0RVJV/view?usp=sharing,https://d32jc9rx98ldq0.cloudfront.net/staging/inventory/compressed/food20220212/Dal.jpg
Vegeterian,ProductLine,2,"Inventory,Food,Restaurant,Dal,",,,,
NonVegeterian,ProductLine,3,"Inventory,Food,Restaurant,Dal,",,,,
Dal Fry,ProductType,4,"Inventory,Food,Restaurant,Dal,Vegeterian,",60,,https://drive.google.com/file/d/1K8tvnEHHFvnC05dq2Qx-p-dJ1RZDhOaK/view?usp=sharing,https://d32jc9rx98ldq0.cloudfront.net/staging/inventory/compressed/restaurant-2/Vegeterian/DalFry.jpg
Dal Tadka,ProductType,5,"Inventory,Food,Restaurant,Dal,Vegeterian,",80,,https://drive.google.com/file/d/14RUwq8nVglapT24psGzGu5oLTx-UOZB7/view?usp=sharing,https://d32jc9rx98ldq0.cloudfront.net/staging/inventory/compressed/restaurant-2/Vegeterian/DalTadka.jpg
Dal Makhani,ProductType,6,"Inventory,Food,Restaurant,Dal,Vegeterian,",120,,https://drive.google.com/file/d/1bx4zFB3n5TKpwLaxvoc2JGDgMQI_4sWj/view?usp=sharing,https://d32jc9rx98ldq0.cloudfront.net/staging/inventory/compressed/restaurant-2/DalMakhani.jpg
Paneer Special,ProductClass,1,"Inventory,Food,Restaurant,",,,https://drive.google.com/file/d/1USJMM5fzMFsvrTDn4StrcebuxS9hes02/view?usp=sharing,https://d32jc9rx98ldq0.cloudfront.net/staging/inventory/compressed/restaurant-2/Vegeterian/PaneerSpecial.jpg
Vegeterian,ProductLine,2,"Inventory,Food,Restaurant,Paneer Special,",,,,
NonVegeterian,ProductLine,3,"Inventory,Food,Restaurant,Paneer Special,",,,,
Matar Paneer,ProductType,4,"Inventory,Food,Restaurant,Paneer Special,Vegeterian,",120,,https://drive.google.com/file/d/1_gYUesBF6YyPzI8vG1nbkF38qzcdeCwQ/view?usp=sharing,https://d32jc9rx98ldq0.cloudfront.net/staging/inventory/compressed/restaurant-2/MatarPaneer.jpg
Paneer Bhurji,ProductType,5,"Inventory,Food,Restaurant,Paneer Special,Vegeterian,",140,,https://drive.google.com/file/d/1LZZA3_svXkXtLnQWAZxfqenp_2-30QI-/view?usp=sharing,https://d32jc9rx98ldq0.cloudfront.net/staging/inventory/compressed/restaurant-2/Vegeterian/PaneerBhurji.jpg
Paneer Navratan Kurma,ProductType,6,"Inventory,Food,Restaurant,Paneer Special,Vegeterian,",150,,https://drive.google.com/file/d/19dyXd5XWYApBwjDwnQ91oxHiHiJkhjyQ/view?usp=sharing,https://d32jc9rx98ldq0.cloudfront.net/staging/inventory/compressed/foodinventoryimages1112062022/PaneerNavratanKurma.jpg
Paneer Patiyala,ProductType,7,"Inventory,Food,Restaurant,Paneer Special,Vegeterian,",160,,https://drive.google.com/file/d/1Qo49vPHnwNLKiiUxNnE9U3-FBF0_wAkj/view?usp=sharing,https://d32jc9rx98ldq0.cloudfront.net/staging/inventory/compressed/restaurant-2/PaneerPatiyala.jpg
Paneer Kadai,ProductType,8,"Inventory,Food,Restaurant,Paneer Special,Vegeterian,",180,,https://drive.google.com/file/d/1XGINKnRA5noOl2-dVsUXFUaDbO_Zft62/view?usp=sharing,https://d32jc9rx98ldq0.cloudfront.net/staging/inventory/compressed/restaurant-2/Vegeterian/PaneerKadai.jpg
Paneer Butter Masala,ProductType,9,"Inventory,Food,Restaurant,Paneer Special,Vegeterian,",200,,https://drive.google.com/file/d/1hxW4pcTbsHP6Ql9I_VfGsXwGKF6m006R/view?usp=sharing,https://d32jc9rx98ldq0.cloudfront.net/staging/inventory/compressed/restaurant-2/PaneerButterMasala.jpg
Paneer Tikka Masala (Fry),ProductType,10,"Inventory,Food,Restaurant,Paneer Special,Vegeterian,",200,,https://drive.google.com/file/d/1FQFVOTif7s2lrbqfhknUcbDAbkbkm0tQ/view?usp=sharing,https://d32jc9rx98ldq0.cloudfront.net/staging/inventory/compressed/foodinventoryimages1112062022/PaneerTikkaMasalaFry.jpg
Palak Paneer,ProductType,11,"Inventory,Food,Restaurant,Paneer Special,Vegeterian,",120,,https://drive.google.com/file/d/15TSU15zdBHcKR9I_i1fBqvMPLl4_FgN7/view?usp=sharing,https://d32jc9rx98ldq0.cloudfront.net/staging/inventory/compressed/restaurant-2/PalakPaneer.jpg
Paneer Handi,ProductType,12,"Inventory,Food,Restaurant,Paneer Special,Vegeterian,",600,,https://drive.google.com/file/d/16FIXd77bHP3EkwponZbxdiXpg0NC_-Vi/view?usp=sharing,https://d32jc9rx98ldq0.cloudfront.net/staging/inventory/compressed/restaurant-2/Vegeterian/PaneerHandi.jpg
Paneer Handi Full,ProductUnit,13,"Inventory,Food,Restaurant,Paneer Special,Vegeterian,Paneer Handi,",600,,https://drive.google.com/file/d/1vQqbWeboGWkXGtN9IBJLxDqjMBpqlTxI/view?usp=sharing,https://d32jc9rx98ldq0.cloudfront.net/staging/inventory/compressed/restaurant-2/PaneerHandiFull.jpg
Paneer Handi Half,ProductUnit,14,"Inventory,Food,Restaurant,Paneer Special,Vegeterian,Paneer Handi,",350,,https://drive.google.com/file/d/1b5o6W19e_ZZHNCZMZm9hFifLbpEQwIhT/view?usp=sharing,https://d32jc9rx98ldq0.cloudfront.net/staging/inventory/compressed/restaurant-2/PaneerHandiHalf.png
Veg Chinise,ProductClass,1,"Inventory,Food,Restaurant,",,,https://drive.google.com/file/d/19yp3S9Ty_5n5gx1nsjoAfUx11pIXsYKl/view?usp=sharing,https://d32jc9rx98ldq0.cloudfront.net/staging/inventory/compressed/foodinventoryimages1112062022/VegChinise.jpg
Vegeterian,ProductLine,2,"Inventory,Food,Restaurant,Veg Chinise,",,,,
NonVegeterian,ProductLine,3,"Inventory,Food,Restaurant,Veg Chinise,",,,,
Hakka Noodles,ProductType,4,"Inventory,Food,Restaurant,Veg Chinise,Vegeterian,",120,,https://drive.google.com/file/d/18FsWPwx8tncps1VikLC9UIbqDKRGPPyF/view?usp=sharing,https://d32jc9rx98ldq0.cloudfront.net/staging/inventory/compressed/restaurant-2/HakkaNoodles.jpg
Hakka Noodles Full,ProductUnit,5,"Inventory,Food,Restaurant,Veg Chinise,Vegeterian,Hakka Noodles,",120,,,https://d32jc9rx98ldq0.cloudfront.net/staging/inventory/compressed/restaurant7/HakkaNoodlesFull.jpg
Hakka Noodles Half,ProductUnit,6,"Inventory,Food,Restaurant,Veg Chinise,Vegeterian,Hakka Noodles,",70,,,https://d32jc9rx98ldq0.cloudfront.net/staging/inventory/compressed/restaurant7/HakkaNoodlesFull.jpg
Fried Rice,ProductType,7,"Inventory,Food,Restaurant,Veg Chinise,Vegeterian,",140,,https://drive.google.com/file/d/1DIwrqLBQA06tZTNutwX-gYSolgANQhBp/view?usp=sharing,https://d32jc9rx98ldq0.cloudfront.net/staging/inventory/compressed/restaurant-2/FriedRice.jpg
Fried Rice Full,ProductUnit,8,"Inventory,Food,Restaurant,Veg Chinise,Vegeterian,Fried Rice,",140,,,https://d32jc9rx98ldq0.cloudfront.net/staging/inventory/compressed/restaurant7/FriedRiceFull.jpg
Fried Rice Half,ProductUnit,9,"Inventory,Food,Restaurant,Veg Chinise,Vegeterian,Fried Rice,",80,,,https://d32jc9rx98ldq0.cloudfront.net/staging/inventory/compressed/restaurant7/FriedRiceFull.jpg
Schezwan Noodles,ProductType,10,"Inventory,Food,Restaurant,Veg Chinise,Vegeterian,",140,,https://drive.google.com/file/d/18mRtY1WH0owVL-322PHRxXJadtxCVAmA/view?usp=sharing,https://d32jc9rx98ldq0.cloudfront.net/staging/inventory/compressed/restaurant-2/Schezwan-Noodles.jpg
Schezwan Noodles Full,ProductUnit,11,"Inventory,Food,Restaurant,Veg Chinise,Vegeterian,Schezwan Noodles,",140,,https://drive.google.com/file/d/1O3jwDkZEhmGLfhCt98SVHwIo_00YLQ89/view?usp=sharing,https://d32jc9rx98ldq0.cloudfront.net/staging/inventory/compressed/foodinventoryimages1112062022/SchezwanNoodlesFull.jpg
Schezwan Noodles Half,ProductUnit,12,"Inventory,Food,Restaurant,Veg Chinise,Vegeterian,Schezwan Noodles,",80,,https://drive.google.com/file/d/1vVYWOULlQObkJ1IjkWhYS0HuhE-2eVJ4/view?usp=sharing,https://d32jc9rx98ldq0.cloudfront.net/staging/inventory/compressed/foodinventoryimages1112062022/SchezwanNoodlesHalf.jpg
Schezwan Rice,ProductType,13,"Inventory,Food,Restaurant,Veg Chinise,Vegeterian,",160,,https://drive.google.com/file/d/1GKO3YVjZ7d_a-_WJkiE7mWyZFQFK7k-u/view?usp=sharing,https://d32jc9rx98ldq0.cloudfront.net/staging/inventory/compressed/restaurant-2/Schezwan-Rice.jpg
Schezwan Rice Full,ProductUnit,14,"Inventory,Food,Restaurant,Veg Chinise,Vegeterian,Schezwan Rice,",160,,https://drive.google.com/file/d/1imlm2XSAO-cpVdNlOHKIcb4SjqeNAxRs/view?usp=sharing,https://d32jc9rx98ldq0.cloudfront.net/staging/inventory/compressed/foodinventoryimages1112062022/SchezwanRiceFull.jpg
Schezwan Rice Half,ProductUnit,15,"Inventory,Food,Restaurant,Veg Chinise,Vegeterian,Schezwan Rice,",90,,https://drive.google.com/file/d/1Ne3ucKZDotcP7mdckMvMadiQJXkGdsea/view?usp=sharing,https://d32jc9rx98ldq0.cloudfront.net/staging/inventory/compressed/foodinventoryimages1112062022/SchezwanRiceHalf.jpg
Hong Kong Rice,ProductType,16,"Inventory,Food,Restaurant,Veg Chinise,Vegeterian,",160,,https://drive.google.com/file/d/1uFUGOHD00whljR7tnUrMEWe2K9n3Wvco/view?usp=sharing,https://d32jc9rx98ldq0.cloudfront.net/staging/inventory/compressed/food20220212/HongKongRice.jpg
Hong Kong Rice Full,ProductUnit,17,"Inventory,Food,Restaurant,Veg Chinise,Vegeterian,Hong Kong Rice,",160,,https://drive.google.com/file/d/1a0daijbP9GIB6Wjvf2eW2ZaanQN3po82/view?usp=sharing,https://d32jc9rx98ldq0.cloudfront.net/staging/inventory/compressed/foodinventoryimages1112062022/HongKongRiceFull.jpg
Hong Kong Rice Half,ProductUnit,18,"Inventory,Food,Restaurant,Veg Chinise,Vegeterian,Hong Kong Rice,",90,,https://drive.google.com/file/d/1i86q5a8rxiRzPP-N4ohpcuvurl4FG9j4/view?usp=sharing,https://d32jc9rx98ldq0.cloudfront.net/staging/inventory/compressed/foodinventoryimages1112062022/HongKongRiceHalf.jpg
Malaysian Rice,ProductType,19,"Inventory,Food,Restaurant,Veg Chinise,Vegeterian,",160,,https://drive.google.com/file/d/17SPFDjGnS8yGMtBB8gFXMiuDj3yVdxJz/view?usp=sharing,https://d32jc9rx98ldq0.cloudfront.net/staging/inventory/compressed/foodinventoryimages1112062022/MalaysianRice.jpg
Malaysian Rice Full,ProductUnit,20,"Inventory,Food,Restaurant,Veg Chinise,Vegeterian,Malaysian Rice,",160,,https://drive.google.com/file/d/1R7sqBC1cA6nyRogZKeYv1N8b3h0jR2ir/view?usp=sharing,https://d32jc9rx98ldq0.cloudfront.net/staging/inventory/compressed/foodinventoryimages1112062022/MalaysianRiceFull.jpg
Malaysian Rice Half,ProductUnit,21,"Inventory,Food,Restaurant,Veg Chinise,Vegeterian,Malaysian Rice,",90,,https://drive.google.com/file/d/1lVH2Bt7SdzI_B5pGuOvUy3UUmrI81vOh/view?usp=sharing,https://d32jc9rx98ldq0.cloudfront.net/staging/inventory/compressed/foodinventoryimages1112062022/MalaysianRiceHalf.jpg
Malaysian Noodles,ProductType,22,"Inventory,Food,Restaurant,Veg Chinise,Vegeterian,",150,,https://drive.google.com/file/d/1zq3m_vRpW1V5JsF95c5ixRqKdsz_kACV/view?usp=sharing,https://d32jc9rx98ldq0.cloudfront.net/staging/inventory/compressed/foodinventoryimages1112062022/MalaysianNoodles.jpg
Malaysian Noodles Full,ProductUnit,23,"Inventory,Food,Restaurant,Veg Chinise,Vegeterian,Malaysian Noodles,",150,,https://drive.google.com/file/d/1qcFPwIbDE4wRZbN8gXLJb2yNHMNiX9vC/view?usp=sharing,https://d32jc9rx98ldq0.cloudfront.net/staging/inventory/compressed/foodinventoryimages1112062022/MalaysianNoodlesFull.jpg
Malaysian Noodles Half,ProductUnit,24,"Inventory,Food,Restaurant,Veg Chinise,Vegeterian,Malaysian Noodles,",80,,https://drive.google.com/file/d/1hHkrmTFegvkfU27TiFI7DnFoSMiX9ZBe/view?usp=sharing,https://d32jc9rx98ldq0.cloudfront.net/staging/inventory/compressed/foodinventoryimages1112062022/MalaysianNoodlesHalf.jpg
Papad Snacks,ProductClass,1,"Inventory,Food,Restaurant,",,,https://drive.google.com/file/d/1VzVQ1sphj-Al0QUu4HnLzoaKvbR33K9u/view?usp=sharing,https://d32jc9rx98ldq0.cloudfront.net/staging/inventory/compressed/foodinventoryimages1112062022/PapadSnacks.jpg
Vegeterian,ProductLine,2,"Inventory,Food,Restaurant,Papad Snacks,",,,,
NonVegeterian,ProductLine,3,"Inventory,Food,Restaurant,Papad Snacks,",,,,
Udad Papad Roasted,ProductType,4,"Inventory,Food,Restaurant,Papad Snacks,Vegeterian,",10,,https://drive.google.com/file/d/1yo1E7wHX6j9h2N0NfC2sCgfE9aAxV838/view?usp=sharing,https://d32jc9rx98ldq0.cloudfront.net/staging/inventory/compressed/foodinventoryimages1112062022/UdadPapadRoasted.jpeg
Udad Papad Fry,ProductType,5,"Inventory,Food,Restaurant,Papad Snacks,Vegeterian,",15,,https://drive.google.com/file/d/1S6Au697glJ6XhWEnf7G_ftviQgl7A2W0/view?usp=sharing,https://d32jc9rx98ldq0.cloudfront.net/staging/inventory/compressed/foodinventoryimages1112062022/UdadPapadFry.jpg
Nagli Papad Roasted,ProductType,6,"Inventory,Food,Restaurant,Papad Snacks,Vegeterian,",10,,https://drive.google.com/file/d/1qAyETazeZCvziU_rSZF8_BKjG5n31QPf/view?usp=sharing,https://d32jc9rx98ldq0.cloudfront.net/staging/inventory/compressed/foodinventoryimages1112062022/NagliPapadRoasted.jpg
Nagli Papad Fry,ProductType,7,"Inventory,Food,Restaurant,Papad Snacks,Vegeterian,",15,,https://drive.google.com/file/d/1NTTbrnlqeoicA6GJJDKoRMt7PNbk3TTz/view?usp=sharing,https://d32jc9rx98ldq0.cloudfront.net/staging/inventory/compressed/foodinventoryimages1112062022/NagliPapadFry.jpg
Masala Papad,ProductType,8,"Inventory,Food,Restaurant,Papad Snacks,Vegeterian,",25,,https://drive.google.com/file/d/1ypAnHqCtC52zDbEKyPOq7b5i9Uwj2c_r/view?usp=sharing,https://d32jc9rx98ldq0.cloudfront.net/staging/inventory/compressed/restaurant-2/Vegeterian/MasalaPapad.jpg
Kolhapuri Papad,ProductType,9,"Inventory,Food,Restaurant,Papad Snacks,Vegeterian,",30,,https://drive.google.com/file/d/1fIFkpsx5XsKreAAMVB8WsbBQwHHs0Swe/view?usp=sharing,https://d32jc9rx98ldq0.cloudfront.net/staging/inventory/compressed/food240522/kolhapuripapad.jpg
Butter Milk,ProductType,10,"Inventory,Food,Restaurant,Papad Snacks,Vegeterian,",20,,https://drive.google.com/file/d/1are1xYhfCVHfLjq7qgYAF6KOq6Zn4w07/view?usp=sharing,https://d32jc9rx98ldq0.cloudfront.net/staging/inventory/compressed/restaurant-2/ButterMilk.jpg
Caramel Custard,ProductType,11,"Inventory,Food,Restaurant,Papad Snacks,Vegeterian,",30,,https://drive.google.com/file/d/1_HqOoWolXSJKGCbW60Nxfgm2u4Gw5d6q/view?usp=sharing,https://d32jc9rx98ldq0.cloudfront.net/staging/inventory/compressed/restaurant-2/CaramelCustard.jpg
Roti and Naan,ProductClass,1,"Inventory,Food,Restaurant,",,,,https://d32jc9rx98ldq0.cloudfront.net/staging/inventory/compressed/restaurant-2/Roti.jpg
Vegeterian,ProductLine,2,"Inventory,Food,Restaurant,Roti and Naan,",,,,
NonVegeterian,ProductLine,3,"Inventory,Food,Restaurant,Roti and Naan,",,,,
Chapati,ProductType,4,"Inventory,Food,Restaurant,Roti and Naan,Vegeterian,",10,,https://drive.google.com/file/d/1BCZG8M0F-__45K4lUhTp357cF_FXpX8k/view?usp=sharing,https://d32jc9rx98ldq0.cloudfront.net/staging/inventory/compressed/restaurant-2/Chapati.jpg
Butter Chapati,ProductType,5,"Inventory,Food,Restaurant,Roti and Naan,Vegeterian,",15,,https://drive.google.com/file/d/1caizJDjMx1SJWxFLCQo3mIbbJRJ5ynbR/view?usp=sharing,https://d32jc9rx98ldq0.cloudfront.net/staging/inventory/compressed/restaurant-2/ButterChapati.jpg.crdownload.jpg
Tandoori Roti,ProductType,6,"Inventory,Food,Restaurant,Roti and Naan,Vegeterian,",15,,https://drive.google.com/file/d/1p6eNQrcVnNmzujXu2Tlh9MKJdIX9WyOK/view?usp=sharing,https://d32jc9rx98ldq0.cloudfront.net/staging/inventory/compressed/restaurant-2/TandooriRoti.jpg
Kulcha Naan,ProductType,7,"Inventory,Food,Restaurant,Roti and Naan,Vegeterian,",40,,https://drive.google.com/file/d/1xyuKThQ2O7haqqCX7io5LjUIVlSnDkQd/view?usp=sharing,https://d32jc9rx98ldq0.cloudfront.net/staging/inventory/compressed/foodinventoryimages1112062022/KulchaNaan.jpg
Garlic Naan,ProductType,8,"Inventory,Food,Restaurant,Roti and Naan,Vegeterian,",40,,https://drive.google.com/file/d/1ZrjzImNdtXyFGwa8e1Mzd7oH4glw7hFg/view?usp=sharing,https://d32jc9rx98ldq0.cloudfront.net/staging/inventory/compressed/restaurant-2/Vegeterian/GarlicNaan.jpg
Cheese Naan,ProductType,9,"Inventory,Food,Restaurant,Roti and Naan,Vegeterian,",50,,https://drive.google.com/file/d/1I4bcLlVJcmx3ZWiXNJNOm4Gz4lgsjuP_/view?usp=sharing,https://d32jc9rx98ldq0.cloudfront.net/staging/inventory/compressed/restaurant-2/CheeseNaan.jpg
Butter Tandoori Roti,ProductType,10,"Inventory,Food,Restaurant,Roti and Naan,Vegeterian,",20,,https://drive.google.com/file/d/1EreQaxbXLPmGXK7Oxl90rBCqX0AjjKHc/view?usp=sharing,https://d32jc9rx98ldq0.cloudfront.net/staging/inventory/compressed/restaurant-2/ButterTandooriRoti1.jpg
Lachha Paratha,ProductType,11,"Inventory,Food,Restaurant,Roti and Naan,Vegeterian,",25,,https://drive.google.com/file/d/13T1Ym391AR1dRSdz5ZCKJI-f9OfMzFal/view?usp=sharing,https://d32jc9rx98ldq0.cloudfront.net/staging/inventory/compressed/restaurant-2/LachhaParatha.jpg
Butter Naan Paratha,ProductType,12,"Inventory,Food,Restaurant,Roti and Naan,Vegeterian,",30,,https://drive.google.com/file/d/1MoqY2LrcohflZfpUb9oXrioeXqOYtphC/view?usp=sharing,https://d32jc9rx98ldq0.cloudfront.net/staging/inventory/compressed/foodinventoryimages1112062022/ButterNaanParatha.jpg
Veg Rice,ProductClass,1,"Inventory,Food,Restaurant,",,,https://drive.google.com/file/d/1B5on8ZsFVss28BiQJJFjEM2_O_oDD_kF/view?usp=sharing,https://d32jc9rx98ldq0.cloudfront.net/staging/inventory/compressed/food2/VegRice.jpg
Vegeterian,ProductLine,2,"Inventory,Food,Restaurant,Veg Rice,",,,,
NonVegeterian,ProductLine,3,"Inventory,Food,Restaurant,Veg Rice,",,,,
Steam Rice,ProductType,4,"Inventory,Food,Restaurant,Veg Rice,Vegeterian,",70,,https://drive.google.com/file/d/1JwfmCVcMa9KTZbWP9pCn79TsIEWL0c1s/view?usp=sharing,https://d32jc9rx98ldq0.cloudfront.net/staging/inventory/compressed/restaurant-2/SteamRice.jpg
Steam Rice Full,ProductUnit,5,"Inventory,Food,Restaurant,Veg Rice,Vegeterian,Steam Rice,",70,,https://drive.google.com/file/d/1RmdWMYUP-cS6cEoP47C4jrzK-XbS_o86/view?usp=sharing,https://d32jc9rx98ldq0.cloudfront.net/staging/inventory/compressed/restaurant-2/SteamRiceFull.jpg
Steam Rice Half,ProductUnit,6,"Inventory,Food,Restaurant,Veg Rice,Vegeterian,Steam Rice,",40,,https://drive.google.com/file/d/1rz5zXPIQGSpQfEGwxkotCPgigfE2dDqK/view?usp=sharing,https://d32jc9rx98ldq0.cloudfront.net/staging/inventory/compressed/restaurant-2/Steam-Rice-Half.jpg
Jeera Rice,ProductType,7,"Inventory,Food,Restaurant,Veg Rice,Vegeterian,",90,,https://drive.google.com/file/d/1-GF04qtXF6mVP48_0ek2Qj07ZNbdnEES/view?usp=sharing,https://d32jc9rx98ldq0.cloudfront.net/staging/inventory/compressed/restaurant-2/JeeraRice.jpg
Jeera Rice Full,ProductUnit,8,"Inventory,Food,Restaurant,Veg Rice,Vegeterian,Jeera Rice,",90,,https://drive.google.com/file/d/1XWi_RFUxoXm7T2NMDEQrUBKa57-mY2EL/view?usp=sharing,https://d32jc9rx98ldq0.cloudfront.net/staging/inventory/compressed/restaurant-2/JeeraRiceFull.gif
Jeera Rice Half,ProductUnit,9,"Inventory,Food,Restaurant,Veg Rice,Vegeterian,Jeera Rice,",50,,https://drive.google.com/file/d/1gab5eRuLll1Ed8DokZQ1FuTko20Esbwa/view?usp=sharing,https://d32jc9rx98ldq0.cloudfront.net/staging/inventory/compressed/restaurant-2/JeeraRiceHalf.jpg
Veg Biryani,ProductType,10,"Inventory,Food,Restaurant,Veg Rice,Vegeterian,",130,,https://drive.google.com/file/d/1jR3STBQoAfkKOHnvdjdNXjOE5ZqtJexz/view?usp=sharing,https://d32jc9rx98ldq0.cloudfront.net/staging/inventory/compressed/restaurant-2/Veg-Biryani.jpg
Masala Rice,ProductType,11,"Inventory,Food,Restaurant,Veg Rice,Vegeterian,",130,,https://drive.google.com/file/d/1f42W8I8vF2MKOR1_NEpVKeDqUYYxbwXH/view?usp=sharing,https://d32jc9rx98ldq0.cloudfront.net/staging/inventory/compressed/restaurant-2/MasalaRice.jpg
Masala Rice Full,ProductUnit,12,"Inventory,Food,Restaurant,Veg Rice,Vegeterian,Masala Rice,",130,,https://drive.google.com/file/d/17wO3TuGL2x23_CizDuBKibB71qozab0Z/view?usp=sharing,https://d32jc9rx98ldq0.cloudfront.net/staging/inventory/compressed/restaurant-2/MasalaRiceFull.jpg
Masala Rice Half,ProductUnit,13,"Inventory,Food,Restaurant,Veg Rice,Vegeterian,Masala Rice,",70,,https://drive.google.com/file/d/1CCLgUs7YLOQ2L0rYJR_cqWzcIPZbPLqt/view?usp=sharing,https://d32jc9rx98ldq0.cloudfront.net/staging/inventory/compressed/restaurant-2/MasalaRiceHalf.jpg
Veg Pulao,ProductType,14,"Inventory,Food,Restaurant,Veg Rice,Vegeterian,",160,,https://drive.google.com/file/d/1Q9y5vfasmuYAjDTQOc6uFluyeWQ-5t2O/view?usp=sharing,https://d32jc9rx98ldq0.cloudfront.net/staging/inventory/compressed/restaurant-2/VegPulao.jpg
Veg Pulao Full,ProductUnit,15,"Inventory,Food,Restaurant,Veg Rice,Vegeterian,Veg Pulao,",160,,https://drive.google.com/file/d/1sWwhJ_SA5x8FKrkdWabTvGnPozvw5HLJ/view?usp=sharing,https://d32jc9rx98ldq0.cloudfront.net/staging/inventory/compressed/food20220216/VegPulaoFull.jpg
Veg Pulao Half,ProductUnit,16,"Inventory,Food,Restaurant,Veg Rice,Vegeterian,Veg Pulao,",90,,https://drive.google.com/file/d/1BtvsbwbmQhN1knLdKfHTtR6EP4KYqyD_/view?usp=sharing,https://d32jc9rx98ldq0.cloudfront.net/staging/inventory/compressed/food20220216/VegPulaoHalf.jpg
Kashmiri Veg Pulao,ProductType,17,"Inventory,Food,Restaurant,Veg Rice,Vegeterian,",150,,https://drive.google.com/file/d/162IKT-J7obJzZYnjRr-FcYl5b21DwkZF/view?usp=sharing,https://d32jc9rx98ldq0.cloudfront.net/staging/inventory/compressed/foodinventoryimages1112062022/KashmiriVegPulao.jpg
Kashmiri Veg Pulao Full,ProductUnit,18,"Inventory,Food,Restaurant,Veg Rice,Vegeterian,Kashmiri Veg Pulao,",150,,https://drive.google.com/file/d/130m7hR8__XKYCU2hOeqAlu2vme0_3Vd2/view?usp=sharing,https://d32jc9rx98ldq0.cloudfront.net/staging/inventory/compressed/foodinventoryimages1112062022/KashmiriVegPulaoFull.jpg
Kashmiri Veg Pulao Half,ProductUnit,19,"Inventory,Food,Restaurant,Veg Rice,Vegeterian,Kashmiri Veg Pulao,",100,,https://drive.google.com/file/d/1WpVs6WeBAT9YYNQEaAJZCU6fSXaawSmk/view?usp=sharing,https://d32jc9rx98ldq0.cloudfront.net/staging/inventory/compressed/foodinventoryimages1112062022/KashmiriVegPulaoHalf.jpg
Dal Khichadi,ProductType,20,"Inventory,Food,Restaurant,Veg Rice,Vegeterian,",120,,https://drive.google.com/file/d/1PNbeQCH3ZksaobonHyiCzwCFlavz9pBZ/view?usp=sharing,https://d32jc9rx98ldq0.cloudfront.net/staging/inventory/compressed/restaurant-2/DalKhichadi.jpg
Chicken Gravy,ProductClass,1,"Inventory,Food,Restaurant,",,,https://drive.google.com/file/d/1JZOCHd4WBIFpFeqDtqgm59xRYCr7XNmu/view?usp=sharing,https://d32jc9rx98ldq0.cloudfront.net/staging/inventory/compressed/food20220524/ChickenGravy.jpg
NonVegeterian,ProductLine,2,"Inventory,Food,Restaurant,Chicken Gravy,",,,,https://d32jc9rx98ldq0.cloudfront.net/staging/inventory/compressed/categoryimages3/NonVegetarian.jpg
Vegeterian,ProductLine,3,"Inventory,Food,Restaurant,Chicken Gravy,",,,,
Chicken Masala,ProductType,4,"Inventory,Food,Restaurant,Chicken Gravy,NonVegeterian,",120,,https://drive.google.com/file/d/16eM27vE_lLNM8GKZT5a35PjfaUi0laY9/view?usp=sharing,https://d32jc9rx98ldq0.cloudfront.net/staging/inventory/compressed/restaurant-2/ChickenMasala.jpg
Chicken Afgani,ProductType,5,"Inventory,Food,Restaurant,Chicken Gravy,NonVegeterian,",130,,https://drive.google.com/file/d/1nKP0zZB27oZFVnVS1NA8jJEz469hWAAl/view?usp=sharing,https://d32jc9rx98ldq0.cloudfront.net/staging/inventory/compressed/restaurant-2/chickenafgani.jpg
Chicken Hyderabadi,ProductType,6,"Inventory,Food,Restaurant,Chicken Gravy,NonVegeterian,",130,,https://drive.google.com/file/d/1v4gBn4uLZGTEhpGbM-qIe35AV4AXhdBO/view?usp=sharing,https://d32jc9rx98ldq0.cloudfront.net/staging/inventory/compressed/restaurant-3/ChickenHyderabadi.jpg
Chicken Kolhapuri,ProductType,7,"Inventory,Food,Restaurant,Chicken Gravy,NonVegeterian,",140,,https://drive.google.com/file/d/1bWc_W7DKNzxS53IXTgHDSqj4gfK3f2wm/view?usp=sharing,https://d32jc9rx98ldq0.cloudfront.net/staging/inventory/compressed/restaurant-2/ChickenKolhapuri.gif
Chicken Mughlai,ProductType,8,"Inventory,Food,Restaurant,Chicken Gravy,NonVegeterian,",150,,https://drive.google.com/file/d/1pMnfMUF0vm7uxteEncpqo-ah9Zh9VB37/view?usp=sharing,https://d32jc9rx98ldq0.cloudfront.net/staging/inventory/compressed/restaurant-4/ChickenMughlai.jpg
Chicken Angara,ProductType,9,"Inventory,Food,Restaurant,Chicken Gravy,NonVegeterian,",150,,https://drive.google.com/file/d/18gwt4OLjzx18MzmZPlFXRjIwluiEeeb-/view?usp=sharing,https://d32jc9rx98ldq0.cloudfront.net/staging/inventory/compressed/restaurant-3/ChickenAngara.jpg
Chicken Koliwada,ProductType,10,"Inventory,Food,Restaurant,Chicken Gravy,NonVegeterian,",160,,https://drive.google.com/file/d/17rIvZgjZMkWa2NvI8zDOvm4X8w00RxrW/view?usp=sharing,https://d32jc9rx98ldq0.cloudfront.net/staging/inventory/compressed/food20220224/ChickenKoliwada.jpg
Chicken Kadai,ProductType,11,"Inventory,Food,Restaurant,Chicken Gravy,NonVegeterian,",160,,https://drive.google.com/file/d/1C8cxqgdypW9jEspNKDp3OcfYHm85b71r/view?usp=sharing,https://d32jc9rx98ldq0.cloudfront.net/staging/inventory/compressed/restaurant-2/ChickenKadai.jpg
Chicken Tawa,ProductType,12,"Inventory,Food,Restaurant,Chicken Gravy,NonVegeterian,",220,,https://drive.google.com/file/d/13R5cQOyDXNNPjbruhS06ERhGQKBAYZ9N/view?usp=sharing,https://d32jc9rx98ldq0.cloudfront.net/staging/inventory/compressed/restaurant-3/ChickenTawa.jpg
Chicken Chat Pata,ProductType,13,"Inventory,Food,Restaurant,Chicken Gravy,NonVegeterian,",180,,https://drive.google.com/file/d/180prW-hmqauFs669raqUsvWOe3lRzgtK/view?usp=sharing,https://d32jc9rx98ldq0.cloudfront.net/staging/inventory/compressed/food122021/ChickenChatpata.jpg
Chicken Boti B.L,ProductType,14,"Inventory,Food,Restaurant,Chicken Gravy,NonVegeterian,",180,,,
Chicken Balti B.L,ProductType,15,"Inventory,Food,Restaurant,Chicken Gravy,NonVegeterian,",210,,,
Chicken Tandoori Masala,ProductType,16,"Inventory,Food,Restaurant,Chicken Gravy,NonVegeterian,",280,, ,
Murgh Mussallam,ProductType,17,"Inventory,Food,Restaurant,Chicken Gravy,NonVegeterian,",700,,https://drive.google.com/file/d/1WsrWji8hXhDDrO5gM1M8_dRu6-kAClh1/view?usp=sharing,https://d32jc9rx98ldq0.cloudfront.net/staging/inventory/compressed/food20220224/MurghMussallam.jpg
Chicken Handi,ProductType,18,"Inventory,Food,Restaurant,Chicken Gravy,NonVegeterian,",550,,https://drive.google.com/file/d/1RMADFPBuSEsBClMMjRRF3Ywu4mtb54pt/view?usp=sharing,https://d32jc9rx98ldq0.cloudfront.net/staging/inventory/compressed/restaurant-2/ChickenHandi.jpg
Chicken Handi Full,ProductUnit,19,"Inventory,Food,Restaurant,Chicken Gravy,NonVegeterian,Chicken Handi,",550,,https://drive.google.com/file/d/1LabfJ7U7HGWmo2mIPWym0Wm76D0yr7tH/view?usp=sharing,https://d32jc9rx98ldq0.cloudfront.net/staging/inventory/compressed/restaurant-2/ChickenHandiFull.jpg
Chicken Handi Half,ProductUnit,20,"Inventory,Food,Restaurant,Chicken Gravy,NonVegeterian,Chicken Handi,",300,,https://drive.google.com/file/d/1XLzwK9SmXm48SjgSpen2LYnKWNg5f2Pv/view?usp=sharing,https://d32jc9rx98ldq0.cloudfront.net/staging/inventory/compressed/restaurant-2/ChickenHandiHalf.jpg
Chicken White,ProductType,21,"Inventory,Food,Restaurant,Chicken Gravy,NonVegeterian,",130,,,
Chicken Shaam Sawera,ProductType,22,"Inventory,Food,Restaurant,Chicken Gravy,NonVegeterian,",180,,https://drive.google.com/file/d/1gP7k-vKeM0vOZK1Zv9dOMaO8hSwbXJGH/view?usp=sharing,https://d32jc9rx98ldq0.cloudfront.net/staging/inventory/compressed/foodinventoryimages1112062022/ChickenShaamSawera.jpg
Chicken Shalimar,ProductType,23,"Inventory,Food,Restaurant,Chicken Gravy,NonVegeterian,",160,,https://drive.google.com/file/d/1Iwtc4GhcHlLWTpQrds50huTK6xVB9kso/view?usp=sharing,https://d32jc9rx98ldq0.cloudfront.net/staging/inventory/compressed/restaurant-2/ChickenShalimar.jpg
Chicken Maratha,ProductType,24,"Inventory,Food,Restaurant,Chicken Gravy,NonVegeterian,",130,,https://drive.google.com/file/d/1Yhg8BYlP_JPz9CrxwzErNLTEnYIF0_Jd/view?usp=sharing,https://d32jc9rx98ldq0.cloudfront.net/staging/inventory/compressed/restaurant-3/ChickenMaratha.jpg
Chicken Lasuni,ProductType,25,"Inventory,Food,Restaurant,Chicken Gravy,NonVegeterian,",150,,https://drive.google.com/file/d/1l3SrGD-p2SdBEQCZHPTRZ3KkTD_GTtzl/view?usp=sharing,https://d32jc9rx98ldq0.cloudfront.net/staging/inventory/compressed/imgs-2/ChickenLasuni.jpg
Chicken Darbar,ProductType,26,"Inventory,Food,Restaurant,Chicken Gravy,NonVegeterian,",350,,https://drive.google.com/file/d/1risUb5wI-wZqZSXmjjSB4LiscZwsgGaO/view?usp=sharing,https://d32jc9rx98ldq0.cloudfront.net/staging/inventory/compressed/food1415062022/ChickenDarbar.jpg
Chicken Hamdum,ProductType,27,"Inventory,Food,Restaurant,Chicken Gravy,NonVegeterian,",130,,https://drive.google.com/file/d/1c0Rv-Jzzj6quLacp-PqMwnNACG1DXp8N/view?usp=sharing,https://d32jc9rx98ldq0.cloudfront.net/staging/inventory/compressed/foodinventoryimages1112062022/ChickenHamdum.jpg
Chicken Patiyala,ProductType,28,"Inventory,Food,Restaurant,Chicken Gravy,NonVegeterian,",150,,https://drive.google.com/file/d/1MJWPcODtP182HCYF1AmPjfwl8xHrXr4Q/view?usp=sharing,https://d32jc9rx98ldq0.cloudfront.net/staging/inventory/compressed/restaurant-2/ChickenPatiyala.jpg
Chicken Mumtaz,ProductType,29,"Inventory,Food,Restaurant,Chicken Gravy,NonVegeterian,",650,,https://drive.google.com/file/d/1rw_0-zDDHk6fDhVRqq1Oys-3ohpZPqZb/view?usp=sharing,https://d32jc9rx98ldq0.cloudfront.net/staging/inventory/compressed/food1415062022/ChickenMumtaz.jpg
Chicken Mumtaz Full,ProductUnit,30,"Inventory,Food,Restaurant,Chicken Gravy,NonVegeterian,Chicken Mumtaz,",650,,https://drive.google.com/file/d/1FjpNi5iToboD4-GU8buHPdhrUHRpv9sQ/view?usp=sharing,https://d32jc9rx98ldq0.cloudfront.net/staging/inventory/compressed/foodinventoryimages1112062022/ChickenMumtazFull.jpg
Chicken Mumtaz Half,ProductUnit,31,"Inventory,Food,Restaurant,Chicken Gravy,NonVegeterian,Chicken Mumtaz,",350,,https://drive.google.com/file/d/1HCrjCsAljisa2ItGw4OfdYE-SoIIcfk-/view?usp=sharing,https://d32jc9rx98ldq0.cloudfront.net/staging/inventory/compressed/foodinventoryimages1112062022/ChickenMumtazHalf.jpg
Mutton Gravy,ProductClass,1,"Inventory,Food,Restaurant,",,,https://drive.google.com/file/d/1li2a1DY-4hmM-i2uaCdeNRfsH_iTnaVb/view?usp=sharing,https://d32jc9rx98ldq0.cloudfront.net/staging/inventory/compressed/foodinventoryimages1112062022/MuttonGravy.jpg
NonVegeterian,ProductLine,2,"Inventory,Food,Restaurant,Mutton Gravy,",,,,
Vegeterian,ProductLine,3,"Inventory,Food,Restaurant,Mutton Gravy,",,,,
Mutton Masala,ProductType,4,"Inventory,Food,Restaurant,Mutton Gravy,NonVegeterian,",150,,https://drive.google.com/file/d/1-4YOHkbknBQIIukm4yZwJM6f8unGYrqS/view?usp=sharing,https://d32jc9rx98ldq0.cloudfront.net/staging/inventory/compressed/restaurant-2/NonVegeterian/MuttonMasala.jpg
Mutton Kashmiri,ProductType,5,"Inventory,Food,Restaurant,Mutton Gravy,NonVegeterian,",160,,https://drive.google.com/file/d/1GY7cFyX81VWlBrfGIJ4UFgwjfkhGxcqF/view?usp=sharing,https://d32jc9rx98ldq0.cloudfront.net/staging/inventory/compressed/food20220216/MuttonKashmiri.jpg
Mutton Dal Gosht,ProductType,6,"Inventory,Food,Restaurant,Mutton Gravy,NonVegeterian,",170,,https://drive.google.com/file/d/1CoM-UbYcQ7pgmEtnOMND7miEJmZA1dCk/view?usp=sharing,https://d32jc9rx98ldq0.cloudfront.net/staging/inventory/compressed/food20220216/MuttonDalGosht.jpg
Mutton Kadai,ProductType,7,"Inventory,Food,Restaurant,Mutton Gravy,NonVegeterian,",180,,https://drive.google.com/file/d/1CWP_XeXaMQP6aTqm6VSYTZp0lckEjU9o/view?usp=sharing,https://d32jc9rx98ldq0.cloudfront.net/staging/inventory/compressed/food20220127/MuttonKadai.jpg
Mutton Mughlai,ProductType,8,"Inventory,Food,Restaurant,Mutton Gravy,NonVegeterian,",180,,https://drive.google.com/file/d/1bo2qiBXkIDblnParmmXE38A0LYlKOlTs/view?usp=sharing,https://d32jc9rx98ldq0.cloudfront.net/staging/inventory/compressed/restaurant-2/MuttonMughlai.jpg
Mutton Kolhapuri,ProductType,9,"Inventory,Food,Restaurant,Mutton Gravy,NonVegeterian,",180,,https://drive.google.com/file/d/1RJcCHg8Q0w4v8uFNs-RxxWui8qSGS6eD/view?usp=sharing,https://d32jc9rx98ldq0.cloudfront.net/staging/inventory/compressed/restaurant-2/MuttonKolhapuri.jpg
Mutton Shahi Korma,ProductType,10,"Inventory,Food,Restaurant,Mutton Gravy,NonVegeterian,",180,,https://drive.google.com/file/d/1G7JO7TXDFmSpKH-JRTi503QUGHllv9Sb/view?usp=sharing,https://d32jc9rx98ldq0.cloudfront.net/staging/inventory/compressed/food03022022/MuttonShahiKorma.jpg
Mutton Hydrabadi,ProductType,11,"Inventory,Food,Restaurant,Mutton Gravy,NonVegeterian,",180,,https://drive.google.com/file/d/1xcZ3KyC-3NIDsYcOtjH2xTScqSDOAY3L/view?usp=sharing,https://d32jc9rx98ldq0.cloudfront.net/staging/inventory/compressed/restaurant-2/MuttonHydrabadi.jpg
Mutton Angara,ProductType,12,"Inventory,Food,Restaurant,Mutton Gravy,NonVegeterian,",180,,https://drive.google.com/file/d/1wco1KalTacOp0xjuPaNoVswR7IpUNtBD/view?usp=sharing,https://d32jc9rx98ldq0.cloudfront.net/staging/inventory/compressed/restaurant-3/MuttonAngara.jpg
Mutton White,ProductType,13,"Inventory,Food,Restaurant,Mutton Gravy,NonVegeterian,",190,,https://drive.google.com/file/d/1ccncZQRE4kEpzDBczQs-8P_rKeR8c3Rp/view?usp=sharing,https://d32jc9rx98ldq0.cloudfront.net/staging/inventory/compressed/food20220217/MuttonWhite.jpg
Mutton Do Pyaza,ProductType,14,"Inventory,Food,Restaurant,Mutton Gravy,NonVegeterian,",200,,https://drive.google.com/file/d/1dhgVT3Q9tzl_iHFrL4-8Oa7wNRqHLgfg/view?usp=sharing,https://d32jc9rx98ldq0.cloudfront.net/staging/inventory/compressed/food20220127/MuttonDopyaza.jpg
Mutton Rogan Josh,ProductType,15,"Inventory,Food,Restaurant,Mutton Gravy,NonVegeterian,",210,,https://drive.google.com/file/d/1TTGlZZnUJnG2KoIQxAvP17zHME2OTGV_/view?usp=sharing,https://d32jc9rx98ldq0.cloudfront.net/staging/inventory/compressed/restaurant-2/MuttonRoganJosh.jpg
Mutton Bhuna,ProductType,16,"Inventory,Food,Restaurant,Mutton Gravy,NonVegeterian,",230,,https://drive.google.com/file/d/1NKA2qtrEsGJNpmRJrTv7XVOjw0aX4pv3/view?usp=sharing,https://d32jc9rx98ldq0.cloudfront.net/staging/inventory/compressed/restaurant-4/MuttonBhuna.jpg
Mutton Kheema,ProductType,17,"Inventory,Food,Restaurant,Mutton Gravy,NonVegeterian,",250,,https://drive.google.com/file/d/13wP6dYjJVx5A02KIhsyWlPLKZHKD1wdE/view?usp=sharing,https://d32jc9rx98ldq0.cloudfront.net/staging/inventory/compressed/restaurant-2/MuttonKheema.jpg
Mutton Kheema Full,ProductUnit,18,"Inventory,Food,Restaurant,Mutton Gravy,NonVegeterian,Mutton Kheema,",250,,https://drive.google.com/file/d/1sX9QofTVIi4LHnZK6CIQKeLnwBqGqT7a/view?usp=sharing,https://d32jc9rx98ldq0.cloudfront.net/staging/inventory/compressed/grocery20220203/MuttonKheemaFull.jpg
Mutton Kheema Half,ProductUnit,19,"Inventory,Food,Restaurant,Mutton Gravy,NonVegeterian,Mutton Kheema,",140,,https://drive.google.com/file/d/1kYmxzIoCJ7-NVnmue8WO7rT7zzEWcVSu/view?usp=sharing,https://d32jc9rx98ldq0.cloudfront.net/staging/inventory/compressed/grocery20220203/MuttonKheemaHalf.jpg
Mutton Zam Zam,ProductType,20,"Inventory,Food,Restaurant,Mutton Gravy,NonVegeterian,",330,,,
Mutton Handi,ProductType,21,"Inventory,Food,Restaurant,Mutton Gravy,NonVegeterian,",1000,,https://drive.google.com/file/d/1cDgJjzfBznwA7SQ2sVr2-m7bkYjS25MQ/view?usp=sharing,https://d32jc9rx98ldq0.cloudfront.net/staging/inventory/compressed/restaurant-2/MuttonHandi.jpg
Mutton Handi Full,ProductUnit,22,"Inventory,Food,Restaurant,Mutton Gravy,NonVegeterian,Mutton Handi,",1000,,https://drive.google.com/file/d/1FycDNv3fIZ4FgUmyTHr5bWKHB-S7JPU9/view?usp=sharing,https://d32jc9rx98ldq0.cloudfront.net/staging/inventory/compressed/restaurant-2/MuttonHandiFull.jpg
Mutton Handi Half,ProductUnit,23,"Inventory,Food,Restaurant,Mutton Gravy,NonVegeterian,Mutton Handi,",500,,https://drive.google.com/file/d/1rSZt2OdDaPDJaxpteehvbb3EICXF11Ge/view?usp=sharing,https://d32jc9rx98ldq0.cloudfront.net/staging/inventory/compressed/restaurant-2/MuttonHandiHalf.jpg
Mutton Shaam Sawera,ProductType,24,"Inventory,Food,Restaurant,Mutton Gravy,NonVegeterian,",220,,,
Mutton Shalimar,ProductType,25,"Inventory,Food,Restaurant,Mutton Gravy,NonVegeterian,",200,,https://drive.google.com/file/d/1D-yJx0Itn2RmFGTZ01be0ZxD7xTzv6zP/view?usp=sharing,https://d32jc9rx98ldq0.cloudfront.net/staging/inventory/compressed/restaurant-2/MuttonShalimar.jpg
Mutton Maratha,ProductType,26,"Inventory,Food,Restaurant,Mutton Gravy,NonVegeterian,",180,,https://drive.google.com/file/d/1Kb_qYt7kRLU_vagLDzmzohE4EnHKKs_X/view?usp=sharing,https://d32jc9rx98ldq0.cloudfront.net/staging/inventory/compressed/restaurant-3/MuttonMaratha.jpg
Mutton Darbar,ProductType,27,"Inventory,Food,Restaurant,Mutton Gravy,NonVegeterian,",390,,https://drive.google.com/file/d/1A_uwixeI08OnO7YIeEvEOOasbcYBqs89/view?usp=sharing,https://d32jc9rx98ldq0.cloudfront.net/staging/inventory/compressed/foodinventoryimages1112062022/MuttonDarbar.jpg
Mutton Mumtaz,ProductType,28,"Inventory,Food,Restaurant,Mutton Gravy,NonVegeterian,",1100,,https://drive.google.com/file/d/19UhIUl0pFslDebsiLqaA4PU2ZCnVj2Nq/view?usp=sharing,https://d32jc9rx98ldq0.cloudfront.net/staging/inventory/compressed/food20220224/MuttonMumtaz.jpg
Mutton Mumtaz Full,ProductUnit,29,"Inventory,Food,Restaurant,Mutton Gravy,NonVegeterian,Mutton Mumtaz,",1100,,https://drive.google.com/file/d/1DymDk_z7ZXBblOhH6QJpsUq6f3H6ht_o/view?usp=sharing,https://d32jc9rx98ldq0.cloudfront.net/staging/inventory/compressed/foodinventoryimages1112062022/MuttonMumtazFull.jpg
Mutton Mumtaz Half,ProductUnit,30,"Inventory,Food,Restaurant,Mutton Gravy,NonVegeterian,Mutton Mumtaz,",600,,https://drive.google.com/file/d/1uYw_8eMsekbV2dLYZqo-rt7nhtxCQAXD/view?usp=sharing,https://d32jc9rx98ldq0.cloudfront.net/staging/inventory/compressed/foodinventoryimages1112062022/MuttonMumtazHalf.jpg
Chicken Noodles,ProductClass,1,"Inventory,Food,Restaurant,",,,https://drive.google.com/file/d/1hCKZ_M9i7X0_mP0d9-peOhU3TRWUVt9X/view?usp=sharing,https://d32jc9rx98ldq0.cloudfront.net/staging/inventory/compressed/restaurant-2/ChickenNoodles.jpg
NonVegeterian,ProductLine,2,"Inventory,Food,Restaurant,Chicken Noodles,",,,,
Vegeterian,ProductLine,3,"Inventory,Food,Restaurant,Chicken Noodles,",,,,
Chicken Hakka Noodles,ProductType,4,"Inventory,Food,Restaurant,Chicken Noodles,NonVegeterian,",140,,https://drive.google.com/file/d/1RwZJOzUVrWP7EdvqdSkdx9XcWqhO77Xr/view?usp=sharing,https://d32jc9rx98ldq0.cloudfront.net/staging/inventory/compressed/restaurant-2/ChickenHakkaNoodles.jpg
Chicken Hakka Noodles Full,ProductUnit,5,"Inventory,Food,Restaurant,Chicken Noodles,NonVegeterian,Chicken Hakka Noodles,",140,,https://drive.google.com/file/d/1RwZJOzUVrWP7EdvqdSkdx9XcWqhO77Xr/view?usp=sharing,https://d32jc9rx98ldq0.cloudfront.net/staging/inventory/compressed/restaurant-2/ChickenHakkaNoodles.jpg
Chicken Hakka Noodles Half,ProductUnit,6,"Inventory,Food,Restaurant,Chicken Noodles,NonVegeterian,Chicken Hakka Noodles,",70,,https://drive.google.com/file/d/1n8-bnetaOzBplJB6jNe-MWOQM8_HlBJq/view?usp=sharing,https://d32jc9rx98ldq0.cloudfront.net/staging/inventory/compressed/restaurant-2/ChickenHakkaNoodlesHalf.jpg
Chicken Schezwan Noodles,ProductType,7,"Inventory,Food,Restaurant,Chicken Noodles,NonVegeterian,",160,,https://drive.google.com/file/d/1usXndyIWtN7LDw77MfqQXnUk4yVEPBdv/view?usp=sharing,https://d32jc9rx98ldq0.cloudfront.net/staging/inventory/compressed/restaurant-2/ChickenSchezwanNoodles.jpg
Chicken Schezwan Noodles Full,ProductUnit,8,"Inventory,Food,Restaurant,Chicken Noodles,NonVegeterian,Chicken Schezwan Noodles,",160,,https://drive.google.com/file/d/1vSTsfhvVFoONulYDOLtyawCkczRSUpTc/view?usp=sharing,https://d32jc9rx98ldq0.cloudfront.net/staging/inventory/compressed/restaurant-2/ChickenSchezwanNoodlesFull.jpg
Chicken Schezwan Noodles Half,ProductUnit,9,"Inventory,Food,Restaurant,Chicken Noodles,NonVegeterian,Chicken Schezwan Noodles,",80,,https://drive.google.com/file/d/1wYPRo8m3M1kDuUrGpXsCiSv62Dj7ZmBK/view?usp=sharing,https://d32jc9rx98ldq0.cloudfront.net/staging/inventory/compressed/restaurant-2/ChickenSchezwanNoodlesHalf.jpg
Chicken Hong Kong Noodles,ProductType,10,"Inventory,Food,Restaurant,Chicken Noodles,NonVegeterian,",170,,https://drive.google.com/file/d/1KN1l6EK2RLJk9GNUBLopbYY5H5IF8_Or/view?usp=sharing,https://d32jc9rx98ldq0.cloudfront.net/staging/inventory/compressed/restaurant-2/ChickenHongkongNoodles.jpg
Chicken Chow Chow Noodles,ProductType,11,"Inventory,Food,Restaurant,Chicken Noodles,NonVegeterian,",170,,https://drive.google.com/file/d/1fBb1EmSYCJvmdDnp_biBJ4CY83_ri9uR/view?usp=sharing,https://d32jc9rx98ldq0.cloudfront.net/staging/inventory/compressed/foodinventoryimages1112062022/ChickenChowChowNoodles.jpg
Chicken Malaysian Noodles,ProductType,12,"Inventory,Food,Restaurant,Chicken Noodles,NonVegeterian,",220,,https://drive.google.com/file/d/1pMcbc1xqoP1UkkOtJue5UVw-8mCePoz1/view?usp=sharing,https://d32jc9rx98ldq0.cloudfront.net/staging/inventory/compressed/foodinventoryimages1112062022/ChickenMalaysianNoodles.jpg
Chicken Singapore Noodles,ProductType,13,"Inventory,Food,Restaurant,Chicken Noodles,NonVegeterian,",170,,https://drive.google.com/file/d/1jEKT8mx8vwSHL_dXX9sMFL5t-Gl7ntrO/view?usp=sharing,https://d32jc9rx98ldq0.cloudfront.net/staging/inventory/compressed/restaurant-2/ChickenSingaporeNoodles.jpg
Chicken Rice,ProductClass,1,"Inventory,Food,Restaurant,",,,https://drive.google.com/file/d/1lG9zkNFhc3URyGvbqLoe5-QIZDdQCsIA/view?usp=sharing,https://d32jc9rx98ldq0.cloudfront.net/staging/inventory/compressed/food2/ChickenRice.jpg
NonVegeterian,ProductLine,2,"Inventory,Food,Restaurant,Chicken Rice,",,,,
Vegeterian,ProductLine,3,"Inventory,Food,Restaurant,Chicken Rice,",,,,
Chicken Fried Rice,ProductType,4,"Inventory,Food,Restaurant,Chicken Rice,NonVegeterian,",110,,https://drive.google.com/file/d/1aSDZOExwwXDvxk_RoejlAzSDdSpOMH_a/view?usp=sharing,https://d32jc9rx98ldq0.cloudfront.net/staging/inventory/compressed/restaurant-2/ChickenFriedRice.jpg
Chicken Fried Rice Full,ProductUnit,5,"Inventory,Food,Restaurant,Chicken Rice,NonVegeterian,Chicken Fried Rice,",110,,https://drive.google.com/file/d/134wk3vS_3SaVNNuaQr_DgD-35uYkXUS3/view?usp=sharing,https://d32jc9rx98ldq0.cloudfront.net/staging/inventory/compressed/restaurant-2/ChickenFriedRiceFull.jpg
Chicken Fried Rice Half,ProductUnit,6,"Inventory,Food,Restaurant,Chicken Rice,NonVegeterian,Chicken Fried Rice,",60,,https://drive.google.com/file/d/101XEZpaP8uVwjLBGRgpoz7KtDVciHGNr/view?usp=sharing,https://d32jc9rx98ldq0.cloudfront.net/staging/inventory/compressed/restaurant-2/ChickenFriedRiceHalf.jpg
Chicken Schezwan Rice,ProductType,7,"Inventory,Food,Restaurant,Chicken Rice,NonVegeterian,",130,,https://drive.google.com/file/d/1qhlBeL0qw1qVJHTfNNlpSjtDE2cMntTk/view?usp=sharing,https://d32jc9rx98ldq0.cloudfront.net/staging/inventory/compressed/restaurant-2/ChickenSchezwanRice.jpg
Chicken Schezwan Rice,ProductType,8,"Inventory,Food,Restaurant,Chicken Rice,NonVegeterian,",130,,https://drive.google.com/file/d/1qhlBeL0qw1qVJHTfNNlpSjtDE2cMntTk/view?usp=sharing,https://d32jc9rx98ldq0.cloudfront.net/staging/inventory/compressed/restaurant-2/ChickenSchezwanRice.jpg
Chicken Schezwan Rice,ProductType,9,"Inventory,Food,Restaurant,Chicken Rice,NonVegeterian,",70,,https://drive.google.com/file/d/1qhlBeL0qw1qVJHTfNNlpSjtDE2cMntTk/view?usp=sharing,https://d32jc9rx98ldq0.cloudfront.net/staging/inventory/compressed/restaurant-2/ChickenSchezwanRice.jpg
Chicken Combination Rice,ProductType,10,"Inventory,Food,Restaurant,Chicken Rice,NonVegeterian,",180,,https://drive.google.com/file/d/1uTGIrX0dJ3YfvbE2vQTqVwyHj7AaZk8I/view?usp=sharing,https://d32jc9rx98ldq0.cloudfront.net/staging/inventory/compressed/restaurant-2/ChickenCombinationRice.png
Chicken Singapore Rice,ProductType,11,"Inventory,Food,Restaurant,Chicken Rice,NonVegeterian,",180,,https://drive.google.com/file/d/1Qq0F2zPoVJcnQug8gvkmFwc0t1uQS0ls/view?usp=sharing,https://d32jc9rx98ldq0.cloudfront.net/staging/inventory/compressed/restaurant-2/ChickenSingaporeRice.jpg
Chicken Korean Rice,ProductType,12,"Inventory,Food,Restaurant,Chicken Rice,NonVegeterian,",180,,https://drive.google.com/file/d/1X8wY5mIZ46cLY6XcmPUP3kq3ZBCROd8D/view?usp=sharing,https://d32jc9rx98ldq0.cloudfront.net/staging/inventory/compressed/food20220216/ChickenKoreanRice.jpg
Chicken Black Been Rice,ProductType,13,"Inventory,Food,Restaurant,Chicken Rice,NonVegeterian,",180,,https://drive.google.com/file/d/1WdsvTbOaTNxYTR4O1gy72BYtwWIHdjUA/view?usp=sharing,https://d32jc9rx98ldq0.cloudfront.net/staging/inventory/compressed/foodinventoryimages1112062022/ChickenBlackBeenRice.jpeg
Chicken Tiranga Rice Gravy,ProductType,14,"Inventory,Food,Restaurant,Chicken Rice,NonVegeterian,",220,,,
Chicken Hong Kong Rice,ProductType,15,"Inventory,Food,Restaurant,Chicken Rice,NonVegeterian,",180,,https://drive.google.com/file/d/1SqYB2ZGEElBMqzYMc63a8WjcU3Hr2-AY/view?usp=sharing,https://d32jc9rx98ldq0.cloudfront.net/staging/inventory/compressed/restaurant-2/ChickenHongKongRice.jpeg
Butter Garlic Rice,ProductType,16,"Inventory,Food,Restaurant,Chicken Rice,NonVegeterian,",240,,https://drive.google.com/file/d/13ChTw6kL00a3nCj2yq3__jKegIhXQ49q/view?usp=sharing,https://d32jc9rx98ldq0.cloudfront.net/staging/inventory/compressed/foodinventoryimages1112062022/ButterGarlicRice.jpg
Tripple Schezwan Rice,ProductType,17,"Inventory,Food,Restaurant,Chicken Rice,NonVegeterian,",170,,https://drive.google.com/file/d/1EBl-54DBPbLnd3J-JGREQwn833u0aE8D/view?usp=sharing,https://d32jc9rx98ldq0.cloudfront.net/staging/inventory/compressed/restaurant-2/Tripple-Schezwan-Rice.jpg
Chicken Malaysian Rice,ProductType,18,"Inventory,Food,Restaurant,Chicken Rice,NonVegeterian,",250,,https://drive.google.com/file/d/1MQaBQVAi2dDn3gihOOQFqsjYIpMmbMLy/view?usp=sharing,https://d32jc9rx98ldq0.cloudfront.net/staging/inventory/compressed/foodinventoryimages1112062022/ChickenMalaysianRice.jpg
Non Veg Chinese,ProductClass,1,"Inventory,Food,Restaurant,",,,https://drive.google.com/file/d/1_B3CX6BmbFOg8wJFXmxIXjDWa2UtHeIN/view?usp=sharing,https://d32jc9rx98ldq0.cloudfront.net/staging/inventory/compressed/food20220212/NonVegChinese.jpg
NonVegeterian,ProductLine,2,"Inventory,Food,Restaurant,Non Veg Chinese,",,,,
Vegeterian,ProductLine,3,"Inventory,Food,Restaurant,Non Veg Chinese,",,,,
Chicken Chilli,ProductType,4,"Inventory,Food,Restaurant,Non Veg Chinese,NonVegeterian,",160,,https://drive.google.com/file/d/1zccr03DUmOBDqoID5-I1IkcG9nR33fue/view?usp=sharing,https://d32jc9rx98ldq0.cloudfront.net/staging/inventory/compressed/restaurant-2/ChickenChilli.jpg
Chicken Lollipop 6pcs,ProductType,5,"Inventory,Food,Restaurant,Non Veg Chinese,NonVegeterian,",160,,https://drive.google.com/file/d/1kfWIhRbOoz-nvs55ZJF6UIFRDZIKmt_o/view?usp=sharing,https://d32jc9rx98ldq0.cloudfront.net/staging/inventory/compressed/restaurant-2/ChickenLollipop6Pcs.jpg
Chicken Korean Chilli,ProductType,6,"Inventory,Food,Restaurant,Non Veg Chinese,NonVegeterian,",180,,https://drive.google.com/file/d/1LbSlAAWoHEohXpdYrlAXAVvOy67s3pFT/view?usp=sharing,https://d32jc9rx98ldq0.cloudfront.net/staging/inventory/compressed/foodinventoryimages1112062022/ChickenKoreanChilli.jpg
Chicken 65,ProductType,7,"Inventory,Food,Restaurant,Non Veg Chinese,NonVegeterian,",180,,https://drive.google.com/file/d/1KiB00yMYljrQJTd8pi_-yERqqS-9omgS/view?usp=sharing,https://d32jc9rx98ldq0.cloudfront.net/staging/inventory/compressed/restaurant-2/Chicken65.jpg
Chicken Garlic Chilli,ProductType,8,"Inventory,Food,Restaurant,Non Veg Chinese,NonVegeterian,",180,,https://drive.google.com/file/d/1wWWN__1gLKSVbj1QeMN7E5wyWIdpPMgn/view?usp=sharing,https://d32jc9rx98ldq0.cloudfront.net/staging/inventory/compressed/food240522/ChilliChickengarlic.jpg
Chicken Golden Chilli,ProductType,9,"Inventory,Food,Restaurant,Non Veg Chinese,NonVegeterian,",180,,https://drive.google.com/file/d/1rhfjxwsECw7wbBBVbhQpSG3tgbwiSkXu/view?usp=sharing,https://d32jc9rx98ldq0.cloudfront.net/staging/inventory/compressed/foodinventoryimages1112062022/ChickenGoldenChilli.jpg
Chicken Chilli Gravy,ProductType,10,"Inventory,Food,Restaurant,Non Veg Chinese,NonVegeterian,",180,,https://drive.google.com/file/d/1xG_uXqzlW16yCUF-Qt0BEZJy1f9qMX5y/view?usp=sharing,https://d32jc9rx98ldq0.cloudfront.net/staging/inventory/compressed/restaurant-3/ChickenChilliGravy.jpg
Chicken Manchurian Gravy,ProductType,11,"Inventory,Food,Restaurant,Non Veg Chinese,NonVegeterian,",180,,https://drive.google.com/file/d/1VTFmS6LgP9KAcWXbSZqMMUyKpHjK65kV/view?usp=sharing,https://d32jc9rx98ldq0.cloudfront.net/staging/inventory/compressed/restaurant-2/NonVegeterian/ChickenManchurianGravy.jpg
Chicken Schezwan Gravy,ProductType,12,"Inventory,Food,Restaurant,Non Veg Chinese,NonVegeterian,",200,,https://drive.google.com/file/d/1zmaRlmIkk0JHGODK_OTpOl3UczHHE1zn/view?usp=sharing,https://d32jc9rx98ldq0.cloudfront.net/staging/inventory/compressed/foodinventoryimages1112062022/ChickenSchezwanGravy.jpg
Hong Kong Gravy,ProductType,13,"Inventory,Food,Restaurant,Non Veg Chinese,NonVegeterian,",180,,https://drive.google.com/file/d/1SHDCFI44Njk1YRVuB0SvJ7miWIrIUdnk/view?usp=sharing,https://d32jc9rx98ldq0.cloudfront.net/staging/inventory/compressed/foodinventoryimages1112062022/HongKongGravy.jpg
Garlic Gravy,ProductType,14,"Inventory,Food,Restaurant,Non Veg Chinese,NonVegeterian,",180,,https://drive.google.com/file/d/1UUhl0x3B8vj8obNjjwetZ_ndI9qRGFSW/view?usp=sharing,https://d32jc9rx98ldq0.cloudfront.net/staging/inventory/compressed/foodinventoryimages1112062022/GarlicGravy.jpg
Ginger Gravy,ProductType,15,"Inventory,Food,Restaurant,Non Veg Chinese,NonVegeterian,",180,,https://drive.google.com/file/d/1WKAoA9iITcsWfqvTmYcLQH4b7GsAmNZ6/view?usp=sharing,https://d32jc9rx98ldq0.cloudfront.net/staging/inventory/compressed/foodinventoryimages1112062022/GarlicGravy.jpg
Chicken Black Been Chilli,ProductType,16,"Inventory,Food,Restaurant,Non Veg Chinese,NonVegeterian,",180,,https://drive.google.com/file/d/1WhNy0AFr0GdBRXvlJwOqCoGXCISqQP36/view?usp=sharing,https://d32jc9rx98ldq0.cloudfront.net/staging/inventory/compressed/foodinventoryimages1112062022/ChickenBlackBeenChilli.jpg
Chicken Lollipop Masala,ProductType,17,"Inventory,Food,Restaurant,Non Veg Chinese,NonVegeterian,",200,,https://drive.google.com/file/d/1LZYdV9n-h6FuTt9QY6IOnJYvsgV9fr2M/view?usp=sharing,https://d32jc9rx98ldq0.cloudfront.net/staging/inventory/compressed/restaurant-3/ChickenLollipopMasala.jpg
Chicken Dragon Chilli,ProductType,18,"Inventory,Food,Restaurant,Non Veg Chinese,NonVegeterian,",200,,https://drive.google.com/file/d/1NawjLc0mvhJ9C5Ch5NRzH_TmYs3HLipn/view?usp=sharing,https://d32jc9rx98ldq0.cloudfront.net/staging/inventory/compressed/foodinventoryimages1112062022/ChickenDragonChilli.jpg
Chicken Crispy,ProductType,19,"Inventory,Food,Restaurant,Non Veg Chinese,NonVegeterian,",180,,https://drive.google.com/file/d/1uR2GNv5IoIsrnFaGWRgpoGxp8X1aTUVY/view?usp=sharing,https://d32jc9rx98ldq0.cloudfront.net/staging/inventory/compressed/restaurant-2/ChickenCrispy.jpg
Special Chilli,ProductType,20,"Inventory,Food,Restaurant,Non Veg Chinese,NonVegeterian,",220,,,
Non Veg Soup,ProductClass,1,"Inventory,Food,Restaurant,",,,https://drive.google.com/file/d/1Hbp-FJYzKQCQxCxcxLhPm5xBPgnqR28g/view?usp=sharing,https://d32jc9rx98ldq0.cloudfront.net/staging/inventory/compressed/food240522/NonVegSoup.jpg
NonVegeterian,ProductLine,2,"Inventory,Food,Restaurant,Non Veg Soup,",,,,
Vegeterian,ProductLine,3,"Inventory,Food,Restaurant,Non Veg Soup,",,,,
Chicken Clear Soup,ProductType,4,"Inventory,Food,Restaurant,Non Veg Soup,NonVegeterian,",80,,https://drive.google.com/file/d/1LX7BNBtiMlQn6XbchCtLnaod19NW4mut/view?usp=sharing,https://d32jc9rx98ldq0.cloudfront.net/staging/inventory/compressed/restaurant-2/ChickenClearSoup.jpg
Chicken Clear Soup Full,ProductUnit,5,"Inventory,Food,Restaurant,Non Veg Soup,NonVegeterian,Chicken Clear Soup,",80,,https://drive.google.com/file/d/16PuH5EpSwDf64X7tGd2WjugNNzTSEWYy/view?usp=sharing,https://d32jc9rx98ldq0.cloudfront.net/staging/inventory/compressed/food20220515/ChickenClearSoupFull.jpg
Chicken Clear Soup Half,ProductUnit,6,"Inventory,Food,Restaurant,Non Veg Soup,NonVegeterian,Chicken Clear Soup,",50,,https://drive.google.com/file/d/1m2RZ-xB4ICx0mEqa6rtT6uuUCtx-rqgT/view?usp=sharing,https://d32jc9rx98ldq0.cloudfront.net/staging/inventory/compressed/food20220515/ChickenClearSoupHalf2.jpg
Chicken Soup,ProductType,7,"Inventory,Food,Restaurant,Non Veg Soup,NonVegeterian,",100,,https://drive.google.com/file/d/1y3lD7o3VTZtvgCimVAJ248DPQfxcrLcf/view?usp=sharing,https://d32jc9rx98ldq0.cloudfront.net/staging/inventory/compressed/restaurant-2/ChickenSoup.jpg
Chicken Soup Full,ProductUnit,8,"Inventory,Food,Restaurant,Non Veg Soup,NonVegeterian,Chicken Soup,",100,,https://drive.google.com/file/d/1KERbAMeakoTWyZC7AOra9ZpKH8QFSKgp/view?usp=sharing,https://d32jc9rx98ldq0.cloudfront.net/staging/inventory/compressed/restaurant-2/ChickenSoupFull.jpg
Chicken Soup Half,ProductUnit,9,"Inventory,Food,Restaurant,Non Veg Soup,NonVegeterian,Chicken Soup,",60,,https://drive.google.com/file/d/1gtiaB9HRmJ4AZXEzHs1ktPVLxeVbXxuF/view?usp=sharing,https://d32jc9rx98ldq0.cloudfront.net/staging/inventory/compressed/food2022022/ChickenSoupHalf.jpg
Chicken Manchow Soup,ProductType,10,"Inventory,Food,Restaurant,Non Veg Soup,NonVegeterian,",140,,https://drive.google.com/file/d/1v5C-QmonfLhh4R3NaUtzqEiQkPKBbVcq/view?usp=sharing,https://d32jc9rx98ldq0.cloudfront.net/staging/inventory/compressed/restaurant-2/ChickenManchowSoup.jpg
Chicken Manchow Soup Full,ProductUnit,11,"Inventory,Food,Restaurant,Non Veg Soup,NonVegeterian,Chicken Manchow Soup,",140,,https://drive.google.com/file/d/1eqEueM1bNjBXkilA4eG_beiX1-pdrghb/view?usp=sharing,https://d32jc9rx98ldq0.cloudfront.net/staging/inventory/compressed/food20220515/ChickenManchowSoupFull.jpg
Chicken Manchow Soup Half,ProductUnit,12,"Inventory,Food,Restaurant,Non Veg Soup,NonVegeterian,Chicken Manchow Soup,",90,,https://drive.google.com/file/d/1jzh-L8FF2lhkxwfCkEIACqCqdQOphny7/view?usp=sharing,https://d32jc9rx98ldq0.cloudfront.net/staging/inventory/compressed/food20220515/ChickenManchowSoupHalf.jpg
Eggs Dishes,ProductClass,1,"Inventory,Food,Restaurant,",,,https://drive.google.com/file/d/1atIyYPc3X5MBGX2XguBHXXHRve5gkygE/view?usp=sharing,https://d32jc9rx98ldq0.cloudfront.net/staging/inventory/compressed/foodinventoryimages1112062022/EggsDishes.jpg
NonVegeterian,ProductLine,2,"Inventory,Food,Restaurant,Eggs Dishes,",,,,
Vegeterian,ProductLine,3,"Inventory,Food,Restaurant,Eggs Dishes,",,,,
Egg Fried Rice,ProductType,4,"Inventory,Food,Restaurant,Eggs Dishes,NonVegeterian,",120,,https://drive.google.com/file/d/1uhyQ0c_TMyzzUugTISJHKNkvyHNobqbb/view?usp=sharing,https://d32jc9rx98ldq0.cloudfront.net/staging/inventory/compressed/restaurant-2/EggFriedRice.jpg
Egg Curry,ProductType,5,"Inventory,Food,Restaurant,Eggs Dishes,NonVegeterian,",80,,https://drive.google.com/file/d/1PnthbV-bXCssfQASUzWMZVhI7Vi_KBd5/view?usp=sharing,https://d32jc9rx98ldq0.cloudfront.net/staging/inventory/compressed/restaurant-2/EggCurry.jpg
Egg Masala,ProductType,6,"Inventory,Food,Restaurant,Eggs Dishes,NonVegeterian,",100,,https://drive.google.com/file/d/1pN-FBsZbYnOvIyYtW9x5T4XRpHKz44UY/view?usp=sharing,https://d32jc9rx98ldq0.cloudfront.net/staging/inventory/compressed/restaurant-2/EggMasala.jpg
Boiled Egg,ProductType,7,"Inventory,Food,Restaurant,Eggs Dishes,NonVegeterian,",30,,https://drive.google.com/file/d/1I1fvjXIdn4TF_zzPff_NW7gxDvjVSW-o/view?usp=sharing,https://d32jc9rx98ldq0.cloudfront.net/staging/inventory/compressed/restaurant-2/BoiledEgg.jpg
Egg Pulao,ProductType,8,"Inventory,Food,Restaurant,Eggs Dishes,NonVegeterian,",80,,https://drive.google.com/file/d/1aVVX0Z_HtA6tCXhs_ux2z2bPj4ahUuzH/view?usp=sharing,https://d32jc9rx98ldq0.cloudfront.net/staging/inventory/compressed/food20220217/EggPulao.jpg
Egg Biryani,ProductType,9,"Inventory,Food,Restaurant,Eggs Dishes,NonVegeterian,",100,,https://drive.google.com/file/d/1QIFm56UM3FSl48MPmlJdBchMJuhyRkCs/view?usp=sharing,https://d32jc9rx98ldq0.cloudfront.net/staging/inventory/compressed/restaurant-2/EggBiryani.jpg
Egg Bharji Pav,ProductType,10,"Inventory,Food,Restaurant,Eggs Dishes,NonVegeterian,",60,,https://drive.google.com/file/d/1WeHgbJTQNbRnX_GRAmc1DLPAN9gD5F8M/view?usp=sharing,https://d32jc9rx98ldq0.cloudfront.net/staging/inventory/compressed/foodinventoryimages1112062022/EggBharjiPav.jpg
Boiled Egg Bhurji Pav,ProductType,11,"Inventory,Food,Restaurant,Eggs Dishes,NonVegeterian,",70,,https://drive.google.com/file/d/1Dark0Xz243U_9pxkyPN8WzA0Pm0QabDR/view?usp=sharing,https://d32jc9rx98ldq0.cloudfront.net/staging/inventory/compressed/foodinventoryimages1112062022/BoiledEggBhurjiPav.jpg
Egg Half Fry,ProductType,12,"Inventory,Food,Restaurant,Eggs Dishes,NonVegeterian,",50,,https://drive.google.com/file/d/1j8PRk6ltQ2FbFKnLbDd7uCxzsvi0PW0W/view?usp=sharing,https://d32jc9rx98ldq0.cloudfront.net/staging/inventory/compressed/restaurant-2/EggHalfFry.jpg
Onion Omeltte Pav,ProductType,13,"Inventory,Food,Restaurant,Eggs Dishes,NonVegeterian,",50,,https://drive.google.com/file/d/1DBxY-W9VEwv4UYCjjmDLo-WUggoeZa-e/view?usp=sharing,https://d32jc9rx98ldq0.cloudfront.net/staging/inventory/compressed/foodinventoryimages1112062022/OnionOmelttePav.jpg
Plain Omelette Pav,ProductType,14,"Inventory,Food,Restaurant,Eggs Dishes,NonVegeterian,",40,,https://drive.google.com/file/d/1gXnnqzzKAF_4ssz28SVA87hpy7cDQWUp/view?usp=sharing,https://d32jc9rx98ldq0.cloudfront.net/staging/inventory/compressed/foodinventoryimages1112062022/PlainOmelettePav.jpg
Mutton Kheema,ProductType,15,"Inventory,Food,Restaurant,Eggs Dishes,NonVegeterian,",140,,https://drive.google.com/file/d/13wP6dYjJVx5A02KIhsyWlPLKZHKD1wdE/view?usp=sharing,https://d32jc9rx98ldq0.cloudfront.net/staging/inventory/compressed/restaurant-2/MuttonKheema.jpg
Tandoori Chicken,ProductClass,1,"Inventory,Food,Restaurant,",,,https://drive.google.com/file/d/1dznI7JQb5hVK3qbr2mVGfiBKnPXKLcyI/view?usp=sharing,https://d32jc9rx98ldq0.cloudfront.net/staging/inventory/compressed/restaurant-2/Tandoori-Chicken.jpg
NonVegeterian,ProductLine,2,"Inventory,Food,Restaurant,Tandoori Chicken,",,,,
Vegeterian,ProductLine,3,"Inventory,Food,Restaurant,Tandoori Chicken,",,,,
Chicken Tandoori,ProductType,4,"Inventory,Food,Restaurant,Tandoori Chicken,NonVegeterian,",400,,https://drive.google.com/file/d/1WlsvcyYyU9mZXDHlzoLVNwQ8JF_WAj5Q/view?usp=sharing,https://d32jc9rx98ldq0.cloudfront.net/staging/inventory/compressed/restaurant-2/ChickenTandooriFull.jpg
Chicken Tandoori Full,ProductUnit,5,"Inventory,Food,Restaurant,Tandoori Chicken,NonVegeterian,Chicken Tandoori,",400,,https://drive.google.com/file/d/1WtS9O3XVpgq9-mUPuTBQQFLXAjrLodPx/view?usp=sharing,https://d32jc9rx98ldq0.cloudfront.net/staging/inventory/compressed/restaurant-2/ChickenTandooriFull.jpg
Chicken Tandoori Half,ProductUnit,6,"Inventory,Food,Restaurant,Tandoori Chicken,NonVegeterian,Chicken Tandoori,",220,,https://drive.google.com/file/d/1SOqQCUJJweBBc-U9Auh5ahkIQbaIHhRn/view?usp=sharing,https://d32jc9rx98ldq0.cloudfront.net/staging/inventory/compressed/restaurant-2/ChickenTandooriHalf.jpg
Chicken Malai Tandoori,ProductType,7,"Inventory,Food,Restaurant,Tandoori Chicken,NonVegeterian,",430,,https://drive.google.com/file/d/1MI7_I51RIyyLrHmJjAJJFTlxBGE3kmg_/view?usp=sharing,https://d32jc9rx98ldq0.cloudfront.net/staging/inventory/compressed/restaurant-2/ChickenMalaiTandoori.jpg
Chicken Malai Tandoori Full,ProductUnit,8,"Inventory,Food,Restaurant,Tandoori Chicken,NonVegeterian,Chicken Malai Tandoori,",430,,https://drive.google.com/file/d/1zLQH4YZxfz7CqaHi9gRFxqIXiodiI5ub/view?usp=sharing,https://d32jc9rx98ldq0.cloudfront.net/staging/inventory/compressed/foodinventoryimages1112062022/ChickenMalaiTandooriFull.jpg
Chicken Malai Tandoori Half,ProductUnit,9,"Inventory,Food,Restaurant,Tandoori Chicken,NonVegeterian,Chicken Malai Tandoori,",250,,https://drive.google.com/file/d/1V2Q-BRtlrIm7Jrnb4vwqeKOO2Qe9N7so/view?usp=sharing,https://d32jc9rx98ldq0.cloudfront.net/staging/inventory/compressed/foodinventoryimages1112062022/ChickenMalaiTandooriHalf.jpg
Chicken Pahadi Tandoori,ProductType,10,"Inventory,Food,Restaurant,Tandoori Chicken,NonVegeterian,",400,,https://drive.google.com/file/d/1OrEqQEmtq5V3ScpfGlqALsfdu-E96NOA/view?usp=sharing,https://d32jc9rx98ldq0.cloudfront.net/staging/inventory/compressed/food03022022/ChickenPahadiTandoori.jpg
Chicken Pahadi Tandoori Full,ProductUnit,11,"Inventory,Food,Restaurant,Tandoori Chicken,NonVegeterian,Chicken Pahadi Tandoori,",400,,https://drive.google.com/file/d/1OK1g6JqzwtiwXamFopVzhx7SRSwmzfUy/view?usp=sharing,https://d32jc9rx98ldq0.cloudfront.net/staging/inventory/compressed/foodinventoryimages1112062022/ChickenPahadiTandooriFull.jpg
Chicken Pahadi Tandoori Half,ProductUnit,12,"Inventory,Food,Restaurant,Tandoori Chicken,NonVegeterian,Chicken Pahadi Tandoori,",220,,https://drive.google.com/file/d/1xNNZUVvCjIGHvw20SQXTP29T8fxfsaiJ/view?usp=sharing,https://d32jc9rx98ldq0.cloudfront.net/staging/inventory/compressed/foodinventoryimages1112062022/ChickenPahadiTandooriHalf.jpg
Chicken Banjara Tandoori,ProductType,13,"Inventory,Food,Restaurant,Tandoori Chicken,NonVegeterian,",400,,https://drive.google.com/file/d/1Uc5eSB7g2uALlT2z5rryGwmMvMp_-Ses/view?usp=sharing,https://d32jc9rx98ldq0.cloudfront.net/staging/inventory/compressed/2122022/ChickenBanjaraTandoori.jpg
Chicken Banjara Tandoori Full,ProductUnit,14,"Inventory,Food,Restaurant,Tandoori Chicken,NonVegeterian,Chicken Banjara Tandoori,",400,,https://drive.google.com/file/d/1aar2qJ1Acp2lnGeDa7Dh3BzhILYIn_7e/view?usp=sharing,https://d32jc9rx98ldq0.cloudfront.net/staging/inventory/compressed/2122022/ChickenBanjaraTandooriFull.jpg
Chicken Banjara Tandoori Half,ProductUnit,15,"Inventory,Food,Restaurant,Tandoori Chicken,NonVegeterian,Chicken Banjara Tandoori,",220,,https://drive.google.com/file/d/18prOdwH_Go0zGA9xfqazuZ-JlYxWDV9B/view?usp=sharing,https://d32jc9rx98ldq0.cloudfront.net/staging/inventory/compressed/2122022/ChickenBanjaraTandooriHalf.jpg
Chiken Alfam Tandoori,ProductType,16,"Inventory,Food,Restaurant,Tandoori Chicken,NonVegeterian,",520,,https://drive.google.com/file/d/1C91M4z1wJB8ZG3To-wyuDtDymZgL6TEP/view?usp=sharing,https://d32jc9rx98ldq0.cloudfront.net/staging/inventory/compressed/foodinventoryimages1112062022/ChikenAlfamTandoori.jpg
Chiken Alfam Tandoori Full,ProductUnit,17,"Inventory,Food,Restaurant,Tandoori Chicken,NonVegeterian,Chiken Alfam Tandoori,",520,,https://drive.google.com/file/d/1Jks9t435Ea7Jr_KAfHiQfHNP9S8DmK5e/view?usp=sharing,https://d32jc9rx98ldq0.cloudfront.net/staging/inventory/compressed/foodinventoryimages1112062022/ChikenAlfamTandooriFull.jpg
Chiken Alfam Tandoori Half,ProductUnit,18,"Inventory,Food,Restaurant,Tandoori Chicken,NonVegeterian,Chiken Alfam Tandoori,",300,,https://drive.google.com/file/d/1dfCrUGhiA5V71UmS7uC_n6J-r9RtR_XX/view?usp=sharing,https://d32jc9rx98ldq0.cloudfront.net/staging/inventory/compressed/foodinventoryimages1112062022/ChikenAlfamTandooriHalf.jpg
Chiken Tikka,ProductType,19,"Inventory,Food,Restaurant,Tandoori Chicken,NonVegeterian,",180,,,
Chicken Hariyali Tikkka,ProductType,20,"Inventory,Food,Restaurant,Tandoori Chicken,NonVegeterian,",200,,https://drive.google.com/file/d/1K07_7maWpLB0FWHXzhIdBhit6-9v-Zlz/view?usp=sharing,https://d32jc9rx98ldq0.cloudfront.net/staging/inventory/compressed/foodinventoryimages1112062022/ChickenHariyaliTikkka.jpg
Chicken Malai Tikka,ProductType,21,"Inventory,Food,Restaurant,Tandoori Chicken,NonVegeterian,",220,,https://drive.google.com/file/d/1tePbOcbEaGdiDfnZ_OqEtCeokBlfzz5V/view?usp=sharing,https://d32jc9rx98ldq0.cloudfront.net/staging/inventory/compressed/restaurant-2/ChickenMalaiTikka.jpg
Chicken Banjara Tikka,ProductType,22,"Inventory,Food,Restaurant,Tandoori Chicken,NonVegeterian,",200,,https://drive.google.com/file/d/1eJuc_DYQiUOEO40hi1QAbpTX5QCj8PHN/view?usp=sharing,https://d32jc9rx98ldq0.cloudfront.net/staging/inventory/compressed/food20220515/ChickenBanjaraTikka.jpg
Non veg Special,ProductClass,1,"Inventory,Food,Restaurant,",,,https://drive.google.com/file/d/1FTqPc_yAf_ErpqdMxoO4_H9cywpC2zF4/view?usp=sharing,https://d32jc9rx98ldq0.cloudfront.net/staging/inventory/compressed/foodinventoryimages1112062022/NonvegSpecial.jpg
NonVegeterian,ProductLine,2,"Inventory,Food,Restaurant,Non veg Special,",,,,
Vegeterian,ProductLine,3,"Inventory,Food,Restaurant,Non veg Special,",,,,
Sizler,ProductType,4,"Inventory,Food,Restaurant,Non veg Special,NonVegeterian,",320,,,
Kashmiri Sizler,ProductType,5,"Inventory,Food,Restaurant,Non veg Special,NonVegeterian,",360,,,
Garlic Sizler,ProductType,6,"Inventory,Food,Restaurant,Non veg Special,NonVegeterian,",360,,https://drive.google.com/file/d/1zQNCXsiRPZYhHiI1VNgl6s1OP5xCA0-9/view?usp=sharing,https://d32jc9rx98ldq0.cloudfront.net/staging/inventory/compressed/foodinventoryimages1112062022/GarlicSizler.jpg
Chicken Khabsa Rice Plain,ProductType,7,"Inventory,Food,Restaurant,Non veg Special,NonVegeterian,",1000,,https://drive.google.com/file/d/1PFrxJ2BthS6nQEWhgz5gtF-W9GUWpmWk/view?usp=sharing,https://d32jc9rx98ldq0.cloudfront.net/staging/inventory/compressed/foodinventoryimages1112062022/ChickenKhabsaRicePlain.jpg
Chicken Butter Rice Khabsa,ProductType,8,"Inventory,Food,Restaurant,Non veg Special,NonVegeterian,",1200,,https://drive.google.com/file/d/1uXJUtsqqQy23TRHbRwr6G5ien1wcdkLp/view?usp=sharing,https://d32jc9rx98ldq0.cloudfront.net/staging/inventory/compressed/foodinventoryimages1112062022/ChickenButterRiceKhabsa.jpg
Chicken Schezwan Khabsa,ProductType,9,"Inventory,Food,Restaurant,Non veg Special,NonVegeterian,",1200,,,
Tandoori Khabsa Mutton,ProductType,10,"Inventory,Food,Restaurant,Non veg Special,NonVegeterian,",1800,,,
Sunday Chicken Nargis,ProductType,11,"Inventory,Food,Restaurant,Non veg Special,NonVegeterian,",320,,https://drive.google.com/file/d/18iNF7RJb2Fg8aRFpASGXgNuJX_ET_n-1/view?usp=sharing,https://d32jc9rx98ldq0.cloudfront.net/staging/inventory/compressed/foodinventoryimages1112062022/SundayChickenNargis.jpg
Monday Chicken Adraki,ProductType,12,"Inventory,Food,Restaurant,Non veg Special,NonVegeterian,",280,,https://drive.google.com/file/d/1xfcpwnR0TE5VkxJEJiUDlsRG42AWgDyt/view?usp=sharing,https://d32jc9rx98ldq0.cloudfront.net/staging/inventory/compressed/foodinventoryimages1112062022/MondayChickenAdraki.jpg
Tuesday Chicken Peshawari,ProductType,13,"Inventory,Food,Restaurant,Non veg Special,NonVegeterian,",290,,https://drive.google.com/file/d/1T__RLRZKmQj88GwGCkcma6BrStBvic0J/view?usp=sharing,https://d32jc9rx98ldq0.cloudfront.net/staging/inventory/compressed/foodinventoryimages1112062022/TuesdayChickenPeshawari.jpg
Wednesday Chi Kohinoor,ProductType,14,"Inventory,Food,Restaurant,Non veg Special,NonVegeterian,",300,,,
Thursday Chicken Peshwari,ProductType,15,"Inventory,Food,Restaurant,Non veg Special,NonVegeterian,",290,,https://drive.google.com/file/d/1-bYa7BWrUphYf75dN1clpJtveYni7Hu9/view?usp=sharing,https://d32jc9rx98ldq0.cloudfront.net/staging/inventory/compressed/foodinventoryimages1112062022/ThursdayChickenPeshwari.jpg
Wednesday Chicken Kohinoor,ProductType,16,"Inventory,Food,Restaurant,Non veg Special,NonVegeterian,",300,,https://drive.google.com/file/d/1TPsmrUOp7pPn16KKrI3_bKoMopi8_dM3/view?usp=sharing,https://d32jc9rx98ldq0.cloudfront.net/staging/inventory/compressed/foodinventoryimages1112062022/WednesdayChickenKohinoor.jpg
Thursday Chicken Chaska Maska,ProductType,17,"Inventory,Food,Restaurant,Non veg Special,NonVegeterian,",330,,https://drive.google.com/file/d/1kecos5Rpj4S9G5iQXaJpMG4j9t4XC-OX/view?usp=sharing,https://d32jc9rx98ldq0.cloudfront.net/staging/inventory/compressed/foodinventoryimages1112062022/ThursdayChickenChaskaMaska.jpg
Friday Chicken Jaipuri,ProductType,18,"Inventory,Food,Restaurant,Non veg Special,NonVegeterian,",300,,https://drive.google.com/file/d/14rizS7MNMw1AImPx8jbCsHy1vg_hLadi/view?usp=sharing,https://d32jc9rx98ldq0.cloudfront.net/staging/inventory/compressed/foodinventoryimages1112062022/FridayChickenJaipuri.jpg
Saturday Chicken Darbar,ProductType,19,"Inventory,Food,Restaurant,Non veg Special,NonVegeterian,",350,,https://drive.google.com/file/d/1tqFayVotHNIzDrIxAZYFZcTFedhgvdnN/view?usp=sharing,https://d32jc9rx98ldq0.cloudfront.net/staging/inventory/compressed/foodinventoryimages1112062022/SaturdayChickenDarbar.jpg
Fish,ProductClass,1,"Inventory,Food,Restaurant,",,,,
NonVegeterian,ProductLine,2,"Inventory,Food,Restaurant,Fish,",,,,
Vegeterian,ProductLine,3,"Inventory,Food,Restaurant,Fish,",,,,
Fish Curry Sarmai 2pcs,ProductType,4,"Inventory,Food,Restaurant,Fish,NonVegeterian,",220,,https://drive.google.com/file/d/1h-lcpVdp8tNTNP4vdidFmNqTOgpH8sJR/view?usp=sharing,https://d32jc9rx98ldq0.cloudfront.net/staging/inventory/compressed/foodinventoryimages1112062022/FishCurrySarmai2pcs.jpg
Fish Curry Waam 2pcs,ProductType,5,"Inventory,Food,Restaurant,Fish,NonVegeterian,",180,,https://drive.google.com/file/d/1h-lcpVdp8tNTNP4vdidFmNqTOgpH8sJR/view?usp=sharing,https://d32jc9rx98ldq0.cloudfront.net/staging/inventory/compressed/foodinventoryimages1112062022/FishCurrySarmai2pcs.jpg
Masala Surmai,ProductType,6,"Inventory,Food,Restaurant,Fish,NonVegeterian,",260,,,
Masala Waam,ProductType,7,"Inventory,Food,Restaurant,Fish,NonVegeterian,",220,,,
Masala Pomfret 2pcs,ProductType,8,"Inventory,Food,Restaurant,Fish,NonVegeterian,",240,,,
Masala Bangda,ProductType,9,"Inventory,Food,Restaurant,Fish,NonVegeterian,",160,,,
Fry Bomfret,ProductType,10,"Inventory,Food,Restaurant,Fish,NonVegeterian,",200,,https://drive.google.com/file/d/1H8u5xd8F2eVS6j0bP-IafSSG0CUSSTX4/view?usp=sharing,https://d32jc9rx98ldq0.cloudfront.net/staging/inventory/compressed/foodinventoryimages1112062022/FryBomfret.jpg
Fry Surmai 3pcs,ProductType,11,"Inventory,Food,Restaurant,Fish,NonVegeterian,",230,,https://drive.google.com/file/d/1jvBp1vdYW8nTmQgEt34lyxeJ0hUl003j/view?usp=sharing,https://d32jc9rx98ldq0.cloudfront.net/staging/inventory/compressed/foodinventoryimages1112062022/FrySurmai3pcs.jpg
Fry Bangada 2 pcs,ProductType,12,"Inventory,Food,Restaurant,Fish,NonVegeterian,",120,,https://drive.google.com/file/d/1pJ8_v1yfyudIqk3uOFQYbGz4AWaC1qmm/view?usp=sharing,https://d32jc9rx98ldq0.cloudfront.net/staging/inventory/compressed/foodinventoryimages1112062022/FryBangada2pcs.jpg
Fish Tandoori Pomfret,ProductType,13,"Inventory,Food,Restaurant,Fish,NonVegeterian,",220,,https://drive.google.com/file/d/18l2do0ESViMiKFeNAJMKZfGJsf2mSc84/view?usp=sharing,https://d32jc9rx98ldq0.cloudfront.net/staging/inventory/compressed/foodinventoryimages1112062022/FishTandooriPomfret.jpg
Tandoori Bangda,ProductType,14,"Inventory,Food,Restaurant,Fish,NonVegeterian,",140,,https://drive.google.com/file/d/1m_U63MriWswlIP6MyIw9dv73FiynLRJX/view?usp=sharing,https://d32jc9rx98ldq0.cloudfront.net/staging/inventory/compressed/foodinventoryimages1112062022/TandooriBangda.jpeg
