label,nodeType,order,path,price,description,ingredients,link,imageLink
Snacks,ProductClass,1,"Inventory,Food,Restaurant,",,,,,https://d32jc9rx98ldq0.cloudfront.net/staging/inventory/compressed/img/Smiley.jpg
Vegeterian,ProductLine,2,"Inventory,Food,Restaurant,Snacks,",,,,,https://d32jc9rx98ldq0.cloudfront.net/staging/inventory/compressed/restaurant-2/Salad.jpg
NonVegeterian,ProductLine,3,"Inventory,Food,Restaurant,Snacks,",,,,,
Chana Chilli,ProductType,4,"Inventory,Food,Restaurant,Snacks,Vegeterian,",120,,"  chikpea  chana , kashmiri red chilli powder,  salt,oil for deep frying, corn flour, clove garlic,  ginger, green chilli,  spring onions ,onion, cubes capsicum,  chilli sauce,  ma sauce,  vinegar, pepper,  soy sauce, salt.",https://drive.google.com/file/d/1YNDltsa5KWAs1klYgJSDUSiDjC_377yJ/view?usp=sharing,https://d32jc9rx98ldq0.cloudfront.net/staging/inventory/compressed/restaurant-2/Vegeterian/ChanaChilli.jpg
Veg Crunchy,ProductType,5,"Inventory,Food,Restaurant,Snacks,Vegeterian,",130,,,https://drive.google.com/file/d/1JbF4IP87oga3A6abBI1p2fKiscph9msu/view?usp=sharing,https://d32jc9rx98ldq0.cloudfront.net/staging/inventory/compressed/restaurant-2/VegCrunchy.jpg
Gobi 65,ProductType,6,"Inventory,Food,Restaurant,Snacks,Vegeterian,",120,," cauliflower,salt  tast,oil  deep fry,water as needed,  wheat flour  maida,  rice flour,  corn flour,  ginger garlic paste,  curd,  kashmiri chilli powder,  garam masala powder,  lemon juice,  cooking soda.",https://drive.google.com/file/d/1bDOLjyg_CzjwrGOijGJZJ1w-Aqy2eLKh/view?usp=sharing,https://d32jc9rx98ldq0.cloudfront.net/staging/inventory/compressed/restaurant-2/Gobi65.jpg
Paneer Chilli,ProductType,7,"Inventory,Food,Restaurant,Snacks,Vegeterian,",170,,"""Paneer   cubed,Onions  finely sliced,Capsicum  sliced,Green chillies ,Garlic   finely chopped,Corn flour   ,Salt  ,Black pepper powder  ,Soya sauce  ,ma sauce  ,Red chilli sauce  """,https://drive.google.com/file/d/1Kk0U0y2YhiaEMjyJl-zWAzSE1Y1J7mHd/view?usp=sharing,https://d32jc9rx98ldq0.cloudfront.net/staging/inventory/compressed/restaurant-2/Vegeterian/Paneerchilli.jpg
Paneer 65,ProductType,8,"Inventory,Food,Restaurant,Snacks,Vegeterian,",170,,,https://drive.google.com/file/d/18eQOtotfInWqsh70Rc6NLKcegEIaW-3Y/view?usp=sharing,https://d32jc9rx98ldq0.cloudfront.net/staging/inventory/compressed/restaurant-2/Paneer65.jpg
Veg Manchurian,ProductType,9,"Inventory,Food,Restaurant,Snacks,Vegeterian,",100,,"""  grated cabbage, grated carrot,  maida,  Salt,  chilli sauce,  soya sauce,  ma ketchup,  lemon juice,  sugar,capsicum, onion,  chopped gar",https://drive.google.com/file/d/1JcRpKUkGtHAU_F6awJQH4SDEVFXNNJY_/view?usp=sharing,https://d32jc9rx98ldq0.cloudfront.net/staging/inventory/compressed/restaurant-2/VegManchurian.jpg
Veg Lollipop,ProductType,10,"Inventory,Food,Restaurant,Snacks,Vegeterian,",130,,"   boiled potaes boiled,Peeled  mashed,  capsicum finely chopped,  cabbage finely chopped, sized onion,  crushed paneer , . gingergarlic paste, . turmeric powder,  . red chili powder, . chaat masala,. black pepper powder, . cornflour,  allpurpose flour, semolina( Rava),Oil for deep frying,Salt  taste.",https://drive.google.com/file/d/1VHcE9yqD695-4FM6IUQe6sBpspfxn5ns/view?usp=sharing,https://d32jc9rx98ldq0.cloudfront.net/staging/inventory/compressed/restaurant-2/VegLollipop.jpg
Greenpeas Roast,ProductType,11,"Inventory,Food,Restaurant,Snacks,Vegeterian,",70,,"  Paneer ,  Rice Flour,   flour (besan),  cornstarch,  green chili paste,  garlic paste,  ginger paste,  red chili powder,   Garam Masala, lemon juice ,  oil –,salt ,  finely chopped onions,   green chilies ,  finely chopped ginger,  finely chopped garlic,   dry red chilies ,    salt.",https://drive.google.com/file/d/1uQm_HHGBYHaOuelemHAJEaYJm4DoypWl/view?usp=sharing,https://d32jc9rx98ldq0.cloudfront.net/staging/inventory/compressed/restaurant-2/GreenPeasRoast.jpg
Chana Fry,ProductType,12,"Inventory,Food,Restaurant,Snacks,Vegeterian,",80,,,https://drive.google.com/file/d/1RFS1DNPZQpWE-68Jhzmt8L7N6myxbdTT/view?usp=sharing,https://d32jc9rx98ldq0.cloudfront.net/staging/inventory/compressed/restaurant-2/ChanaFry.jpg
Green Peas Fry,ProductType,13,"Inventory,Food,Restaurant,Snacks,Vegeterian,",90,,,https://drive.google.com/file/d/1Hr8ztF92nJfQjpSmi7y2FQp6nu-evO40/view?usp=sharing,https://d32jc9rx98ldq0.cloudfront.net/staging/inventory/compressed/restaurant-2/GreenPeasFry.jpg
Chana Roast,ProductType,14,"Inventory,Food,Restaurant,Snacks,Vegeterian,",80,,,https://drive.google.com/file/d/1VwIaIOqpwZcXMFxcjxhg4ORhmIWHfk3Q/view?usp=sharing,https://d32jc9rx98ldq0.cloudfront.net/staging/inventory/compressed/restaurant-2/ChanaRoast.jpg
Soyabean Roast,ProductType,15,"Inventory,Food,Restaurant,Snacks,Vegeterian,",100,,"  soya chunks, onions (sliced), green chilies (slit),  ginger garlic paste,  chili powder, turmeric powder,  corier powder,  chicken masala, sprigs curry leaves,  sliced coconut s,  mustard seeds,salt (),oil ().",https://drive.google.com/file/d/1kyP3UX3RO5K8__8zfLlJoGx_1pkW-wGM/view?usp=sharing,https://d32jc9rx98ldq0.cloudfront.net/staging/inventory/compressed/restaurant-2/SoyabeanRoast.jpg
Soyabean Chilli,ProductType,16,"Inventory,Food,Restaurant,Snacks,Vegeterian,",120,,"Soyabean   cubed,Onions  finely sliced,Capsicum  sliced,Green chillies ,Garlic   finely chopped,Corn flour   ,Salt  ,Black pepper powder  ,Soya sauce  ,ma sauce  ,Red chilli sauce  """,https://drive.google.com/file/d/16JREf59QBqZODVgLSOHfRbMQX0HiIpvl/view?usp=sharing,https://d32jc9rx98ldq0.cloudfront.net/staging/inventory/compressed/restaurant-2/SoyabeanChilli.jpg
Matki Fry,ProductType,17,"Inventory,Food,Restaurant,Snacks,Vegeterian,",70,,", Ankurit moth,  Onion chopped,  ma chopped,  Green chilli chopped,  Turmeric powder,  Corier chilli powder  oon,as per taste Salt,  Water,  Corier,  Oil.",https://drive.google.com/file/d/1wRz1Wq71HsdPwf6VK_T6eNbhILB5XxLr/view?usp=sharing,https://d32jc9rx98ldq0.cloudfront.net/staging/inventory/compressed/restaurant-2/Vegeterian/MatkiFry.jpg
Veg Pakoda,ProductType,18,"Inventory,Food,Restaurant,Snacks,Vegeterian,",90,,,https://drive.google.com/file/d/1nZECSaGTjOsbjZFaCg0dQdISLgxim1qT/view?usp=sharing,https://d32jc9rx98ldq0.cloudfront.net/staging/inventory/compressed/restaurant-2/Veg-Pakoda.jpg
Onion Pakoda,ProductType,19,"Inventory,Food,Restaurant,Snacks,Vegeterian,",70,,"onion, chilli ,  corier,  chilli powder, turmeric, cumin powder, ajwain,  ginger paste,  salt,  besan   flour, rice flour,oil (for frying).",https://drive.google.com/file/d/1GSiQ3dldo8AURsDTZvnk5venQv5TLYWe/view?usp=sharing,https://d32jc9rx98ldq0.cloudfront.net/staging/inventory/compressed/restaurant-2/Vegeterian/OnionPakoda.jpg
Chilli Cut Pakoda,ProductType,20,"Inventory,Food,Restaurant,Snacks,Vegeterian,",80,,,https://drive.google.com/file/d/1IwEFAhrcfKvdgWoGT55sWrpc_I-kYk0T/view?usp=sharing,https://d32jc9rx98ldq0.cloudfront.net/staging/inventory/compressed/restaurant-2/ChillicutPakoda.jpg
Paneer Pakoda,ProductType,21,"Inventory,Food,Restaurant,Snacks,Vegeterian,",130,,"Paneer ,  besan, turmeric powder,    red chili powder,  (hing),    Garam Masala,  carom seeds (ajwain),    water ",https://drive.google.com/file/d/1GXXvajp0oAFz1nuXU7rs31No579wKwgl/view?usp=sharing,https://d32jc9rx98ldq0.cloudfront.net/staging/inventory/compressed/restaurant-2/PaneerPakoda.jpg
Lasan Fry,ProductType,22,"Inventory,Food,Restaurant,Snacks,Vegeterian,",100,,,https://drive.google.com/file/d/1d-20HQTY1dlG_soAS_9tWw7AVgK0JY3P/view?usp=sharing,https://d32jc9rx98ldq0.cloudfront.net/staging/inventory/compressed/restaurant-4/LasanFry.jpg
Soyabean Fry,ProductType,23,"Inventory,Food,Restaurant,Snacks,Vegeterian,",90,,"  soya chunks,.    water,  salt,  cinnamon, cloves, green cardamom,  thinly sliced onions,  finely chopped ginger,  finely chopped garlic,   curry leaves,   green chillies,  finely chopped , turmeric powder.",https://drive.google.com/file/d/1yeQta5qvP54FwQW3ZecQX2CKGKMIr9w1/view?usp=sharing,https://d32jc9rx98ldq0.cloudfront.net/staging/inventory/compressed/restaurant-2/SoyabeanFry.jpg
Harabhara Kabab,ProductType,24,"Inventory,Food,Restaurant,Snacks,Vegeterian,",130,,,https://drive.google.com/file/d/1BrPwx-w-1MjPfTMaqxvQ8dO_Ru7736Ex/view?usp=sharing,https://d32jc9rx98ldq0.cloudfront.net/staging/inventory/compressed/restaurant-2/Vegeterian/HaraBharaKabab.jpg
Roast Papad,ProductType,25,"Inventory,Food,Restaurant,Snacks,Vegeterian,",20,,,https://drive.google.com/file/d/1DRmj-yoGkysLNLLM1wJOzO9piiVI65EZ/view?usp=sharing,https://d32jc9rx98ldq0.cloudfront.net/staging/inventory/compressed/restaurant-2/RoastPapad.jpg
Fry Papad,ProductType,26,"Inventory,Food,Restaurant,Snacks,Vegeterian,",30,,,https://drive.google.com/file/d/1CXp-AUOHGYhoMisfi_jKPGpu_ezSeqan/view?usp=sharing,https://d32jc9rx98ldq0.cloudfront.net/staging/inventory/compressed/restaurant-2/FryPapad.jpg
Masala Papad,ProductType,27,"Inventory,Food,Restaurant,Snacks,Vegeterian,",40,," papad,oil (for frying), chilli,  sev, chaat masala,chilli powder,  onion ,etc",https://drive.google.com/file/d/1ypAnHqCtC52zDbEKyPOq7b5i9Uwj2c_r/view?usp=sharing,https://d32jc9rx98ldq0.cloudfront.net/staging/inventory/compressed/restaurant-2/Vegeterian/MasalaPapad.jpg
Papad Roll,ProductType,28,"Inventory,Food,Restaurant,Snacks,Vegeterian,",100,,,https://drive.google.com/file/d/1f3-I7Df0DBHPnXksliqYOZFtNK7tswhW/view?usp=sharing,https://d32jc9rx98ldq0.cloudfront.net/staging/inventory/compressed/food281221/PapadRoll.jpg
Papad Bhurji,ProductType,29,"Inventory,Food,Restaurant,Snacks,Vegeterian,",80,,,https://drive.google.com/file/d/11JFQvy-40nCvCVNkd3LUlkTWe55gvFNX/view?usp=sharing,https://d32jc9rx98ldq0.cloudfront.net/staging/inventory/compressed/restaurant-2/PapadBhurji.jpg
Tawa Shengdana,ProductType,30,"Inventory,Food,Restaurant,Snacks,Vegeterian,",50,,,https://drive.google.com/file/d/1CS_JrEMmbn1WVTJJUhFDeZdzobX7jTRW/view?usp=sharing,https://d32jc9rx98ldq0.cloudfront.net/staging/inventory/compressed/restaurant-2/Tawa-Shengdana.jpg
Boil Shengdana,ProductType,31,"Inventory,Food,Restaurant,Snacks,Vegeterian,",60,,,https://drive.google.com/file/d/1CzzTsXc4dE3DUwwiAxTw8fikgHixaPCB/view?usp=sharing,https://d32jc9rx98ldq0.cloudfront.net/staging/inventory/compressed/food20220103/BoilShengdana.jpg
Entree,ProductClass,1,"Inventory,Food,Restaurant,",,,,,https://d32jc9rx98ldq0.cloudfront.net/staging/inventory/compressed/restaurant7/Entree.jpg
Vegeterian,ProductLine,2,"Inventory,Food,Restaurant,Entree,",,,,,
NonVegeterian,ProductLine,3,"Inventory,Food,Restaurant,Entree,",,,,,
Jeera Dal,ProductType,4,"Inventory,Food,Restaurant,Entree,Vegeterian,",100,,"Masoor Dal  ,owar Dal  ,Dry Red Chilli  ,turmeric powder  ,Asafoetida  ,Cumin Seeds  ,green chilli  ,Corier leaves  sprig,Garlic chopped  ,Ghee  ,Salt as per taste  .  kashmiri chilli powder,  garam masala powder,  kasoori methi,  corier leaves,  water + as needed,salt  taste.",https://drive.google.com/file/d/1EJ7aQXFCzNGyeOGe3YgKlynwaIM20zh1/view?usp=sharing,https://d32jc9rx98ldq0.cloudfront.net/staging/inventory/compressed/restaurant-2/JeeraDal.jpg
Dal Fry,ProductType,5,"Inventory,Food,Restaurant,Entree,Vegeterian,",100,,"  or dal,.  water , p turmeric powder,    oil (    mustard seeds,  cumin seeds, finely chopped onions, green chilies ,   dry red chilies,   curry leaves,    asafoetida powder ,   Garam Masala,etc.",https://drive.google.com/file/d/1K8tvnEHHFvnC05dq2Qx-p-dJ1RZDhOaK/view?usp=sharing,https://d32jc9rx98ldq0.cloudfront.net/staging/inventory/compressed/restaurant-2/Vegeterian/DalFry.jpg
Dal Tadka,ProductType,6,"Inventory,Food,Restaurant,Entree,Vegeterian,",110,,"Masoor Dal  ,owar Dal  ,Dry Red Chilli  ,turmeric powder  ,Asafoetida  ,Cumin Seeds  ,green chilli  ,Corier leaves  sprig,Garlic chopped  ,Ghee  ,Salt as per taste  .  kashmiri chilli powder,  garam masala powder,  kasoori methi,  corier leaves,  water + as needed,salt  taste.",https://drive.google.com/file/d/14RUwq8nVglapT24psGzGu5oLTx-UOZB7/view?usp=sharing,https://d32jc9rx98ldq0.cloudfront.net/staging/inventory/compressed/restaurant-2/Vegeterian/DalTadka.jpg
Baigan Masala,ProductType,7,"Inventory,Food,Restaurant,Entree,Vegeterian,",110,,"  baingan,  cumin seeds,  corier seeds,  sesame seeds,  dessicated coconut,  oil,  onion, chopped,  curry leaves,  ginger garlic paste,  salt,  turmeric powder,  red chilli powder,  tamarind paste,  corier leaves,  water,",https://drive.google.com/file/d/1r4aTUAlIRkkqBI_OnVLcGAK3JW2VF6rk/view?usp=sharing,https://d32jc9rx98ldq0.cloudfront.net/staging/inventory/compressed/restaurant-2/Vegeterian/baiganmasala.jpg
Bhindi Masala,ProductType,8,"Inventory,Food,Restaurant,Entree,Vegeterian,",100,,,https://drive.google.com/file/d/1HIwvDafJayE5P3VbFN1Wyb3pRun4tqY3/view?usp=sharing,https://d32jc9rx98ldq0.cloudfront.net/staging/inventory/compressed/restaurant-2/BhindiMasala.jpg
Bhindi Fry,ProductType,9,"Inventory,Food,Restaurant,Entree,Vegeterian,",90,,,https://drive.google.com/file/d/1GRpWmixnZDTFk8ilwzhlfpGgElFO-_-j/view?usp=sharing,https://d32jc9rx98ldq0.cloudfront.net/staging/inventory/compressed/restaurant-2/BhindiFry.jpg
Gobi Masala,ProductType,10,"Inventory,Food,Restaurant,Entree,Vegeterian,",100,,"   onion,  cauliflower,  , cashews,  ginger,  garlic,  chili powder,  garam masala powder,  corier powder,  turmeric powder,salt,  oil, cloves, cinnamon stick, black cardamom, green cardamom,  cumin or fennel seeds, bay leaf.",https://drive.google.com/file/d/1COWKM46hafRmzQy4uTTfPIXcAvZaZF7a/view?usp=sharing,https://d32jc9rx98ldq0.cloudfront.net/staging/inventory/compressed/restaurant-2/GobiMasala.jpg
Aloo Masala,ProductType,11,"Inventory,Food,Restaurant,Entree,Vegeterian,",100,,"Potaes,  Olive Oil, Onions, ,  Chilli Powder,  Salt,  Turmeric Powder,  Garam Masala,  Cumin Seeds Jeera,  Dried Fenugreek Leaves Methi, Green Chillies,  Water.",https://drive.google.com/file/d/1OayDolO7_G7HBt7yyQDu_xyf9NVeXVQd/view?usp=sharing,https://d32jc9rx98ldq0.cloudfront.net/staging/inventory/compressed/restaurant-2/AlooMasala.jpg
Aloo Matar Masala,ProductType,12,"Inventory,Food,Restaurant,Entree,Vegeterian,",100,,,https://drive.google.com/file/d/1q3vYvwVtX5GgG2mLo1yG-OymHQbm_lm7/view?usp=sharing,https://d32jc9rx98ldq0.cloudfront.net/staging/inventory/compressed/restaurant-2/AlooMatarMasala.jpg
Paneer Butter Masala,ProductType,13,"Inventory,Food,Restaurant,Entree,Vegeterian,",160,,,https://drive.google.com/file/d/1hxW4pcTbsHP6Ql9I_VfGsXwGKF6m006R/view?usp=sharing,https://d32jc9rx98ldq0.cloudfront.net/staging/inventory/compressed/restaurant-2/PaneerButterMasala.jpg
Paneer Tikka Masala,ProductType,14,"Inventory,Food,Restaurant,Entree,Vegeterian,",160,," garlic pods,  ginger ,  white sesame seeds,  khus khus, cashew nuts,  carrot,    salt, redchillipowder,turmericpowder,corierpowder,Everestsuper garamMasala,corierleaves,paneer
",https://drive.google.com/file/d/1BmyxNFwPwf7zpalxZOSRuGMcKOWv1EoQ/view?usp=sharing,https://d32jc9rx98ldq0.cloudfront.net/staging/inventory/compressed/restaurant-2/PaneerTikkaMasala.jpg
Paneer Maslum,ProductType,15,"Inventory,Food,Restaurant,Entree,Vegeterian,",160,,,https://drive.google.com/file/d/1l0qLj9GWuDRe1p_OhElChEFN79q0lHnB/view?usp=sharing,https://d32jc9rx98ldq0.cloudfront.net/staging/inventory/compressed/food20220103/PaneerMaslum.jpg
Paneer Kadhai,ProductType,16,"Inventory,Food,Restaurant,Entree,Vegeterian,",150,,"  butter,  oil  ,  red onion  ,, green chili,  ginger garlic paste,    , paste,  garam masala,  kashmiri red chili powder,  ginger,  water,  heavy cream  ,  salt or  taste,  paneer.",https://drive.google.com/file/d/1v425-MjIQO41Ia8kdpAppuD9KKbVQJCt/view?usp=sharing,https://d32jc9rx98ldq0.cloudfront.net/staging/inventory/compressed/restaurant-2/Vegeterian/PaneerKadhai.jpg
Palak Paneer,ProductType,17,"Inventory,Food,Restaurant,Entree,Vegeterian,",150,,"  Spinach, pureed, Paneer cubes,  Oil,  Cumin seeds, Bay leaf,  Ginger, finely chopped,  Garlic, finely chopped,  Onion paste (boiled), grated,  ma, pureed,  Salt,  Garam masala,  Red pepper, powdered,  Corier powder,  Black cardamom (crushed),  Cream.",https://drive.google.com/file/d/15TSU15zdBHcKR9I_i1fBqvMPLl4_FgN7/view?usp=sharing,https://d32jc9rx98ldq0.cloudfront.net/staging/inventory/compressed/restaurant-2/PalakPaneer.jpg
Mix Veg,ProductType,18,"Inventory,Food,Restaurant,Entree,Vegeterian,",140,,"  Chopped Potaes,  Chopped Cauliflower,  Chopped Carrots,  Chopped French Beans,  Chopped Capsicum (Green Bell Peppers),  Green Peas,  Onion,  Sized , Green Chillies, Cloves of Garlic,   of Ginger, Cashews,  Cream or   Milk,  Cumin Seeds",https://drive.google.com/file/d/1ck00uoIiKEXjtfN1K8Zx7xfA2Dsc5VeU/view?usp=sharing,https://d32jc9rx98ldq0.cloudfront.net/staging/inventory/compressed/restaurant-2/Vegeterian/MixVeg.jpg
Malai Kofta,ProductType,19,"Inventory,Food,Restaurant,Entree,Vegeterian,",150,,"  potaes, boiled,  paneer,  maida,  Corier Leaves, Onions,  ginger garlic paste, ,  malai or cream,  raisins  cashew nuts,  cashew nuts paste,  haldi (turmeric),  red chilli powder,  kitchen king masala,  Kasturi methi, taste salt,  sugar.",https://drive.google.com/file/d/1VLPs06se6YOpnFqheEoxjS2W43ntezp8/view?usp=sharing,https://d32jc9rx98ldq0.cloudfront.net/staging/inventory/compressed/restaurant-2/MalaiKofta.jpg
Kaju Curry,ProductType,20,"Inventory,Food,Restaurant,Entree,Vegeterian,",150,,"  cashews  ,  Butter,.  chopped , tej patta ,  water,   cashews,  Ginger Garlic Paste, or  green chilies,  kashmiri red chili powder,  Garam Masala,    water,  Butter,   sugar,  kasuri methi,    chopped corier leaves,salt .",https://drive.google.com/file/d/1gC6vM-RK8u99OSMQLKktR7ByUm1Jnk6W/view?usp=sharing,https://d32jc9rx98ldq0.cloudfront.net/staging/inventory/compressed/restaurant-2/Vegeterian/KajuCurry.jpg
Kaju Vharadi,ProductType,21,"Inventory,Food,Restaurant,Entree,Vegeterian,",160,,,https://drive.google.com/file/d/1QxIFB8BgUrSj8qP9mvg9t50x5w46Zmza/view?usp=sharing,https://d32jc9rx98ldq0.cloudfront.net/staging/inventory/compressed/restaurant-3/KajuVharadi.jpg
Mushroom Masala,ProductType,22,"Inventory,Food,Restaurant,Entree,Vegeterian,",150,,"  Mushroom , Onion, chopped,  Ginger, chopped,  Garlic, chopped, ma, chopped,Green chillies, chopped,  Turmeric Powder, taste Red Chilli Powder, taste Salt,  Chaat Masala,Refined Oil.",https://drive.google.com/file/d/1lxiJ7KE2cIt_oraf27eM76_VxZCeFywA/view?usp=sharing,https://d32jc9rx98ldq0.cloudfront.net/staging/inventory/compressed/restaurant-2/Vegeterian/MushroomMasala.jpg
Tawa Besan,ProductType,23,"Inventory,Food,Restaurant,Entree,Vegeterian,",100,,"Tawa Besan,  Garlic,  Cumin seeds, Lemon, taste Salt, Onion,  flour  besan,as needed Oil,  Turmeric powder,",https://drive.google.com/file/d/1CArwuE_kuHJJKpUhuQUQ0YQrQFCgiwhH/view?usp=sharing,https://d32jc9rx98ldq0.cloudfront.net/staging/inventory/compressed/restaurant-2/Tawa-Besan.jpg
Methi Masala,ProductType,24,"Inventory,Food,Restaurant,Entree,Vegeterian,",100,,"  split fenugreek seeds,  split mustard seeds, turmeric,  salt,  asofetida hing,  oil,  kashmiri chilli.",https://drive.google.com/file/d/1dErgRMsOVhFdohv1aCOlsQvMfilDWgAc/view?usp=sharing,https://d32jc9rx98ldq0.cloudfront.net/staging/inventory/compressed/restaurant-2/MethiMasala.jpeg.crdownload.jpg
Lasun Methi,ProductType,25,"Inventory,Food,Restaurant,Entree,Vegeterian,",110,,,https://drive.google.com/file/d/16P703QmmR1YJOEe9jDEc8tJp_aqMWcjm/view?usp=sharing,https://d32jc9rx98ldq0.cloudfront.net/staging/inventory/compressed/restaurant-2/LasunMethi.jpg
Shev Bhaji,ProductType,26,"Inventory,Food,Restaurant,Entree,Vegeterian,",110,,"  spicy sev,  onion,  dry grated coconut, garlic clove,  grated ginger ,  jeera,  oil preferably peanut oil ,  dhana powder,  garam masala ,salt ,  of water,etc",https://drive.google.com/file/d/1-Iprfeqrb2krX2hW7Gw6pEN_1vSRJ4yX/view?usp=sharing,https://d32jc9rx98ldq0.cloudfront.net/staging/inventory/compressed/restaurant-2/Shev-Bhaji.jpg
Shevga Curry,ProductType,27,"Inventory,Food,Restaurant,Entree,Vegeterian,",100,," Drumstick,  Chilli, powder,  Corier, powder,  Corier,  Hing, Onion,  Peanut,  Ginger garlic paste,  Mustard,  Garam masala,  Poppy seeds,  Salt,  Sesame,  Turmeric,  Water.",https://drive.google.com/file/d/1CeDA7KnJ6fyLIHv-ajlA3o-9zVvupG1n/view?usp=sharing,https://d32jc9rx98ldq0.cloudfront.net/staging/inventory/compressed/restaurant-2/ShevgaCurry.JPG
Tomato Chutney,ProductType,28,"Inventory,Food,Restaurant,Entree,Vegeterian,",100,,"  Oil,  Mustard Seeds, Curry Leaves, Garlic Cloves,  Ginger, ,  Red Chilli Powder,  Black Pepper,  Salt,  Sugar,  Vinegar.",https://drive.google.com/file/d/12EgS7ysa0DovVts2meTT_dNJ034g0f3V/view?usp=sharing,https://d32jc9rx98ldq0.cloudfront.net/staging/inventory/compressed/restaurant-2/Tomato-Chutney.jpg
Baingan Bharta,ProductType,29,"Inventory,Food,Restaurant,Entree,Vegeterian,",100,,,https://drive.google.com/file/d/1p1hVF5uv6Cxx_MJGmyE6eOa2Rywd4vUi/view?usp=sharing,https://d32jc9rx98ldq0.cloudfront.net/staging/inventory/compressed/restaurant-2/BainganBharta.jpg
Paneer Patiyala,ProductType,30,"Inventory,Food,Restaurant,Entree,Vegeterian,",150,,"Paneer  ,Green chilli   chopped,Onion   chopped,Corier   chopped,Salt  ,Oil  ,Garam masala  ,Corier leaves  ,Cream  ,Oil  ,Salt  ,Kitchen king masala  ,Corier powder  ,Red chilli powder  ,Cumin seeds  ,Red chilli dry ,Cashew ,ma  Onion .",https://drive.google.com/file/d/1Qo49vPHnwNLKiiUxNnE9U3-FBF0_wAkj/view?usp=sharing,https://d32jc9rx98ldq0.cloudfront.net/staging/inventory/compressed/restaurant-2/PaneerPatiyala.jpg
Veg Maratha,ProductType,31,"Inventory,Food,Restaurant,Entree,Vegeterian,",140,,"""beetroot grated  ,capsicum finely chopped  ,paneer grated  ,besan (or u cn even use  slices of bread soaked n squeezed for binding)  ,red chilli powder  ,amchur powder  ,garam masala  ,chat masala  ,""",https://drive.google.com/file/d/11npxFNMHAT_8ZUmXoQfJPlwBvEI85GCn/view?usp=sharing,https://d32jc9rx98ldq0.cloudfront.net/staging/inventory/compressed/restaurant-2/Veg-Maratha.jpg
Veg Begum Bahaar,ProductType,32,"Inventory,Food,Restaurant,Entree,Vegeterian,",140,,,https://drive.google.com/file/d/165sEqkva5xRJX4WGog35QsfwzozH8jVU/view?usp=sharing,https://d32jc9rx98ldq0.cloudfront.net/staging/inventory/compressed/food20220103/VegBegumBahaar.jpg
Aloo Punjabi,ProductType,33,"Inventory,Food,Restaurant,Entree,Vegeterian,",140,,,https://drive.google.com/file/d/1ESLrOYR7a7e9klGMwPOW6phcowu3F61h/view?usp=sharing,https://d32jc9rx98ldq0.cloudfront.net/staging/inventory/compressed/food281221/AlooPunjabi.jpg
Rice,ProductClass,1,"Inventory,Food,Restaurant,",,,,,https://d32jc9rx98ldq0.cloudfront.net/staging/inventory/compressed/restaurant-2/Rice.jpg
Vegeterian,ProductLine,2,"Inventory,Food,Restaurant,Rice,",,,,,
NonVegeterian,ProductLine,3,"Inventory,Food,Restaurant,Rice,",,,,,
Plain Rice,ProductType,4,"Inventory,Food,Restaurant,Rice,Vegeterian,",80,,"  Rice,  Water,  Oil,  Salt",https://drive.google.com/file/d/18J_mJa06XUs-QW11tFlny9iB4N4MgBaj/view?usp=sharing,https://d32jc9rx98ldq0.cloudfront.net/staging/inventory/compressed/restaurant-2/Plain-Rice.jpg
Jeera Rice,ProductType,5,"Inventory,Food,Restaurant,Rice,Vegeterian,",90,,"  basmati rice,  oil,  salt,  salt,  corier,water,etc",https://drive.google.com/file/d/1-GF04qtXF6mVP48_0ek2Qj07ZNbdnEES/view?usp=sharing,https://d32jc9rx98ldq0.cloudfront.net/staging/inventory/compressed/restaurant-2/JeeraRice.jpg
Masala Rice,ProductType,6,"Inventory,Food,Restaurant,Rice,Vegeterian,",100,,"  ghee,  mustard,  cumin  jeera,  saunf  fennel,asafoetida  hing,few curry leaves,  ginger garlic paste, onion, ma , carrot,  peas  matar, beans ,capsicum, turmeric,  kashmiri red chilli powder,  corier powder,  garam masala,  cooked rice,  salt,  corier.",https://drive.google.com/file/d/1f42W8I8vF2MKOR1_NEpVKeDqUYYxbwXH/view?usp=sharing,https://d32jc9rx98ldq0.cloudfront.net/staging/inventory/compressed/restaurant-2/MasalaRice.jpg
Namdev Rice,ProductType,7,"Inventory,Food,Restaurant,Rice,Vegeterian,",110,,,https://drive.google.com/file/d/1egVyzEE337E6PALyhgpLuHqJ0uV5nMyK/view?usp=sharing,https://d32jc9rx98ldq0.cloudfront.net/staging/inventory/compressed/restaurant-2/NamdevRice.jpg
Veg Pulav Rice,ProductType,8,"Inventory,Food,Restaurant,Rice,Vegeterian,",100,,"""  Cabbage,  onions,  of capcicum,  of soya chunks,  carrots, spoon of garam masala, spoon of ginger garlic paste, spoon of jeera seeds, spoons ofsalt, spoon of ghee,  of oil,  of peas""",https://drive.google.com/file/d/1wsP0Xbg6WwzwO6MpIlBdTgmjuOgJOs72/view?usp=sharing,https://d32jc9rx98ldq0.cloudfront.net/staging/inventory/compressed/food281221/VegPulavRice.jpg
Veg Biryani,ProductType,9,"Inventory,Food,Restaurant,Rice,Vegeterian,",120,,"Basmati Rice   ,Carrots  ,Carrots   ,French beans    ,Cauliflower  florets,Green peas shelled  ,Salt  taste,Green cardamons ,Black cardamom ,Cloves ,",https://drive.google.com/file/d/1jR3STBQoAfkKOHnvdjdNXjOE5ZqtJexz/view?usp=sharing,https://d32jc9rx98ldq0.cloudfront.net/staging/inventory/compressed/restaurant-2/Veg-Biryani.jpg
Veg Fried Rice,ProductType,10,"Inventory,Food,Restaurant,Rice,Vegeterian,",130,,"  rice,  soy sauce, capsicum, chopped,  cabbage, chopped,  spring onion, chopped,  gingergarlic paste,  salt,  oil,etc",https://drive.google.com/file/d/1bz2y7h_zxW5FIwkPU1ouPFuPXrxVdyrI/view?usp=sharing,https://d32jc9rx98ldq0.cloudfront.net/staging/inventory/compressed/restaurant-2/Veg-Fried-Rice.jpg
Roti And Naan,ProductClass,1,"Inventory,Food,Restaurant,",,,,,https://d32jc9rx98ldq0.cloudfront.net/staging/inventory/compressed/restaurant-2/Roti.jpg
Vegeterian,ProductLine,2,"Inventory,Food,Restaurant,Roti And Naan,",,,,,
NonVegeterian,ProductLine,3,"Inventory,Food,Restaurant,Roti And Naan,",,,,,
Tandoori Roti,ProductType,4,"Inventory,Food,Restaurant,Roti And Naan,Vegeterian,",10,,".  whole wheat flour,  oil any neutral oil or   softened butter,  salt or add ,    water.",https://drive.google.com/file/d/1p6eNQrcVnNmzujXu2Tlh9MKJdIX9WyOK/view?usp=sharing,https://d32jc9rx98ldq0.cloudfront.net/staging/inventory/compressed/restaurant-2/TandooriRoti.jpg
Chapati,ProductType,5,"Inventory,Food,Restaurant,Roti And Naan,Vegeterian,",10,,"   whole wheat flour,salt ,water ,
  ghee.",https://drive.google.com/file/d/1BCZG8M0F-__45K4lUhTp357cF_FXpX8k/view?usp=sharing,https://d32jc9rx98ldq0.cloudfront.net/staging/inventory/compressed/restaurant-2/Chapati.jpg
Paratha,ProductType,6,"Inventory,Food,Restaurant,Roti And Naan,Vegeterian,",20,,"whole wheat flour  ,Salt  ,water  ,ghee (clarified butter)  ",https://drive.google.com/file/d/1TzQe_S2wAAEOYGt6H0PIyCfvU5Kmrnwx/view?usp=sharing,https://d32jc9rx98ldq0.cloudfront.net/staging/inventory/compressed/restaurant-2/Vegeterian/Paratha.jpg
Jwari Roti,ProductType,7,"Inventory,Food,Restaurant,Roti And Naan,Vegeterian,",20,,,https://drive.google.com/file/d/1ghlueYEr8Nks48O-_F4Qp7XYJKCXm8V5/view?usp=sharing,https://d32jc9rx98ldq0.cloudfront.net/staging/inventory/compressed/restaurant-2/JwariRoti.jpg
Bajari Roti,ProductType,8,"Inventory,Food,Restaurant,Roti And Naan,Vegeterian,",20,,,https://drive.google.com/file/d/1Blaja7Qpz7G8b-5j3MN7dkKPXqVgNxi-/view?usp=sharing,https://d32jc9rx98ldq0.cloudfront.net/staging/inventory/compressed/restaurant-2/BajariRoti.jpg
Butter Paratha,ProductType,9,"Inventory,Food,Restaurant,Roti And Naan,Vegeterian,",30,,"  whole wheat flour (atta)  ,    oil or ghee (clarified butter),  salt or add ,  water or add ,oil or ghee .Butter.",https://drive.google.com/file/d/1ZNQWvoY4RDYiK-1VB7agePGOh6Lb0xHz/view?usp=sharing,https://d32jc9rx98ldq0.cloudfront.net/staging/inventory/compressed/restaurant-2/Vegeterian/ButterParatha.jpg
Chicken Chilli,ProductType,4,"Inventory,Food,Restaurant,Snacks,NonVegeterian,",180,," chicken breasts,  salt,  pepper, egg, beaten,  flour, green pepper, sliced, red pepper, sliced,",https://drive.google.com/file/d/1zccr03DUmOBDqoID5-I1IkcG9nR33fue/view?usp=sharing,https://d32jc9rx98ldq0.cloudfront.net/staging/inventory/compressed/restaurant-2/ChickenChilli.jpg
Chicken 65,ProductType,5,"Inventory,Food,Restaurant,Snacks,NonVegeterian,",170,," chicken  ,  salt,  chili powder,  chopped garli,  finely chopped green chile peppers,  cornstarch,etc",https://drive.google.com/file/d/1KiB00yMYljrQJTd8pi_-yERqqS-9omgS/view?usp=sharing,https://d32jc9rx98ldq0.cloudfront.net/staging/inventory/compressed/restaurant-2/Chicken65.jpg
Chicken Roast,ProductType,6,"Inventory,Food,Restaurant,Snacks,NonVegeterian,",180,,"""Chicken (whole chicken  ,Celery Stalks (cut ”)  ,Salt  p,toori masala  ,MargarineButter  ,Lemon juice  ,Garlic paste  ,Black pepper  """,https://drive.google.com/file/d/1_2ioZ2iJUQoMFs82njgSzHgNZddOQtlY/view?usp=sharing,https://d32jc9rx98ldq0.cloudfront.net/staging/inventory/compressed/restaurant-2/ChickenRoast.jpg
Chicken Kantaki,ProductType,7,"Inventory,Food,Restaurant,Snacks,NonVegeterian,",170,,,https://drive.google.com/file/d/16TVqnnObmBwYE1iaDi7FC1Wn8G293TW8/view?usp=sharing,https://d32jc9rx98ldq0.cloudfront.net/staging/inventory/compressed/restaurant-2/ChickenKantaki.jpg
Chicken Manchurian,ProductType,8,"Inventory,Food,Restaurant,Snacks,NonVegeterian,",170,,"gravy garlic cloves  ,onion roughly chopped  ,
capsicum diced  ,soya sauce  ,green chilli sauce  ,
spring onions chopped  ,cornflour mixed in   water  ,chicken cubes  ,maida  ",https://drive.google.com/file/d/1bda5swwEFGvjQlk_NAqTfTgkbaWFSX_V/view?usp=sharing,https://d32jc9rx98ldq0.cloudfront.net/staging/inventory/compressed/restaurant-2/ChickenManchurian.jpg
Mutton Fry,ProductType,9,"Inventory,Food,Restaurant,Snacks,NonVegeterian,",200,,"salt  ,Oil  ,onion  ,ginger  ,Chilly  ,
Pepper powder  ,chicken masala  ,Mutn ",https://drive.google.com/file/d/19UlcaHpNTF7E8S6xFlTvhyUuq3L1fZAq/view?usp=sharing,https://d32jc9rx98ldq0.cloudfront.net/staging/inventory/compressed/restaurant-2/MuttonFry.jpg
Mutton Roast,ProductType,10,"Inventory,Food,Restaurant,Snacks,NonVegeterian,",190,,"Garlic Cloves,crushed  ,ginger  ,Whole Garam Masala  ,Bay Leaf  ,Black Pepper Corns  ,Ghee  ,Onion,big,sliced  ,Atta  ,Sugar  ,Mutn Boneless  
",https://drive.googlhttps://drive.google.com/file/d/1043hKbfvZ_d7gnSlFrg-QM9JL6R2nii7/view?usp=sharinge.com/file/d/1UwfNcMtmAMtZX-3Y6TvfUn3tpvJK-dnZ/view?usp=sharing,https://d32jc9rx98ldq0.cloudfront.net/staging/inventory/compressed/restaurant-2/MuttonRoast.jpg
Anda Bhurji,ProductType,11,"Inventory,Food,Restaurant,Snacks,NonVegeterian,",70,,"""Chop Green Chili  ,Chop Garlic Cloves  ,Chop Green Dhaniya  ,Salt, taste  ,Red Chili Powder  ,Haldi  ,Garam Masala  p,Milk  ,Eggs  ",https://drive.google.com/file/d/1wi9l6ECzOYiNdYtzPD6dpatQrKA0pKSR/view?usp=sharing,https://d32jc9rx98ldq0.cloudfront.net/staging/inventory/compressed/restaurant-2/AndaBhurji.jpg
Anda Boiled,ProductType,12,"Inventory,Food,Restaurant,Snacks,NonVegeterian,",30,,,https://drive.google.com/file/d/1R2cpOkX8atBRfju0KFio8D2QvGkvFSJd/view?usp=sharing,https://d32jc9rx98ldq0.cloudfront.net/staging/inventory/compressed/restaurant-4/AndaBoiled.jpg
Anda Fry,ProductType,13,"Inventory,Food,Restaurant,Snacks,NonVegeterian,",40,,,https://drive.google.com/file/d/1FBd7AJEge6OjGzOd_M2uXL1gTXR0Dskh/view?usp=sharing,https://d32jc9rx98ldq0.cloudfront.net/staging/inventory/compressed/restaurant-2/AndaFry.jpeg
Anda Half Fry,ProductType,14,"Inventory,Food,Restaurant,Snacks,NonVegeterian,",40,," egg,  Oil or butter,Salt   taste,Pepper  taste.",https://drive.google.com/file/d/1K9OeVD-P4c1OqER0FyOza1T8MH5wWFa_/view?usp=sharing,https://d32jc9rx98ldq0.cloudfront.net/staging/inventory/compressed/restaurant-2/AndaHalfFry.jpg
Omlett,ProductType,15,"Inventory,Food,Restaurant,Snacks,NonVegeterian,",60,,"Egg  , Onion  ,chillies  ,Salt,etc",https://drive.google.com/file/d/19oJBvka1bLryUwAC3ib4Ak41JURxv7YM/view?usp=sharing,https://d32jc9rx98ldq0.cloudfront.net/staging/inventory/compressed/restaurant-4/Omlett.jpg
Macchi Roast,ProductType,16,"Inventory,Food,Restaurant,Snacks,NonVegeterian,",150,,,,
Boti Fry,ProductType,17,"Inventory,Food,Restaurant,Snacks,NonVegeterian,",150,,,https://drive.google.com/file/d/190KgPMpT6TOL-rdd3rYsjtyO4-YpVF6l/view?usp=sharing,https://d32jc9rx98ldq0.cloudfront.net/staging/inventory/compressed/restaurant-3/BotiFry.jpg
Chicken Curry,ProductType,4,"Inventory,Food,Restaurant,Entree,NonVegeterian,",180,,"  Chicken,  corier powder, onions thinly sliced,  Garlic paste,salt ,  ghee,  water,  ghee,  Yoghurt,  Ginger Paste,  red chilli powder,
  finely chopped,  Garam masala powder,  turmeric,etc.",https://drive.google.com/file/d/1dU5-tSB4k1PcuEGJMCv4sWBNDgUrp2y5/view?usp=sharing,https://d32jc9rx98ldq0.cloudfront.net/staging/inventory/compressed/restaurant-2/ChickenCurry.jpg
Chicken Masala,ProductType,5,"Inventory,Food,Restaurant,Entree,NonVegeterian,",180,,"  Chicken,  corier powder, onions thinly sliced,  Garlic paste,salt ,  ghee,  water, ghee,  Yoghurt,  Ginger Paste,  red chilli powder,  finely chopped,  Garam masalapowder, turmeric,etc.",https://drive.google.com/file/d/16eM27vE_lLNM8GKZT5a35PjfaUi0laY9/view?usp=sharing,https://d32jc9rx98ldq0.cloudfront.net/staging/inventory/compressed/restaurant-2/ChickenMasala.jpg
Butter Chicken,ProductType,6,"Inventory,Food,Restaurant,Entree,NonVegeterian,",180,,,https://drive.google.com/file/d/13BFw9Vk7UW7grE4fxHCmBswFC3wSG4uf/view?usp=sharing,https://d32jc9rx98ldq0.cloudfront.net/staging/inventory/compressed/restaurant-2/ButterChicken.jpg
Chicken Handi,ProductType,7,"Inventory,Food,Restaurant,Entree,NonVegeterian,",800,," Chicken , finely chopped Onions, finely chopped , slit Green chilies,  Curd  Yogurt,   GingerGarlic paste,  Garam masala,  Red chili powder,  Corier powder,  Turmeric powder,Salt  taste,  Oil.",https://drive.google.com/file/d/1RMADFPBuSEsBClMMjRRF3Ywu4mtb54pt/view?usp=sharing,https://d32jc9rx98ldq0.cloudfront.net/staging/inventory/compressed/restaurant-2/ChickenHandi.jpg
Full Chicken Handi,ProductUnit,8,"Inventory,Food,Restaurant,Entree,NonVegeterian,",800,," Chicken , finely chopped Onions, finely chopped , slit Green chilies,  Curd  Yogurt,   GingerGarlic paste,  Garam masala,  Red chili powder,  Corier powder,  Turmeric powder,Salt  taste,  Oil.",https://drive.google.com/file/d/1KqmeZZMcj-XYYbvkn9tp28CbAtLXvLEA/view?usp=sharing,https://d32jc9rx98ldq0.cloudfront.net/staging/inventory/compressed/food20220103/FullChickenHandi.jpg
Half Chicken Handi,ProductUnit,9,"Inventory,Food,Restaurant,Entree,NonVegeterian,",400,," Chicken , finely chopped Onions, finely chopped , slit Green chilies,  Curd  Yogurt,   GingerGarlic paste,  Garam masala,  Red chili powder,  Corier powder,  Turmeric powder,Salt  taste,  Oil.",https://drive.google.com/file/d/1lIJI2w9B7hhHZfJu1vz_7k_RsDt1BfT7/view?usp=sharing,https://d32jc9rx98ldq0.cloudfront.net/staging/inventory/compressed/food20220103/HalfChickenHandi.jpg
Chicken Bhuna Masala,ProductType,10,"Inventory,Food,Restaurant,Entree,NonVegeterian,",180,,,https://drive.google.com/file/d/1jV2aQstUiCtqRfC_HTz6oQfrzFUMX-6O/view?usp=sharing,https://d32jc9rx98ldq0.cloudfront.net/staging/inventory/compressed/Cafe/ChickenBhunaMasala.jpg
Mutton Curry,ProductType,11,"Inventory,Food,Restaurant,Entree,NonVegeterian,",200,,"mutton,  corier powder, onions thinly sliced,  Garlic paste,salt ,  ghee,  water,  ghee,  Yoghurt,  Ginger Paste,  red chilli powder,  finely chopped,  Garam masala powder,  turmeric,etc.",https://drive.google.com/file/d/1CP3wcgWMWMVL_sPTGa280Id7ztTSw8-C/view?usp=sharing,https://d32jc9rx98ldq0.cloudfront.net/staging/inventory/compressed/restaurant-2/NonVegeterian/MuttonCurry.jpg
Mutton Masala,ProductType,12,"Inventory,Food,Restaurant,Entree,NonVegeterian,",200,,"mutton washed  cut,  oil, onions finely sliced,  gingergarlic paste,  salt,  chilli powder red,  turmeric powder,  corier powder,          cumin powder,  finely chopped,  finely chopped,  yogurt,          corier leaves chopped,mutton masala powder,          garam masala powder,",https://drive.google.com/file/d/1-4YOHkbknBQIIukm4yZwJM6f8unGYrqS/view?usp=sharing,https://d32jc9rx98ldq0.cloudfront.net/staging/inventory/compressed/restaurant-2/NonVegeterian/MuttonMasala.jpg
Mutton Handi,ProductType,13,"Inventory,Food,Restaurant,Entree,NonVegeterian,",900,,"  lamb,  mint,  yoghurt (curd),  red chilli powder, black cardamom,  garlic paste,  corier powder,  onion,  mustard oil,  turmeric, green cardamom,  ginger paste,  garam masala powder,salt ",https://drive.google.com/file/d/1cDgJjzfBznwA7SQ2sVr2-m7bkYjS25MQ/view?usp=sharing,
Mutton Half Handi,ProductUnit,14,"Inventory,Food,Restaurant,Entree,NonVegeterian,",450,,"  lamb,  mint,  yoghurt (curd),  red chilli powder, black cardamom,  garlic paste,  corier powder,  onion,  mustard oil,  turmeric, green cardamom,  ginger paste,  garam masala powder,salt ",https://drive.google.com/file/d/1TNAwxqbjd6IHYoieWgpcNAkqr6nbcXwp/view?usp=sharing,https://d32jc9rx98ldq0.cloudfront.net/staging/inventory/compressed/restaurant-2/MuttonHalfHandi.jpg
Mutton Full Handi,ProductUnit,15,"Inventory,Food,Restaurant,Entree,NonVegeterian,",900,,"  lamb,  mint,  yoghurt (curd),  red chilli powder, black cardamom,  garlic paste,  corier powder,  onion,  mustard oil,  turmeric, green cardamom,  ginger paste,  garam masala powder,salt ",https://drive.google.com/file/d/1bSL4ZZEZJoZXzuk_ZafVyIB1TZE5YDnR/view?usp=sharing,https://d32jc9rx98ldq0.cloudfront.net/staging/inventory/compressed/restaurant-2/MuttonFullHandi.jpg
Anda Curry,ProductType,16,"Inventory,Food,Restaurant,Entree,NonVegeterian,",100,,""" HardBoiled Eggs, Salt, Kashmiri Chilli Powder,  Chopped Onion, Tamarind Pulp, Corier Powder, Garam Masala, Turmeric Powder, Corier""",https://drive.google.com/file/d/1BCryV9DFuzGTHFf0DaHehExwimD3aw2Z/view?usp=sharing,https://d32jc9rx98ldq0.cloudfront.net/staging/inventory/compressed/restaurant-2/AndaCurry.jpg
Anda Masala,ProductType,17,"Inventory,Food,Restaurant,Entree,NonVegeterian,",110,," HardBoiled Eggs, Salt, Kashmiri Chilli Powder,  Chopped Onion, Tamarind Pulp, Corier Powder, Garam Masala, Turmeric Powder, Corier.",https://drive.google.com/file/d/1ruyqh4BzDk0Hn3FZUODOaqkf6of1dh_p/view?usp=sharing,https://d32jc9rx98ldq0.cloudfront.net/staging/inventory/compressed/restaurant-2/AndaMasala.jpg
Macchi Curry,ProductType,18,"Inventory,Food,Restaurant,Entree,NonVegeterian,",170,,,https://drive.google.com/file/d/1idcNBOX5hpJ_7_NEnJS2bzRUVv_NNIyi/view?usp=sharing,https://d32jc9rx98ldq0.cloudfront.net/staging/inventory/compressed/restaurant-2/MacchiCurry.jpg
Khekda Curry,ProductType,19,"Inventory,Food,Restaurant,Entree,NonVegeterian,",210,,,https://drive.google.com/file/d/1_fG83drLdHrW58lzn0lHeYA4W0TSalPs/view?usp=sharing,
Spl Mutton Dum Biryani,ProductType,20,"Inventory,Food,Restaurant,Entree,NonVegeterian,",220,,,https://drive.google.com/file/d/1Y7nXyhQQXwqLQ4TxrbKCKzURv2DEx3Lj/view?usp=sharing,https://d32jc9rx98ldq0.cloudfront.net/staging/inventory/compressed/food20220103/SplMuttonDumBiryani.jpg
