label,nodeType,order,path,price,description,link,imageLink,zomato
Kabab,ProductClass,1,"Inventory,Food,Restaurant,",,,https://drive.google.com/file/d/1GnMPhOmDtuQHQ0wFNm4bwY1W_jQDDoif/view?usp=sharing,https://d32jc9rx98ldq0.cloudfront.net/staging/inventory/compressed/restaurant7/Kabab.jpg,
Vegeterian,ProductLine,2,"Inventory,Food,Restaurant,Kabab,",,,,,
NonVegeterian,ProductLine,2,"Inventory,Food,Restaurant,Kabab,",,,,https://d32jc9rx98ldq0.cloudfront.net/staging/inventory/compressed/categoryimages3/NonVegetarian.jpg,
Chicken Tandoor,ProductType,3,"Inventory,Food,Restaurant,Kabab,NonVegeterian,",260,,https://drive.google.com/file/d/1U-soo9p63ukGir9Hu7tarA1nK945ysD_/view?usp=sharing,https://d32jc9rx98ldq0.cloudfront.net/staging/inventory/compressed/food122021/ChickenTandoor.jpg,
Chicken Tandoor Full,ProductUnit,4,"Inventory,Food,Restaurant,Kabab,NonVegeterian,Chicken Tandoor,",260,,https://drive.google.com/file/d/1tBOx2YCVi228HDcYABhfRF_dYHCzLGs6/view?usp=sharing,https://d32jc9rx98ldq0.cloudfront.net/staging/inventory/compressed/food122021/ChickenTandoorFull.jpg,
Chicken Tandoor Half,ProductUnit,5,"Inventory,Food,Restaurant,Kabab,NonVegeterian,Chicken Tandoor,",150,,https://drive.google.com/file/d/1Hyg0OdlzWc9QU53gpbbPKMAg-5iR24Bt/view?usp=sharing,https://d32jc9rx98ldq0.cloudfront.net/staging/inventory/compressed/Cafe/ChickenTandoorBoiler.jpg,
Chicken Schezwan Tandoor,ProductType,6,"Inventory,Food,Restaurant,Kabab,NonVegeterian,",310,,https://drive.google.com/file/d/1Y32tNFgXFhJ_jQpYrhlraVB9OasscCdN/view?usp=sharing,https://d32jc9rx98ldq0.cloudfront.net/staging/inventory/compressed/food03022022/ChickenSchezwanTandoor.jpg,
Chicken Schezwan Tandoor Full,ProductUnit,7,"Inventory,Food,Restaurant,Kabab,NonVegeterian,Chicken Schezwan Tandoor,",310,,https://drive.google.com/file/d/1J5Hj26RJA9iNAkHNMfM507XfW9-TnEGD/view?usp=sharing,https://d32jc9rx98ldq0.cloudfront.net/staging/inventory/compressed/food03022022/ChickenSchezwanTandoorFull.jpg,
Chicken Schezwan Tandoor Half,ProductUnit,8,"Inventory,Food,Restaurant,Kabab,NonVegeterian,Chicken Schezwan Tandoor,",170,,https://drive.google.com/file/d/1pDPHvyraUps8K_0XkE9HZZ7lrlimNESz/view?usp=sharing,https://d32jc9rx98ldq0.cloudfront.net/staging/inventory/compressed/food03022022/ChickenSchezwanTandoorHalf.jpg,200
Chicken Afghani Tandoor,ProductType,9,"Inventory,Food,Restaurant,Kabab,NonVegeterian,",310,,https://drive.google.com/file/d/152lsrxtJLaVKKAXwIBKD8Ozo72jV9X_o/view?usp=sharing,https://d32jc9rx98ldq0.cloudfront.net/staging/inventory/compressed/food20220127/ChickenAfghaniTandoor.jpg,
Chicken Afghani Tandoor Full,ProductUnit,10,"Inventory,Food,Restaurant,Kabab,NonVegeterian,Chicken Afghani Tandoor,",310,,https://drive.google.com/file/d/1xnqd_Z8MiVCKDS42zoVSlrvj6TLhW0jp/view?usp=sharing,https://d32jc9rx98ldq0.cloudfront.net/staging/inventory/compressed/food03022022/ChickenAfghaniTandoorFull.jpg,
Chicken Afghani Tandoor Half,ProductUnit,11,"Inventory,Food,Restaurant,Kabab,NonVegeterian,Chicken Afghani Tandoor,",170,,https://drive.google.com/file/d/1BREdnhuFTOj6JFXxat9iKk4Aj6GfAGax/view?usp=sharing,https://d32jc9rx98ldq0.cloudfront.net/staging/inventory/compressed/food03022022/ChickenAfghaniTandoorHalf.jpg,
Chicken Tikka,ProductType,12,"Inventory,Food,Restaurant,Kabab,NonVegeterian,",160,,https://drive.google.com/file/d/1jQaGGC76Aoq-iZGYlpkm9jvyTxErR0Aj/view?usp=sharing,https://d32jc9rx98ldq0.cloudfront.net/staging/inventory/compressed/restaurant-2/ChickenTikka.jpg,190
Chicken Nazami Kabab 6 Pcs,ProductType,13,"Inventory,Food,Restaurant,Kabab,NonVegeterian,",170,,https://drive.google.com/file/d/1Hj3hOywHW6QTih8BSMGDextTu64FkNbP/view?usp=sharing,https://d32jc9rx98ldq0.cloudfront.net/staging/inventory/compressed/food03022022/ChickenNazamiKabab6Pcs.jpg,
Chicken Achari Kabab 6 Pcs,ProductType,14,"Inventory,Food,Restaurant,Kabab,NonVegeterian,",170,,https://drive.google.com/file/d/1OAIz-1X5JfZ6UufiPDm8-2ROL-9qa3NY/view?usp=sharing,https://d32jc9rx98ldq0.cloudfront.net/staging/inventory/compressed/food03022022/ChickenAchariKabab6Pcs.jpg,
Chicken Kalimiri Kabab 6 Pcs,ProductType,15,"Inventory,Food,Restaurant,Kabab,NonVegeterian,",180,,https://drive.google.com/file/d/1olr5-c8_VdTLX-Uv3qdP_eMxDSTyAa-d/view?usp=sharing,https://d32jc9rx98ldq0.cloudfront.net/staging/inventory/compressed/food20220127/ChickenKalimiriKabab6Pcs.JPG,
Chicken Chatpata Kabab 6 Pcs,ProductType,16,"Inventory,Food,Restaurant,Kabab,NonVegeterian,",180,,https://drive.google.com/file/d/1sMl3jrmSJNhzPOhhKFseoLFLAGKHFkDa/view?usp=sharing,https://d32jc9rx98ldq0.cloudfront.net/staging/inventory/compressed/food03022022/ChickenChatpataKabab6Pcs.jpg,
Chicken Banjara Kabab 6 Pcs,ProductType,17,"Inventory,Food,Restaurant,Kabab,NonVegeterian,",180,,https://drive.google.com/file/d/1EM9pl0N8ejXLkCRYd8HCbijqIO1wJf9K/view?usp=sharing,https://d32jc9rx98ldq0.cloudfront.net/staging/inventory/compressed/food03022022/ChickenBanjaraKabab6Pcs.jpg,
Chicken Pahadi Kabab 6 Pcs,ProductType,18,"Inventory,Food,Restaurant,Kabab,NonVegeterian,",180,,https://drive.google.com/file/d/1V7QCbqOTNRfpGDSMnd6cN0dfyIpCR4-a/view?usp=sharing,https://d32jc9rx98ldq0.cloudfront.net/staging/inventory/compressed/food03022022/ChickenPahadiKabab6Pcs.jpg,
Chicken Reshmi Kabab 6 Pcs,ProductType,19,"Inventory,Food,Restaurant,Kabab,NonVegeterian,",180,,https://drive.google.com/file/d/14-VD39EYCBZFKBWdhk2h4FdJR0oLQSuM/view?usp=sharing,https://d32jc9rx98ldq0.cloudfront.net/staging/inventory/compressed/food03022022/ChickenReshmiKabab6Pcs.jpg,
Chicken Malai Kabab 6 Pcs,ProductType,20,"Inventory,Food,Restaurant,Kabab,NonVegeterian,",220,,https://drive.google.com/file/d/1Y_UeRy95_KO3yTmzWTVe5OY1PmAdahF6/view?usp=sharing,https://d32jc9rx98ldq0.cloudfront.net/staging/inventory/compressed/food20220127/ChickenMalaiKabab6Pcs.jpg,
Chicken Makrana Kabab 4 Pcs,ProductType,21,"Inventory,Food,Restaurant,Kabab,NonVegeterian,",190,,https://drive.google.com/file/d/1sighkDPF31I-cOUpvpHLipUK3uX2dkbX/view?usp=sharing,https://d32jc9rx98ldq0.cloudfront.net/staging/inventory/compressed/food03022022/ChickenMakranaKabab4Pcs.jpg,
Paneer Malai Tikka 6 Pcs,ProductType,22,"Inventory,Food,Restaurant,Kabab,NonVegeterian,",200,,https://drive.google.com/file/d/1137gOd6XiZDKm63VrLJ5a9NJ-uHKakrQ/view?usp=sharing,https://d32jc9rx98ldq0.cloudfront.net/staging/inventory/compressed/food03022022/PaneerMalaiTikka6Pcs.jpg,
Mushroom Tandoor 6 Pcs,ProductType,23,"Inventory,Food,Restaurant,Kabab,NonVegeterian,",160,,https://drive.google.com/file/d/1wgw65uZ8v16LPW9p_QeZk4CMg19fQPKk/view?usp=sharing,https://d32jc9rx98ldq0.cloudfront.net/staging/inventory/compressed/food03022022/MushroomTandoor6Pcs.jpg,
Entree,ProductClass,1,"Inventory,Food,Restaurant,",,,,https://d32jc9rx98ldq0.cloudfront.net/staging/inventory/compressed/restaurant7/Entree.jpg,
Vegeterian,ProductLine,2,"Inventory,Food,Restaurant,Entree,",,,,,
NonVegeterian,ProductLine,2,"Inventory,Food,Restaurant,Entree,",,,,,
Prawns Schezwan,ProductType,3,"Inventory,Food,Restaurant,Entree,NonVegeterian,",250,,https://drive.google.com/file/d/1POQzieoWU2aYtGDs9ty2QSpySf1gaTR8/view?usp=sharing,https://d32jc9rx98ldq0.cloudfront.net/staging/inventory/compressed/restaurant-2/Prawns-Schezwan.JPG,
Prawns Chilly,ProductType,4,"Inventory,Food,Restaurant,Entree,NonVegeterian,",230,,https://drive.google.com/file/d/1nZko9hI1TTh8uNDNZHYFaBRKhJXPFx-5/view?usp=sharing,https://d32jc9rx98ldq0.cloudfront.net/staging/inventory/compressed/restaurant-2/Prawns-Chilly.jpg,
Prawns Manchurian,ProductType,5,"Inventory,Food,Restaurant,Entree,NonVegeterian,",230,,https://drive.google.com/file/d/1jQKM_GH4bgWqPkaloOXzFcZV1PLGLbJq/view?usp=sharing,https://d32jc9rx98ldq0.cloudfront.net/staging/inventory/compressed/restaurant-2/Prawns-Manchurian.jpg,260
Prawns Garlic,ProductType,6,"Inventory,Food,Restaurant,Entree,NonVegeterian,",220,,https://drive.google.com/file/d/14ECDJ3F2PvWJg60NV-cT0NXkdlsrCgkP/view?usp=sharing,https://d32jc9rx98ldq0.cloudfront.net/staging/inventory/compressed/restaurant-2/Prawns-Garlic.jpg,
Prawns Crispy,ProductType,7,"Inventory,Food,Restaurant,Entree,NonVegeterian,",200,,https://drive.google.com/file/d/1nj0Q8M8snykOfbFVSzdYt0DY2s8yplXc/view?usp=sharing,https://d32jc9rx98ldq0.cloudfront.net/staging/inventory/compressed/food20220127/PrawnsCrispy.jpg,
Prawns 65,ProductType,8,"Inventory,Food,Restaurant,Entree,NonVegeterian,",220,,https://drive.google.com/file/d/16-phsJHeRODDaTjGkRtXtoCmuJLl_AqJ/view?usp=sharing,https://d32jc9rx98ldq0.cloudfront.net/staging/inventory/compressed/food20220127/Prawns65.jpg,
Prawns Masala Fry,ProductType,9,"Inventory,Food,Restaurant,Entree,NonVegeterian,",160,,https://drive.google.com/file/d/1kZKQz9QEpmSs9vrvZpWr52Dw0fs7AbL7/view?usp=sharing,https://d32jc9rx98ldq0.cloudfront.net/staging/inventory/compressed/food03022022/PrawnsMasalaFry.jpg,
Prawns Handi,ProductType,10,"Inventory,Food,Restaurant,Entree,NonVegeterian,",300,,https://drive.google.com/file/d/14AprHsz0OtB54JU9rInL7HulaFFMS-Da/view?usp=sharing,https://d32jc9rx98ldq0.cloudfront.net/staging/inventory/compressed/food03022022/PrawnsHandi.jpg,330
Prawns Korma,ProductType,11,"Inventory,Food,Restaurant,Entree,NonVegeterian,",200,,https://drive.google.com/file/d/1iEkn7RJbAo0h9s_av2ChvtkJPmzW0Q53/view?usp=sharing,https://d32jc9rx98ldq0.cloudfront.net/staging/inventory/compressed/food03022022/PrawnsKorma.jpg,230
Prawns Lazees,ProductType,12,"Inventory,Food,Restaurant,Entree,NonVegeterian,",250,,https://drive.google.com/file/d/1eqvYwcgVyPnM2t3ntbMsmsAN7rLDhYoS/view?usp=sharing,https://d32jc9rx98ldq0.cloudfront.net/staging/inventory/compressed/food03022022/PrawnsLazees.jpg,280
Prawns Fry,ProductType,13,"Inventory,Food,Restaurant,Entree,NonVegeterian,",160,,https://drive.google.com/file/d/1O19WaprVVBBuWwuYRqL8kg3wDHPxG7ug/view?usp=sharing,https://d32jc9rx98ldq0.cloudfront.net/staging/inventory/compressed/food20220127/PrawnsFry.jpg,
Fish Tikka,ProductType,14,"Inventory,Food,Restaurant,Entree,NonVegeterian,",300,,https://drive.google.com/file/d/1wQQTgcoYK9mfkO1wEjkLWHcdfIAHU2OM/view?usp=sharing,https://d32jc9rx98ldq0.cloudfront.net/staging/inventory/compressed/restaurant-2/FishTikka4pcs.jpg,
Fish Ajwain Tikka,ProductType,15,"Inventory,Food,Restaurant,Entree,NonVegeterian,",300,,https://drive.google.com/file/d/1WDzXhzbVS9esCBmSBrER2zDsaEqhZWqf/view?usp=sharing,https://d32jc9rx98ldq0.cloudfront.net/staging/inventory/compressed/food03022022/FishAjwainTikka.jpg,
Surmai Masala,ProductType,16,"Inventory,Food,Restaurant,Entree,NonVegeterian,",250,,https://drive.google.com/file/d/1XCoCrmzr9jQCx1NNW5ixZjSUYn75ND8y/view?usp=sharing,https://d32jc9rx98ldq0.cloudfront.net/staging/inventory/compressed/food20220127/SurmaiMasala.jpg,280
Prawns Masala,ProductType,17,"Inventory,Food,Restaurant,Entree,NonVegeterian,",250,,https://drive.google.com/file/d/1hqqomlWuv1DCoNdOtSLED3jxPEtVzeju/view?usp=sharing,https://d32jc9rx98ldq0.cloudfront.net/staging/inventory/compressed/food281221/PrawnsMasala.jpg,280
Pomfret Masala,ProductType,18,"Inventory,Food,Restaurant,Entree,NonVegeterian,",,,https://drive.google.com/file/d/1p3G-AsR7E0xJMu2SoOmvZQUUDsOlgJYY/view?usp=sharing,https://d32jc9rx98ldq0.cloudfront.net/staging/inventory/compressed/food20220127/PomfretMasala.jpg,280
Ravas Masala,ProductType,19,"Inventory,Food,Restaurant,Entree,NonVegeterian,",,,https://drive.google.com/file/d/1f75VuVKR5WrTEK1X3YLuyNJAMMyIrNO7/view?usp=sharing,https://d32jc9rx98ldq0.cloudfront.net/staging/inventory/compressed/food03022022/RavasMasala.jpg,
Ravas Tandoori,ProductType,20,"Inventory,Food,Restaurant,Entree,NonVegeterian,",,,https://drive.google.com/file/d/1lLVYud4cZe0Icr9Ck0nNpKYhxQ9a7KrY/view?usp=sharing,https://d32jc9rx98ldq0.cloudfront.net/staging/inventory/compressed/food20220127/RavasTandoori.jpg,
Chicken Double Ekka,ProductType,21,"Inventory,Food,Restaurant,Entree,NonVegeterian,",,,https://drive.google.com/file/d/18hLs63pDWfVlQDjLch7hD2iTt9LcFtax/view?usp=sharing,https://d32jc9rx98ldq0.cloudfront.net/staging/inventory/compressed/food20220127/ChickenDoubleEkka.jpg,
Chicken Double Ekka Full,ProductUnit,22,"Inventory,Food,Restaurant,Entree,NonVegeterian,Chicken Double Ekka,",550,,https://drive.google.com/file/d/1gPgQsusltLhEvXw4-zfXj1DcilUM_KLm/view?usp=sharing,https://d32jc9rx98ldq0.cloudfront.net/staging/inventory/compressed/food20220127/ChickenDoubleEkkaFull.jpg,310
Chicken Double Ekka Half,ProductUnit,23,"Inventory,Food,Restaurant,Entree,NonVegeterian,Chicken Double Ekka,",280,,https://drive.google.com/file/d/1yvds7tUMLuYpKd2eyzL8_3PQlmvnhz_z/view?usp=sharing,https://d32jc9rx98ldq0.cloudfront.net/staging/inventory/compressed/food20220127/ChickenDoubleEkkaHalf.jpg,
Chicken Lamba,ProductType,24,"Inventory,Food,Restaurant,Entree,NonVegeterian,",550,,https://drive.google.com/file/d/1QDDqKGUzF8DKqlhDXybdGcDyAEfPa4Rh/view?usp=sharing,https://d32jc9rx98ldq0.cloudfront.net/staging/inventory/compressed/food20220127/ChickenLamba.jpg,
Chicken Lamba Full,ProductUnit,25,"Inventory,Food,Restaurant,Entree,NonVegeterian,Chicken Lamba,",550,,https://drive.google.com/file/d/17muTSYhyzHfm9jetJu1gYtki4sLUb2AT/view?usp=sharing,https://d32jc9rx98ldq0.cloudfront.net/staging/inventory/compressed/food03022022/ChickenLambaFull.jpg,
Chicken Lamba Half,ProductUnit,26,"Inventory,Food,Restaurant,Entree,NonVegeterian,Chicken Lamba,",280,,https://drive.google.com/file/d/1SbBwwG-n6XufpAQ91ja-BD7Z0FuACjFR/view?usp=sharing,https://d32jc9rx98ldq0.cloudfront.net/staging/inventory/compressed/food03022022/ChickenLambaHalf.jpg,310
Chicken Green Apple,ProductType,27,"Inventory,Food,Restaurant,Entree,NonVegeterian,",550,,https://drive.google.com/file/d/1cGkE62evlB9Pc2skj9cYqvxoYZwbrjYV/view?usp=sharing,https://d32jc9rx98ldq0.cloudfront.net/staging/inventory/compressed/food20220127/SufiChickenPulao.jpg,
Chicken Green Apple Full,ProductUnit,28,"Inventory,Food,Restaurant,Entree,NonVegeterian,Chicken Green Apple,",550,,https://drive.google.com/file/d/14V4T8BRxQbjN3VqjGi3vPr-OaS-ijqIu/view?usp=sharing,https://d32jc9rx98ldq0.cloudfront.net/staging/inventory/compressed/food03022022/ChickenGreenAppleFull.jpg,
Chicken Green Apple Half,ProductUnit,29,"Inventory,Food,Restaurant,Entree,NonVegeterian,Chicken Green Apple,",280,,https://drive.google.com/file/d/1jv8qQHFdHSlLTOyVZ6nUaKQEPPApEVM3/view?usp=sharing,https://d32jc9rx98ldq0.cloudfront.net/staging/inventory/compressed/food03022022/ChickenGreenAppleHalf.jpg,310
Chicken Mohabbatein,ProductType,30,"Inventory,Food,Restaurant,Entree,NonVegeterian,",550,,,,
Chicken Mohabbatein Full,ProductUnit,31,"Inventory,Food,Restaurant,Entree,NonVegeterian,Chicken Mohabbatein,",550,,,,
Chicken Mohabbatein Half,ProductUnit,32,"Inventory,Food,Restaurant,Entree,NonVegeterian,Chicken Mohabbatein,",280,,,,310
Chicken Dhaba Chilly,ProductType,33,"Inventory,Food,Restaurant,Entree,NonVegeterian,",550,,https://drive.google.com/file/d/1FyF58rFZ3Ly26INtPESeDFzFl7yHOWpl/view?usp=sharing,https://d32jc9rx98ldq0.cloudfront.net/staging/inventory/compressed/food20220127/ChickenDhabaChilly.jpg,
Chicken Dhaba Chilly Full,ProductUnit,34,"Inventory,Food,Restaurant,Entree,NonVegeterian,Chicken Dhaba Chilly,",550,,https://drive.google.com/file/d/1vz0y-C4ek38qpOVUVOnIVjgXzzJR3fvt/view?usp=sharing,https://d32jc9rx98ldq0.cloudfront.net/staging/inventory/compressed/food03022022/ChickenDhabaChillyFull.jpg,
Chicken Dhaba Chilly Half,ProductUnit,35,"Inventory,Food,Restaurant,Entree,NonVegeterian,Chicken Dhaba Chilly,",280,,https://drive.google.com/file/d/1sIvFm_fSqAZJCMH_jW6kr_BaQvLPM3PJ/view?usp=sharing,https://d32jc9rx98ldq0.cloudfront.net/staging/inventory/compressed/food20220127/ChickenDhabaChillyHalf.jpg,
Chicken Handi,ProductType,36,"Inventory,Food,Restaurant,Entree,NonVegeterian,",550,,https://drive.google.com/file/d/1RMADFPBuSEsBClMMjRRF3Ywu4mtb54pt/view?usp=sharing,https://d32jc9rx98ldq0.cloudfront.net/staging/inventory/compressed/restaurant-2/ChickenHandi.jpg,
Chicken Handi Full,ProductUnit,37,"Inventory,Food,Restaurant,Entree,NonVegeterian,Chicken Handi,",550,,https://drive.google.com/file/d/1LabfJ7U7HGWmo2mIPWym0Wm76D0yr7tH/view?usp=sharing,https://d32jc9rx98ldq0.cloudfront.net/staging/inventory/compressed/restaurant-2/ChickenHandiFull.jpg,
Chicken Handi Half,ProductUnit,38,"Inventory,Food,Restaurant,Entree,NonVegeterian,Chicken Handi,",280,,https://drive.google.com/file/d/1XLzwK9SmXm48SjgSpen2LYnKWNg5f2Pv/view?usp=sharing,https://d32jc9rx98ldq0.cloudfront.net/staging/inventory/compressed/restaurant-2/ChickenHandiHalf.jpg,310
Chicken Agri Handi,ProductType,39,"Inventory,Food,Restaurant,Entree,NonVegeterian,",550,,https://drive.google.com/file/d/1En28J2N_5dyZZUgI0oedw_ITU5e_YEx-/view?usp=sharing,https://d32jc9rx98ldq0.cloudfront.net/staging/inventory/compressed/food03022022/ChickenAgriHandi.jpg,
Chicken Agri Handi Full,ProductUnit,40,"Inventory,Food,Restaurant,Entree,NonVegeterian,Chicken Agri Handi,",550,,https://drive.google.com/file/d/1s2-aYzq-1vnNW8dauUf46lvNcn_DyYY9/view?usp=sharing,https://d32jc9rx98ldq0.cloudfront.net/staging/inventory/compressed/food03022022/ChickenAgriHandiFull.jpg,
Chicken Agri Handi Half,ProductUnit,41,"Inventory,Food,Restaurant,Entree,NonVegeterian,Chicken Agri Handi,",280,,https://drive.google.com/file/d/1E4ro9OARSaXbPx-6XTVN8wO3UaN-aAgP/view?usp=sharing,https://d32jc9rx98ldq0.cloudfront.net/staging/inventory/compressed/food20220127/ChickenAgriHandiHalf.jpg,310
Chicken Lapeta,ProductType,42,"Inventory,Food,Restaurant,Entree,NonVegeterian,",550,,https://drive.google.com/file/d/1IAN_u53Nx3sgkcuN1RbmJb88rxcHmTzs/view?usp=sharing,https://d32jc9rx98ldq0.cloudfront.net/staging/inventory/compressed/restaurant-2/ChickenLapeta.jpg,
Chicken Lapeta Full,ProductUnit,43,"Inventory,Food,Restaurant,Entree,NonVegeterian,Chicken Lapeta,",550,,https://drive.google.com/file/d/1Cjc-qziwNESlj1zOy2ah_fjbZELcssT1/view?usp=sharing,https://d32jc9rx98ldq0.cloudfront.net/staging/inventory/compressed/restaurant-4/ChickenLapetaFull.jpg,
Chicken Lapeta Half,ProductUnit,44,"Inventory,Food,Restaurant,Entree,NonVegeterian,Chicken Lapeta,",280,,https://drive.google.com/file/d/1HHaqwdyaoRmvV_Rl71erbfJfDEcR40lt/view?usp=sharing,https://d32jc9rx98ldq0.cloudfront.net/staging/inventory/compressed/restaurant-2/ChickenLapetaHalf.jpg,310
Chicken Kashmiri Lapeta,ProductType,45,"Inventory,Food,Restaurant,Entree,NonVegeterian,",550,,https://drive.google.com/file/d/1HBFIKTso5xIM_P06hZB2Hm_aS3iK3P2M/view?usp=sharing,https://d32jc9rx98ldq0.cloudfront.net/staging/inventory/compressed/food20220127/ChickenKashmiriLapeta.jpg,
Chicken Kashmiri Lapeta Full,ProductUnit,46,"Inventory,Food,Restaurant,Entree,NonVegeterian,Chicken Kashmiri Lapeta,",550,,https://drive.google.com/file/d/1h66zamenmkCvnEmSvmC0CUR8NV6GbZFS/view?usp=sharing,https://d32jc9rx98ldq0.cloudfront.net/staging/inventory/compressed/food03022022/ChickenKashmiriLapetaFull.jpg,
Chicken Kashmiri Lapeta Half,ProductUnit,47,"Inventory,Food,Restaurant,Entree,NonVegeterian,Chicken Kashmiri Lapeta,",280,,https://drive.google.com/file/d/18pBmXS4CJCwwrLurT7LebUAwZJeah3Of/view?usp=sharing,https://d32jc9rx98ldq0.cloudfront.net/staging/inventory/compressed/food20220127/ChickenKashmiriLapetaHalf.jpg,310
Chicken Hyderabadi Handi,ProductType,48,"Inventory,Food,Restaurant,Entree,NonVegeterian,",550,,https://drive.google.com/file/d/1wuoqPEBgB6x7ashZ8olwWv1lofOjBwph/view?usp=sharing,https://d32jc9rx98ldq0.cloudfront.net/staging/inventory/compressed/food03022022/ChickenHyderabadiHandi.jpg,
Chicken Hyderabadi Handi Full,ProductUnit,49,"Inventory,Food,Restaurant,Entree,NonVegeterian,Chicken Hyderabadi Handi,",550,,https://drive.google.com/file/d/18dpwTDuBIvjtRQ5gao8q-RwBEQvkRS0b/view?usp=sharing,https://d32jc9rx98ldq0.cloudfront.net/staging/inventory/compressed/food03022022/ChickenHyderabadiHandiFull.jpg,
Chicken Hyderabadi Handi Half,ProductUnit,50,"Inventory,Food,Restaurant,Entree,NonVegeterian,Chicken Hyderabadi Handi,",280,,https://drive.google.com/file/d/1Y7eJ13IDitY7RWfOI7Q5MgYS9XAp4HFJ/view?usp=sharing,https://d32jc9rx98ldq0.cloudfront.net/staging/inventory/compressed/food03022022/ChickenHyderabadiHandiHalf.jpg,310
Chicken Golden,ProductType,51,"Inventory,Food,Restaurant,Entree,NonVegeterian,",550,,https://drive.google.com/file/d/1xmgrAouVGaY_QzISI4QSJplRosfm2Wzq/view?usp=sharing,https://d32jc9rx98ldq0.cloudfront.net/staging/inventory/compressed/food20220127/ChickenGolden.jpg,
Chicken Golden Full,ProductUnit,52,"Inventory,Food,Restaurant,Entree,NonVegeterian,Chicken Golden,",550,,https://drive.google.com/file/d/1KFWwUggQmNKqXlXzuLFsY_wnaJGciul4/view?usp=sharing,https://d32jc9rx98ldq0.cloudfront.net/staging/inventory/compressed/food20220127/ChickenGoldenFull.jpg,
Chicken Golden Half,ProductUnit,53,"Inventory,Food,Restaurant,Entree,NonVegeterian,Chicken Golden,",280,,https://drive.google.com/file/d/1gktpBNhaMz2OUZH1k7QCsc9hrzXaKdw_/view?usp=sharing,https://d32jc9rx98ldq0.cloudfront.net/staging/inventory/compressed/food20220127/ChickenGoldenHalf.jpg,310
Chicken Asmani Handi,ProductType,54,"Inventory,Food,Restaurant,Entree,NonVegeterian,",550,,,,
Chicken Asmani Handi Full,ProductUnit,55,"Inventory,Food,Restaurant,Entree,NonVegeterian,Chicken Asmani Handi,",550,,,,
Chicken Asmani Handi Half,ProductUnit,56,"Inventory,Food,Restaurant,Entree,NonVegeterian,Chicken Asmani Handi,",280,,,,310
Chicken Rashida,ProductType,57,"Inventory,Food,Restaurant,Entree,NonVegeterian,",550,,https://drive.google.com/file/d/1dP5G6q7Skbr1pWMnGQPEo94XSFvsUdph/view?usp=sharing,https://d32jc9rx98ldq0.cloudfront.net/staging/inventory/compressed/food20220127/ChickenRashidaFull.jpeg,
Chicken Rashida Full,ProductUnit,58,"Inventory,Food,Restaurant,Entree,NonVegeterian,Chicken Rashida,",550,,https://drive.google.com/file/d/1hT9vIIa0Du0f3Yt6BYEJKVkRgvLOVivv/view?usp=sharing,https://d32jc9rx98ldq0.cloudfront.net/staging/inventory/compressed/food03022022/ChickenRashidaFull.jpeg,
Chicken Rashida Half,ProductUnit,59,"Inventory,Food,Restaurant,Entree,NonVegeterian,Chicken Rashida,",280,,https://drive.google.com/file/d/1e6BFN8NilbHbMc82dosAdkI6vqNgFYnP/view?usp=sharing,https://d32jc9rx98ldq0.cloudfront.net/staging/inventory/compressed/food03022022/ChickenRashidaHalf.jpeg,310
Chicken Afghani Handi,ProductType,60,"Inventory,Food,Restaurant,Entree,NonVegeterian,",550,,https://drive.google.com/file/d/1sMEFu-ljiiixXdfcu6QNIEhbVeFFALzd/view?usp=sharing,https://d32jc9rx98ldq0.cloudfront.net/staging/inventory/compressed/food03022022/ChickenAfghaniHandi.jpg,
Chicken Afghani Handi Full,ProductUnit,61,"Inventory,Food,Restaurant,Entree,NonVegeterian,Chicken Afghani Handi,",550,,https://drive.google.com/file/d/11s8moTsHZznrULSdsOBDn-pjSSNHlpXt/view?usp=sharing,https://d32jc9rx98ldq0.cloudfront.net/staging/inventory/compressed/food03022022/ChickenAfghaniHandiFull.jpg,
Chicken Afghani Handi Half,ProductUnit,62,"Inventory,Food,Restaurant,Entree,NonVegeterian,Chicken Afghani Handi,",280,,https://drive.google.com/file/d/1ntNzSV1YRMRQa4Wu1A5Op0FaUyOfQYWJ/view?usp=sharing,https://d32jc9rx98ldq0.cloudfront.net/staging/inventory/compressed/food03022022/ChickenAfghaniHandiHalf.jpg,310
Chicken Banjara Handi,ProductType,63,"Inventory,Food,Restaurant,Entree,NonVegeterian,",550,,https://drive.google.com/file/d/1BvbgIL8rpXh0iOurELmzosgBlff5glZV/view?usp=sharing,https://d32jc9rx98ldq0.cloudfront.net/staging/inventory/compressed/food03022022/ChickenBanjaraHandi.jpg,
Chicken Banjara Handi Full,ProductUnit,64,"Inventory,Food,Restaurant,Entree,NonVegeterian,Chicken Banjara Handi,",550,,https://drive.google.com/file/d/1T6Ofeg4ZJ2gZekiJnuvr91rLsjrZ6EJO/view?usp=sharing,https://d32jc9rx98ldq0.cloudfront.net/staging/inventory/compressed/food20220127/ChickenBanjaraHandiFull.jpg,
Chicken Banjara Handi Half,ProductUnit,65,"Inventory,Food,Restaurant,Entree,NonVegeterian,Chicken Banjara Handi,",280,,https://drive.google.com/file/d/1OZZ-a7xQ4yd_N237ajZfs4oADTkigDJU/view?usp=sharing,https://d32jc9rx98ldq0.cloudfront.net/staging/inventory/compressed/food20220127/ChickenBanjaraHandiHalf.jpg,310
Mutton Handi,ProductType,66,"Inventory,Food,Restaurant,Entree,NonVegeterian,",770,,https://drive.google.com/file/d/1cDgJjzfBznwA7SQ2sVr2-m7bkYjS25MQ/view?usp=sharing,https://d32jc9rx98ldq0.cloudfront.net/staging/inventory/compressed/restaurant-2/MuttonHandi.jpg,
Mutton Handi Full,ProductUnit,67,"Inventory,Food,Restaurant,Entree,NonVegeterian,Mutton Handi,",770,,https://drive.google.com/file/d/1FycDNv3fIZ4FgUmyTHr5bWKHB-S7JPU9/view?usp=sharing,https://d32jc9rx98ldq0.cloudfront.net/staging/inventory/compressed/restaurant-2/MuttonHandiFull.jpg,
Mutton Handi Half,ProductUnit,68,"Inventory,Food,Restaurant,Entree,NonVegeterian,Mutton Handi,",400,,https://drive.google.com/file/d/1rSZt2OdDaPDJaxpteehvbb3EICXF11Ge/view?usp=sharing,https://d32jc9rx98ldq0.cloudfront.net/staging/inventory/compressed/restaurant-2/MuttonHandiHalf.jpg,430
Mutton Agri Handi,ProductType,69,"Inventory,Food,Restaurant,Entree,NonVegeterian,",770,,https://drive.google.com/file/d/1VYRt6MhalJfDuuaQRN5gLMu2fewJ66nK/view?usp=sharing,https://d32jc9rx98ldq0.cloudfront.net/staging/inventory/compressed/food03022022/MuttonAgriHandi.jpg,
Mutton Agri Handi Full,ProductUnit,70,"Inventory,Food,Restaurant,Entree,NonVegeterian,Mutton Agri Handi,",770,,https://drive.google.com/file/d/1UTZn0Ct39RYjwT6OZZa1P8cvcX3jhYhu/view?usp=sharing,https://d32jc9rx98ldq0.cloudfront.net/staging/inventory/compressed/food03022022/MuttonAgriHandiFull.jpg,
Mutton Agri Handi Half,ProductUnit,71,"Inventory,Food,Restaurant,Entree,NonVegeterian,Mutton Agri Handi,",400,,https://drive.google.com/file/d/1opkcSRmCOYk_Ta542baYqTOYBGuiuN5_/view?usp=sharing,https://d32jc9rx98ldq0.cloudfront.net/staging/inventory/compressed/food20220127/MuttonAgriHandiHalf.jpg,430
Mutton Lapeta,ProductType,72,"Inventory,Food,Restaurant,Entree,NonVegeterian,",770,,https://drive.google.com/file/d/1tjF1qRWH5WNXuSK7LBxRrKGKkV2CAIpn/view?usp=sharing,https://d32jc9rx98ldq0.cloudfront.net/staging/inventory/compressed/restaurant-2/MuttonLapeta.jpg,
Mutton Lapeta Full,ProductUnit,73,"Inventory,Food,Restaurant,Entree,NonVegeterian,Mutton Lapeta,",770,,https://drive.google.com/file/d/1tHS7O8RH0weEcMoeOLsPdrW1tpWhZH83/view?usp=sharing,https://d32jc9rx98ldq0.cloudfront.net/staging/inventory/compressed/food20220127/MuttonLapetaFull.jpg,
Mutton Lapeta Half,ProductUnit,74,"Inventory,Food,Restaurant,Entree,NonVegeterian,Mutton Lapeta,",400,,https://drive.google.com/file/d/1AY5R812G8F79150KH4Oa7bob5jOcLNqj/view?usp=sharing,https://d32jc9rx98ldq0.cloudfront.net/staging/inventory/compressed/food20220127/MuttonLapetaHalf.jpg,430
Mutton Kashmiri Lapeta,ProductType,75,"Inventory,Food,Restaurant,Entree,NonVegeterian,",770,,https://drive.google.com/file/d/1JIY26qnWlkHnDeZdZoyn9PB1zUgG2c_k/view?usp=sharing,https://d32jc9rx98ldq0.cloudfront.net/staging/inventory/compressed/food20220127/MuttonKashmiriLapeta.jpg,
Mutton Kashmiri Lapeta Full,ProductUnit,76,"Inventory,Food,Restaurant,Entree,NonVegeterian,Mutton Kashmiri Lapeta,",770,,https://drive.google.com/file/d/1iZ8crMgB4ctI5GLP5t_9fMTe-Yx3TuX7/view?usp=sharing,https://d32jc9rx98ldq0.cloudfront.net/staging/inventory/compressed/food03022022/MuttonKashmiriLapetaFull.jpg,
Mutton Kashmiri Lapeta Half,ProductUnit,77,"Inventory,Food,Restaurant,Entree,NonVegeterian,Mutton Kashmiri Lapeta,",400,,https://drive.google.com/file/d/1EWkvy23k2KwZp1hYExRQ109LZLFWCOCF/view?usp=sharing,https://d32jc9rx98ldq0.cloudfront.net/staging/inventory/compressed/food03022022/MuttonKashmiriLapetaHalf.jpg,430
Mutton Golden,ProductType,78,"Inventory,Food,Restaurant,Entree,NonVegeterian,",770,,https://drive.google.com/file/d/1RHhh8rBfiZvWrDEjE2-RXtAIcy9Lase4/view?usp=sharing,https://d32jc9rx98ldq0.cloudfront.net/staging/inventory/compressed/food20220127/MuttonGolden.jpg,
Mutton Golden Full,ProductUnit,79,"Inventory,Food,Restaurant,Entree,NonVegeterian,Mutton Golden,",770,,https://drive.google.com/file/d/187fnBOmZc1O4rONHz0kQ1ibPgGmPYxKk/view?usp=sharing,https://d32jc9rx98ldq0.cloudfront.net/staging/inventory/compressed/food03022022/MuttonGoldenFull.jpg,
Mutton Golden Half,ProductUnit,80,"Inventory,Food,Restaurant,Entree,NonVegeterian,Mutton Golden,",400,,https://drive.google.com/file/d/1hUceDDLc9qf65cppKZqLQ__zSB0O1Tl3/view?usp=sharing,https://d32jc9rx98ldq0.cloudfront.net/staging/inventory/compressed/food03022022/MuttonGoldenHalf.jpg,430
Mutton Aasmani Handi,ProductType,81,"Inventory,Food,Restaurant,Entree,NonVegeterian,",770,,https://drive.google.com/file/d/1IUQyOVOZT7-QlIzlojhuRqMF9xg4PtJh/view?usp=sharing,https://d32jc9rx98ldq0.cloudfront.net/staging/inventory/compressed/food20220127/MuttonAasmaniHandi.jpg,
Mutton Aasmani Handi Full,ProductUnit,82,"Inventory,Food,Restaurant,Entree,NonVegeterian,Mutton Aasmani Handi,",770,,https://drive.google.com/file/d/1UpDmK0qkaVka_ujPYt7QEOa-dDqzTk1m/view?usp=sharing,https://d32jc9rx98ldq0.cloudfront.net/staging/inventory/compressed/food20220127/MuttonAasmaniHandiFull.jpg,
Mutton Aasmani Handi Half,ProductUnit,83,"Inventory,Food,Restaurant,Entree,NonVegeterian,Mutton Aasmani Handi,",400,,https://drive.google.com/file/d/13KPJWwUoMRT_uog5augcD9PZNd_Hm0Pk/view?usp=sharing,https://d32jc9rx98ldq0.cloudfront.net/staging/inventory/compressed/food20220127/MuttonAasmaniHandiHalf.jpg,430
Mutton Rashida,ProductType,84,"Inventory,Food,Restaurant,Entree,NonVegeterian,",770,,https://drive.google.com/file/d/14TVfTC4pb4TVjkTeDcBfFjzASFxcLv-N/view?usp=sharing,https://d32jc9rx98ldq0.cloudfront.net/staging/inventory/compressed/food20220127/MuttonRashida.jpg,
Mutton Rashida Full,ProductUnit,85,"Inventory,Food,Restaurant,Entree,NonVegeterian,Mutton Rashida,",770,,https://drive.google.com/file/d/1ojnty2FSkKWdQvXyEQ5RRCxcLo3WeTAF/view?usp=sharing,https://d32jc9rx98ldq0.cloudfront.net/staging/inventory/compressed/pendingInventoryImages/MuttonRashidaFull.jpg,
Mutton Rashida Half,ProductUnit,86,"Inventory,Food,Restaurant,Entree,NonVegeterian,Mutton Rashida,",400,,https://drive.google.com/file/d/1q0gF3kVut6I9ZtaBv5meoVkxBnH7qvdb/view?usp=sharing,https://d32jc9rx98ldq0.cloudfront.net/staging/inventory/compressed/pendingInventoryImages/MuttonRashidaHalf.jpg,430
Mutton Afghani Handi,ProductType,87,"Inventory,Food,Restaurant,Entree,NonVegeterian,",770,,https://drive.google.com/file/d/12x2VhyMoVUYNgYtQ8BXbWK6m7hF5OPWq/view?usp=sharing,https://d32jc9rx98ldq0.cloudfront.net/staging/inventory/compressed/food20220127/MuttonAfghaniHandi.png,
Mutton Afghani Handi Full,ProductUnit,88,"Inventory,Food,Restaurant,Entree,NonVegeterian,Mutton Afghani Handi,",770,,https://drive.google.com/file/d/1vX0wI2V5cKNl3Ky-kgxivXnnqzDIQ01u/view?usp=sharing,https://d32jc9rx98ldq0.cloudfront.net/staging/inventory/compressed/pendingInventoryImages/MuttonAfghaniHandiFull.png,
Mutton Afghani Handi Half,ProductUnit,89,"Inventory,Food,Restaurant,Entree,NonVegeterian,Mutton Afghani Handi,",400,,https://drive.google.com/file/d/1EX28EofAgmRtWeknFxih6cQ11123bvFP/view?usp=sharing,https://d32jc9rx98ldq0.cloudfront.net/staging/inventory/compressed/pendingInventoryImages/MuttonAfghaniHandiHalf.jpg,430
Mutton Banjara Handi,ProductType,90,"Inventory,Food,Restaurant,Entree,NonVegeterian,",770,,https://drive.google.com/file/d/1ykqyfWOAl4fY0ZDNxdxpGnZF87Uq--Sd/view?usp=sharing,https://d32jc9rx98ldq0.cloudfront.net/staging/inventory/compressed/food20220127/MuttonBanjaraHandi.jpg,
Mutton Banjara Handi Full,ProductUnit,91,"Inventory,Food,Restaurant,Entree,NonVegeterian,Mutton Banjara Handi,",770,,https://drive.google.com/file/d/1FOlf-hShs3Rmd-kgeexbNOidhs5tH-uB/view?usp=sharing,https://d32jc9rx98ldq0.cloudfront.net/staging/inventory/compressed/pendingInventoryImages/MuttonBanjaraHandiFull.jpg,
Mutton Banjara Handi Half,ProductUnit,92,"Inventory,Food,Restaurant,Entree,NonVegeterian,Mutton Banjara Handi,",400,,https://drive.google.com/file/d/14IdVQRtZO6jFAMLMwY1mUXyzU-KPud4R/view?usp=sharing,https://d32jc9rx98ldq0.cloudfront.net/staging/inventory/compressed/food20220127/MuttonBanjaraHandiHalf.jpg,430
Chicken Tawa Masala ( Bonless),ProductType,93,"Inventory,Food,Restaurant,Entree,NonVegeterian,",250,,https://drive.google.com/file/d/17naIaMIx1a0-V_JJ87tOkLQGCoURbqHa/view?usp=sharing,https://d32jc9rx98ldq0.cloudfront.net/staging/inventory/compressed/pendingInventoryImages/ChickenTawaMasalaBonless.jpg,
Chicken Maharaja (Boneless),ProductType,94,"Inventory,Food,Restaurant,Entree,NonVegeterian,",200,,https://drive.google.com/file/d/1Tj516IUA72GTaaKaQWYvQmerbrMmt5b5/view?usp=sharing,https://d32jc9rx98ldq0.cloudfront.net/staging/inventory/compressed/pendingInventoryImages/ChickenMaharajaBoneless.jpg,
Chicken Achari ( Boneless),ProductType,95,"Inventory,Food,Restaurant,Entree,NonVegeterian,",200,,https://drive.google.com/file/d/1oQFYT8bOONskHA5-YwvSnxsSkEoof95s/view?usp=sharing,https://d32jc9rx98ldq0.cloudfront.net/staging/inventory/compressed/pendingInventoryImages/ChickenAchariBoneless.jpg,
Chicken Afghani (Boneless),ProductType,96,"Inventory,Food,Restaurant,Entree,NonVegeterian,",200,,https://drive.google.com/file/d/1X9bhI_5w32kfmVYswHB4rx0EStmttnfQ/view?usp=sharing,https://d32jc9rx98ldq0.cloudfront.net/staging/inventory/compressed/food20220127/ChickenAfghaniBoneless.jpg,
Chicken Kalimiri (Boneless),ProductType,97,"Inventory,Food,Restaurant,Entree,NonVegeterian,",200,,https://drive.google.com/file/d/1o_0riGBYchZxOkCACTasw5mH9894iBKE/view?usp=sharing,https://d32jc9rx98ldq0.cloudfront.net/staging/inventory/compressed/food20220127/ChickenKalimiriBoneless.jpg,
Chicken Patiyala (Boneless),ProductType,98,"Inventory,Food,Restaurant,Entree,NonVegeterian,",200,,https://drive.google.com/file/d/1Xx_Rk5m321vqYjWRBtHz66rkEdIQigPz/view?usp=sharing,https://d32jc9rx98ldq0.cloudfront.net/staging/inventory/compressed/food20220216/ChickenPatiyalaBoneless.jpg,
Chicken Lajawab (Boneless),ProductType,99,"Inventory,Food,Restaurant,Entree,NonVegeterian,",200,,https://drive.google.com/file/d/14EyMf7xflle1HMNm3HTSalp1zu_Dr7KB/view?usp=sharing,https://d32jc9rx98ldq0.cloudfront.net/staging/inventory/compressed/food20220224/ChickenLajawabBoneless.jpg,
Chicken Mumtaz (Boneless),ProductType,100,"Inventory,Food,Restaurant,Entree,NonVegeterian,",200,,https://drive.google.com/file/d/1lqGkKASIJcmN3OrINXLqA0fUIU9lUsj4/view?usp=sharing,https://d32jc9rx98ldq0.cloudfront.net/staging/inventory/compressed/restaurant-3/ChickenMumtaz.jpg,
Chicken Hyderabadi (Boneless),ProductType,101,"Inventory,Food,Restaurant,Entree,NonVegeterian,",200,,https://drive.google.com/file/d/1NOHHm0s9Rzk4-LtLRED3gwntcTpqmioS/view?usp=sharing,https://d32jc9rx98ldq0.cloudfront.net/staging/inventory/compressed/pendingInventoryImages/ChickenHyderabadiBoneless.jpg,
Chicken Tikka Masala ( Boneless),ProductType,102,"Inventory,Food,Restaurant,Entree,NonVegeterian,",200,,https://drive.google.com/file/d/1iwmWA-nPry0YHoWprUTSLiZwqlGSoMdt/view?usp=sharing,https://d32jc9rx98ldq0.cloudfront.net/staging/inventory/compressed/food20220127/ChickenTikkaMasalaBoneless.jpg,
Chicken Aara Masala (Boneless),ProductType,103,"Inventory,Food,Restaurant,Entree,NonVegeterian,",200,,https://drive.google.com/file/d/1jdr95ObKCYgM7L5_4jL2SKXkA59cXkZT/view?usp=sharing,https://d32jc9rx98ldq0.cloudfront.net/staging/inventory/compressed/pendingInventoryImages/ChickenAaraMasalaBoneless2.jpg,
Butter Chicken (Boneless),ProductType,104,"Inventory,Food,Restaurant,Entree,NonVegeterian,",200,,https://drive.google.com/file/d/158lhDozO9gF033vbB6pl4XHbYK7UHrm7/view?usp=sharing,https://d32jc9rx98ldq0.cloudfront.net/staging/inventory/compressed/restaurant-3/ButterChickenBoneless.jpg,
Murg Musallam,ProductType,105,"Inventory,Food,Restaurant,Entree,NonVegeterian,",420,,https://drive.google.com/file/d/1V2YXuW44Gg2SfDoIkJj9S9yI1byzsWcA/view?usp=sharing,https://d32jc9rx98ldq0.cloudfront.net/staging/inventory/compressed/food20220127/MurgMusallam.jpg,
Murg Musallam Full,ProductUnit,106,"Inventory,Food,Restaurant,Entree,NonVegeterian,Murg Musallam,",420,,https://drive.google.com/file/d/1TqBj464NXY1VqQ_69fWIhYjQKITe_l6s/view?usp=sharing,https://d32jc9rx98ldq0.cloudfront.net/staging/inventory/compressed/pendingInventoryImages/MurgMusallamFull.jpg,
Murg Musallam Half,ProductUnit,107,"Inventory,Food,Restaurant,Entree,NonVegeterian,Murg Musallam,",230,,https://drive.google.com/file/d/1tirnl1I4PpGXMsSomtm09zfOXV-mi3dl/view?usp=sharing,https://d32jc9rx98ldq0.cloudfront.net/staging/inventory/compressed/pendingInventoryImages/MurgMusallamHalf.jpg,
Chicken Angara,ProductType,108,"Inventory,Food,Restaurant,Entree,NonVegeterian,",210,,https://drive.google.com/file/d/18gwt4OLjzx18MzmZPlFXRjIwluiEeeb-/view?usp=sharing,https://d32jc9rx98ldq0.cloudfront.net/staging/inventory/compressed/restaurant-3/ChickenAngara.jpg,240
Chicken Butter Handi,ProductType,109,"Inventory,Food,Restaurant,Entree,NonVegeterian,",180,,https://drive.google.com/file/d/1tqRaZScFoB9NgspqRKIpob6q6OYGAoqq/view?usp=sharing,https://d32jc9rx98ldq0.cloudfront.net/staging/inventory/compressed/pendingInventoryImages/ChickenButterHandi2.jpg,210
Chicken Butter Kadai,ProductType,110,"Inventory,Food,Restaurant,Entree,NonVegeterian,",180,,https://drive.google.com/file/d/1WncMeUCrZsGPTticYAaPmyMAuAqYivwM/view?usp=sharing,https://d32jc9rx98ldq0.cloudfront.net/staging/inventory/compressed/pendingInventoryImages/ChickenButterKadai2.jpg,
Chicken Butter Kolhapuri,ProductType,111,"Inventory,Food,Restaurant,Entree,NonVegeterian,",180,,https://drive.google.com/file/d/1LZVLuiMjP9FFABXVi7rMdR03ttYEarNW/view?usp=sharing,https://d32jc9rx98ldq0.cloudfront.net/staging/inventory/compressed/pendingInventoryImages/ChickenButterKolhapuri.jpg,210
Chicken Butter Masala,ProductType,112,"Inventory,Food,Restaurant,Entree,NonVegeterian,",180,,https://drive.google.com/file/d/1Dkm_RIpM5JcwdLx_BQddjY01tdBTlzPt/view?usp=sharing,https://d32jc9rx98ldq0.cloudfront.net/staging/inventory/compressed/restaurant-2/ChickenButterMasala.jpg,210
Chicken Malvani,ProductType,113,"Inventory,Food,Restaurant,Entree,NonVegeterian,",180,,https://drive.google.com/file/d/1c_wEaHcS41qszbSwBowC9ozlb6Lq7mL9/view?usp=sharing,https://d32jc9rx98ldq0.cloudfront.net/staging/inventory/compressed/restaurant-3/ChickenMalvani.jpg,
Chicken Handi,ProductType,114,"Inventory,Food,Restaurant,Entree,NonVegeterian,",170,,https://drive.google.com/file/d/1RMADFPBuSEsBClMMjRRF3Ywu4mtb54pt/view?usp=sharing,https://d32jc9rx98ldq0.cloudfront.net/staging/inventory/compressed/restaurant-2/ChickenHandi.jpg,310
Chicken Kadai,ProductType,115,"Inventory,Food,Restaurant,Entree,NonVegeterian,",170,,https://drive.google.com/file/d/1C8cxqgdypW9jEspNKDp3OcfYHm85b71r/view?usp=sharing,https://d32jc9rx98ldq0.cloudfront.net/staging/inventory/compressed/restaurant-2/ChickenKadai.jpg,
Chicken Lucknowi,ProductType,116,"Inventory,Food,Restaurant,Entree,NonVegeterian,",170,,https://drive.google.com/file/d/1rX13s5Tcz9wY3Zh8vGgUg4M6fqOYzAdA/view?usp=sharing,https://d32jc9rx98ldq0.cloudfront.net/staging/inventory/compressed/food20220127/ChickenLucknowi.jpg,200
Chicken Kolhapuri,ProductType,117,"Inventory,Food,Restaurant,Entree,NonVegeterian,",170,,https://drive.google.com/file/d/1bWc_W7DKNzxS53IXTgHDSqj4gfK3f2wm/view?usp=sharing,https://d32jc9rx98ldq0.cloudfront.net/staging/inventory/compressed/restaurant-2/ChickenKolhapuri.gif,200
Chicken Dopyaza,ProductType,118,"Inventory,Food,Restaurant,Entree,NonVegeterian,",130,,https://drive.google.com/file/d/1fhO6YmEeziQAtskFa6KZuRkNmaas09LI/view?usp=sharing,https://d32jc9rx98ldq0.cloudfront.net/staging/inventory/compressed/Cafe/ChickenDoPyaza.jpg,
Chicken Moghlai,ProductType,119,"Inventory,Food,Restaurant,Entree,NonVegeterian,",130,,https://drive.google.com/file/d/1FXNYAP5T3cePQsfjCXzuDjF2INfN53JO/view?usp=sharing,https://d32jc9rx98ldq0.cloudfront.net/staging/inventory/compressed/restaurant-3/ChickenMoghlai.jpg,
Chicken Korma,ProductType,120,"Inventory,Food,Restaurant,Entree,NonVegeterian,",145,,https://drive.google.com/file/d/1IimFcqKkIfEAHeDjOYVeam2dPxcjU_rg/view?usp=sharing,https://d32jc9rx98ldq0.cloudfront.net/staging/inventory/compressed/restaurant-2/ChickenKorma.jpg,175
Chicken Palak,ProductType,121,"Inventory,Food,Restaurant,Entree,NonVegeterian,",130,,https://drive.google.com/file/d/1eQ1rUbMLgournuoN70LYmnK0XoWO0Pkj/view?usp=sharing,https://d32jc9rx98ldq0.cloudfront.net/staging/inventory/compressed/food20220127/ChickenPalak.jpg,160
Chicken Masala Fry,ProductType,122,"Inventory,Food,Restaurant,Entree,NonVegeterian,",120,,https://drive.google.com/file/d/12W4rOT7ZGq9vK6ZwvwI1RHJuerNWRgEk/view?usp=sharing,https://d32jc9rx98ldq0.cloudfront.net/staging/inventory/compressed/restaurant-2/ChickenMasalaFry.jpg,150
Chicken Masala,ProductType,123,"Inventory,Food,Restaurant,Entree,NonVegeterian,",110,,https://drive.google.com/file/d/16eM27vE_lLNM8GKZT5a35PjfaUi0laY9/view?usp=sharing,https://d32jc9rx98ldq0.cloudfront.net/staging/inventory/compressed/restaurant-2/ChickenMasala.jpg,140
Mutton Tawa Masala (Boneless),ProductType,124,"Inventory,Food,Restaurant,Entree,NonVegeterian,",280,,https://drive.google.com/file/d/1IJlHbG5vY-Y1zU1UCPoOhS90l2m_2UR0/view?usp=sharing,https://d32jc9rx98ldq0.cloudfront.net/staging/inventory/compressed/pendingInventoryImages/MuttonTawaMasalaBoneless.jpg,
Dabba Gosht ( Boneless),ProductType,125,"Inventory,Food,Restaurant,Entree,NonVegeterian,",280,,https://drive.google.com/file/d/1vVnlch1BZR24G7KGl5R7V7_3zMEEjSKy/view?usp=sharing,https://d32jc9rx98ldq0.cloudfront.net/staging/inventory/compressed/food20220127/DabbaGoshtBoneless.jpg,
Mutton Saliboti (Boneless),ProductType,126,"Inventory,Food,Restaurant,Entree,NonVegeterian,",280,,https://drive.google.com/file/d/1PKAXpLvcgNXifdJjsTk67ABJqt-LPCD9/view?usp=sharing,https://d32jc9rx98ldq0.cloudfront.net/staging/inventory/compressed/food20220127/MuttonSalibotiBoneless.jpg,
Mutton Hyderabadi (Boneless),ProductType,127,"Inventory,Food,Restaurant,Entree,NonVegeterian,",250,,https://drive.google.com/file/d/1wLQg349mlCDsQZPuuMLhoLNoFkCUFH6x/view?usp=sharing,https://d32jc9rx98ldq0.cloudfront.net/staging/inventory/compressed/food20220127/MuttonHyderabadiBoneless.jpg,
Mutton Malvani,ProductType,128,"Inventory,Food,Restaurant,Entree,NonVegeterian,",240,,https://drive.google.com/file/d/1U6-prvcNol57Jwxj5DTbUo1HTRC6R2hR/view?usp=sharing,https://d32jc9rx98ldq0.cloudfront.net/staging/inventory/compressed/restaurant-3/MuttonMalvani.jpg,270
Mutton Handi,ProductType,129,"Inventory,Food,Restaurant,Entree,NonVegeterian,",220,,https://drive.google.com/file/d/1cDgJjzfBznwA7SQ2sVr2-m7bkYjS25MQ/view?usp=sharing,https://d32jc9rx98ldq0.cloudfront.net/staging/inventory/compressed/restaurant-2/MuttonHandi.jpg,430
Mutton Kadai,ProductType,130,"Inventory,Food,Restaurant,Entree,NonVegeterian,",220,,https://drive.google.com/file/d/1CWP_XeXaMQP6aTqm6VSYTZp0lckEjU9o/view?usp=sharing,https://d32jc9rx98ldq0.cloudfront.net/staging/inventory/compressed/food20220127/MuttonKadai.jpg,
Mutton Kolhapuri,ProductType,131,"Inventory,Food,Restaurant,Entree,NonVegeterian,",220,,https://drive.google.com/file/d/1RJcCHg8Q0w4v8uFNs-RxxWui8qSGS6eD/view?usp=sharing,https://d32jc9rx98ldq0.cloudfront.net/staging/inventory/compressed/restaurant-2/MuttonKolhapuri.jpg,250
Mutton Dopyaza,ProductType,132,"Inventory,Food,Restaurant,Entree,NonVegeterian,",160,,https://drive.google.com/file/d/1E_FTzcfN8KFqy_-9y9FgEVNdq2Jji5Om/view?usp=sharing,https://d32jc9rx98ldq0.cloudfront.net/staging/inventory/compressed/food20220127/MuttonDopyaza.jpg,
Mutton Moghlai,ProductType,133,"Inventory,Food,Restaurant,Entree,NonVegeterian,",160,,https://drive.google.com/file/d/1FsYIGOMLDGPzr503osIfOgTuyMWWarY4/view?usp=sharing,https://d32jc9rx98ldq0.cloudfront.net/staging/inventory/compressed/restaurant-3/MuttonMoghlai.jpg,
Mutton Korma,ProductType,134,"Inventory,Food,Restaurant,Entree,NonVegeterian,",160,,https://drive.google.com/file/d/1a8t0GRghotE0KEfbiZng666jZOC4FAqT/view?usp=sharing,https://d32jc9rx98ldq0.cloudfront.net/staging/inventory/compressed/restaurant-3/muttonkorma.jpg,190
Mutton Masala Fry,ProductType,135,"Inventory,Food,Restaurant,Entree,NonVegeterian,",150,,https://drive.google.com/file/d/1qi9MEoiDAvdUFW0fCWFJb6PLvYe2fXBY/view?usp=sharing,https://d32jc9rx98ldq0.cloudfront.net/staging/inventory/compressed/food20220127/MuttonMasalaFry.jpg,180
Mutton Masala,ProductType,136,"Inventory,Food,Restaurant,Entree,NonVegeterian,",140,,https://drive.google.com/file/d/1-4YOHkbknBQIIukm4yZwJM6f8unGYrqS/view?usp=sharing,https://d32jc9rx98ldq0.cloudfront.net/staging/inventory/compressed/restaurant-2/NonVegeterian/MuttonMasala.jpg,170
Mutton Kheema,ProductType,137,"Inventory,Food,Restaurant,Entree,NonVegeterian,",130,,https://drive.google.com/file/d/13wP6dYjJVx5A02KIhsyWlPLKZHKD1wdE/view?usp=sharing,https://d32jc9rx98ldq0.cloudfront.net/staging/inventory/compressed/restaurant-2/MuttonKheema.jpg,
Mutton Kheema Ghotala,ProductType,138,"Inventory,Food,Restaurant,Entree,NonVegeterian,",150,,https://drive.google.com/file/d/1V783eYnF37FRmGN248-hXfRysY77jsQ0/view?usp=sharing,https://d32jc9rx98ldq0.cloudfront.net/staging/inventory/compressed/food20220127/MuttonKheemaGhotala.jpg,
Egg Masala 2 Pcs,ProductType,139,"Inventory,Food,Restaurant,Entree,NonVegeterian,",100,,https://drive.google.com/file/d/1Uoid59YzIOLAlweCl-OC4kVoV7exTPDm/view?usp=sharing,https://d32jc9rx98ldq0.cloudfront.net/staging/inventory/compressed/pendingInventoryImages/EggMasala2Pcs.jpg,
Egg Masala Fry 2 Pcs,ProductType,140,"Inventory,Food,Restaurant,Entree,NonVegeterian,",110,,https://drive.google.com/file/d/1hpWNBKUXuyOJxCFhfiYK9wcGcoln9f0S/view?usp=sharing,https://d32jc9rx98ldq0.cloudfront.net/staging/inventory/compressed/pendingInventoryImages/EggMasalaFry2Pcs2.jpg,
Egg Curry 2 Pcs,ProductType,141,"Inventory,Food,Restaurant,Entree,NonVegeterian,",100,,https://drive.google.com/file/d/1zecZPbzlDsZN0ZOoz8egp5yYjitOn5S1/view?usp=sharing,https://d32jc9rx98ldq0.cloudfront.net/staging/inventory/compressed/pendingInventoryImages/EggCurry2Pcs2.jpg,
Rice,ProductClass,1,"Inventory,Food,Restaurant,",,,,https://d32jc9rx98ldq0.cloudfront.net/staging/inventory/compressed/restaurant-2/Rice.jpg,
Vegeterian,ProductLine,2,"Inventory,Food,Restaurant,Rice,",,,,,
NonVegeterian,ProductLine,2,"Inventory,Food,Restaurant,Rice,",,,,,
Chicken Leg Biryani 2 Pcs,ProductType,3,"Inventory,Food,Restaurant,Rice,NonVegeterian,",220,,https://drive.google.com/file/d/15QJcTv-AQCwktgG-rfsgso2Ud4-OiE3z/view?usp=sharing,https://d32jc9rx98ldq0.cloudfront.net/staging/inventory/compressed/pendingInventoryImages/ChickenLegBiryani2Pcs2.jpg,
Chicken Biryani (Boneless),ProductType,4,"Inventory,Food,Restaurant,Rice,NonVegeterian,",180,,https://drive.google.com/file/d/1o3c8frc3qBK9CY8fiwlwYEJNGssE5aUT/view?usp=sharing,https://d32jc9rx98ldq0.cloudfront.net/staging/inventory/compressed/pendingInventoryImages/ChickenBiryaniBoneless2.jpg,
Chicken Hyderabadi Biryani (Boneless),ProductType,5,"Inventory,Food,Restaurant,Rice,NonVegeterian,",180,,https://drive.google.com/file/d/1YwPSx_7WwD6mceCRknI7jZdT2jp-4c7K/view?usp=sharing,https://d32jc9rx98ldq0.cloudfront.net/staging/inventory/compressed/pendingInventoryImages/ChickenHyderabadiBiryaniBoneless2.jpg,
Chicken Tikka Biryani (Boneless),ProductType,6,"Inventory,Food,Restaurant,Rice,NonVegeterian,",180,,https://drive.google.com/file/d/1vMXoyGom8WTngeA5lS2mjIyQB1OS2D4Z/view?usp=sharing,https://d32jc9rx98ldq0.cloudfront.net/staging/inventory/compressed/pendingInventoryImages/ChickenTikkaBiryaniBoneless2.jpg,
Chicken Pulav (Boneless),ProductType,7,"Inventory,Food,Restaurant,Rice,NonVegeterian,",150,,https://drive.google.com/file/d/1yGQZxs5LEMc08n4CUxBb7gksHtzFD81r/view?usp=sharing,https://d32jc9rx98ldq0.cloudfront.net/staging/inventory/compressed/pendingInventoryImages/ChickenPulavBoneless.jpg,
Chicken Biryani,ProductType,8,"Inventory,Food,Restaurant,Rice,NonVegeterian,",130,,https://drive.google.com/file/d/1t_vJcJvBj1doCQPhohH0pwo72xfAG-wI/view?usp=sharing,https://d32jc9rx98ldq0.cloudfront.net/staging/inventory/compressed/restaurant-2/ChickenBiryani.jpg,160
Mutton Hyderabadi Biryani (Boneless),ProductType,9,"Inventory,Food,Restaurant,Rice,NonVegeterian,",250,,https://drive.google.com/file/d/1T00OR4gc1S7Q5p2G045vwEaJNOe4LiAK/view?usp=sharing,https://d32jc9rx98ldq0.cloudfront.net/staging/inventory/compressed/pendingInventoryImages/MuttonHyderabadiBiryaniBoneless2.jpg,
Mutton Biryani (Boneless),ProductType,10,"Inventory,Food,Restaurant,Rice,NonVegeterian,",255,,https://drive.google.com/file/d/1ilI59yqOIpcMhqSyFeDykwT8FT7-Zywo/view?usp=sharing,https://d32jc9rx98ldq0.cloudfront.net/staging/inventory/compressed/pendingInventoryImages/MuttonBiryaniBoneless.jpg,285
Mutton Biryani,ProductType,11,"Inventory,Food,Restaurant,Rice,NonVegeterian,",140,,https://drive.google.com/file/d/1LoNGcmv8OAlfx8Ryh7Fqaz3YxRdO0wAS/view?usp=sharing,https://d32jc9rx98ldq0.cloudfront.net/staging/inventory/compressed/restaurant-2/MuttonBiryani.jpg,170
Egg Biryani 2 Pcs,ProductType,12,"Inventory,Food,Restaurant,Rice,NonVegeterian,",100,,https://drive.google.com/file/d/1VZFmbAxLLZB_qmVa5gX3O475qg4ImDyZ/view?usp=sharing,https://d32jc9rx98ldq0.cloudfront.net/staging/inventory/compressed/food20220127/EggBiryani2Pcs.jpg,
Egg Pulav 2 Pcs,ProductType,13,"Inventory,Food,Restaurant,Rice,NonVegeterian,",100,,https://drive.google.com/file/d/1xQpa19IYFlO4PpIMYX0ulpBKVpoPmAwK/view?usp=sharing,https://d32jc9rx98ldq0.cloudfront.net/staging/inventory/compressed/food20220127/EggPulav2Pcs.jpg,
Soups,ProductClass,1,"Inventory,Food,Restaurant,",,,,https://d32jc9rx98ldq0.cloudfront.net/staging/inventory/compressed/categoryimages3/Soup.jpg,
Vegeterian,ProductLine,2,"Inventory,Food,Restaurant,Soups,",,,,,
NonVegeterian,ProductLine,2,"Inventory,Food,Restaurant,Soups,",,,,,
Chicken Ajwa Soup,ProductType,3,"Inventory,Food,Restaurant,Soups,NonVegeterian,",100,,,,130
Chicken Hot & Sour Soup,ProductType,4,"Inventory,Food,Restaurant,Soups,NonVegeterian,",90,,https://drive.google.com/file/d/1CpxPCtVQdTgZidjhxWS-oatAe6cfdDp9/view?usp=sharing,https://d32jc9rx98ldq0.cloudfront.net/staging/inventory/compressed/restaurant-2/ChickenHotSourSoup.jpg,
Chicken Manchow Soup,ProductType,5,"Inventory,Food,Restaurant,Soups,NonVegeterian,",90,,https://drive.google.com/file/d/1v5C-QmonfLhh4R3NaUtzqEiQkPKBbVcq/view?usp=sharing,https://d32jc9rx98ldq0.cloudfront.net/staging/inventory/compressed/restaurant-2/ChickenManchowSoup.jpg,120
Chicken Noodle Soup,ProductType,6,"Inventory,Food,Restaurant,Soups,NonVegeterian,",90,,https://drive.google.com/file/d/1vC6rz86kOjEj6ZgE70dsv5GqTVoGvkv2/view?usp=sharing,https://d32jc9rx98ldq0.cloudfront.net/staging/inventory/compressed/pendingInventoryImages/ChickenNoodleSoup2.jpg,
Chicken Clear Soup,ProductType,7,"Inventory,Food,Restaurant,Soups,NonVegeterian,",90,,https://drive.google.com/file/d/1LX7BNBtiMlQn6XbchCtLnaod19NW4mut/view?usp=sharing,https://d32jc9rx98ldq0.cloudfront.net/staging/inventory/compressed/restaurant-2/ChickenClearSoup.jpg,120
Starters,ProductClass,1,"Inventory,Food,Restaurant,",,,,https://d32jc9rx98ldq0.cloudfront.net/staging/inventory/compressed/categoryimages3/Starters.jpg,
Vegeterian,ProductLine,2,"Inventory,Food,Restaurant,Starters,",,,,,
NonVegeterian,ProductLine,2,"Inventory,Food,Restaurant,Starters,",,,,,
Chicken Lolipop 6 Pcs,ProductUnit,3,"Inventory,Food,Restaurant,Starters,NonVegeterian,",140,,https://drive.google.com/file/d/1Tq9wp9C-uLTfNtSkLk-rDRodB18xUMJy/view?usp=sharing,https://d32jc9rx98ldq0.cloudfront.net/staging/inventory/compressed/food20220127/ChickenLolipop6Pcs.jpg,
Chicken Salt & Pepper,ProductType,4,"Inventory,Food,Restaurant,Starters,NonVegeterian,",140,,https://drive.google.com/file/d/1UK6LxHXABkNZIsllSolLxOaWBfjU7hsV/view?usp=sharing,https://d32jc9rx98ldq0.cloudfront.net/staging/inventory/compressed/food20220127/ChickenSaltPepper.jpg,
Chcken Crispy,ProductType,5,"Inventory,Food,Restaurant,Starters,NonVegeterian,",160,,,,
Chicken Chilly,ProductType,6,"Inventory,Food,Restaurant,Starters,NonVegeterian,",140,,https://drive.google.com/file/d/1q5IG24LEbdbQCrNjAqxLnoC8v4Xs1TuE/view?usp=sharing,https://d32jc9rx98ldq0.cloudfront.net/staging/inventory/compressed/restaurant-2/ChickenChilly.jpg,
Chicken Manchurian,ProductType,7,"Inventory,Food,Restaurant,Starters,NonVegeterian,",140,,https://drive.google.com/file/d/1bda5swwEFGvjQlk_NAqTfTgkbaWFSX_V/view?usp=sharing,https://d32jc9rx98ldq0.cloudfront.net/staging/inventory/compressed/restaurant-2/ChickenManchurian.jpg,170
Chicken Garlic,ProductType,8,"Inventory,Food,Restaurant,Starters,NonVegeterian,",140,,https://drive.google.com/file/d/1DA1aGftxttdGBEkGsCZu8TWnLqvA_PnM/view?usp=sharing,https://d32jc9rx98ldq0.cloudfront.net/staging/inventory/compressed/restaurant-2/ChickenGarlic.jpg,170
Chicken Ginger,ProductType,9,"Inventory,Food,Restaurant,Starters,NonVegeterian,",140,,https://drive.google.com/file/d/1goK6KMiERd3cer-v_A8ILwni-OvMgio5/view?usp=sharing,https://d32jc9rx98ldq0.cloudfront.net/staging/inventory/compressed/restaurant-2/ChickenGinger.jpg,170
Chicken Schezwan Style,ProductType,10,"Inventory,Food,Restaurant,Starters,NonVegeterian,",150,,https://drive.google.com/file/d/11pO1lfEXDsZOLAPbttHNn_08NWae5U4P/view?usp=sharing,https://d32jc9rx98ldq0.cloudfront.net/staging/inventory/compressed/food20220127/ChickenSchezwanStyle.jpg,180
Chicken Hongkong,ProductType,11,"Inventory,Food,Restaurant,Starters,NonVegeterian,",140,,https://drive.google.com/file/d/19ScT7dwlXbPP6bJibatXgSXsiBXPMhyC/view?usp=sharing,https://d32jc9rx98ldq0.cloudfront.net/staging/inventory/compressed/restaurant-2/ChickenHongkong.jpg,
Chicken Singapore,ProductType,12,"Inventory,Food,Restaurant,Starters,NonVegeterian,",140,,https://drive.google.com/file/d/1lqz9JdOyPhGHAZ49fqdMKWmqjxd5v2TE/view?usp=sharing,https://d32jc9rx98ldq0.cloudfront.net/staging/inventory/compressed/restaurant-2/ChickenSingapore.jpg,170
Chicken 65,ProductType,13,"Inventory,Food,Restaurant,Starters,NonVegeterian,",150,,https://drive.google.com/file/d/1KiB00yMYljrQJTd8pi_-yERqqS-9omgS/view?usp=sharing,https://d32jc9rx98ldq0.cloudfront.net/staging/inventory/compressed/restaurant-2/Chicken65.jpg,180
Chicken Lolipop Schezwan Style,ProductType,14,"Inventory,Food,Restaurant,Starters,NonVegeterian,",170,,https://drive.google.com/file/d/14R-5GeSNmMfzrGeFkz9dWyR_n6WcQa3q/view?usp=sharing,https://d32jc9rx98ldq0.cloudfront.net/staging/inventory/compressed/food20220127/ChickenLolipopSchezwanStyle.jpg,
Chicken Chilly Gravy,ProductType,15,"Inventory,Food,Restaurant,Starters,NonVegeterian,",100,,https://drive.google.com/file/d/1x8Kdrvjcl_v7H7tGOSkMAePLztJJZ5AQ/view?usp=sharing,https://d32jc9rx98ldq0.cloudfront.net/staging/inventory/compressed/restaurant-2/ChickenChillyGravy.jpg,
Chicken Manchurian Gravy,ProductType,16,"Inventory,Food,Restaurant,Starters,NonVegeterian,",100,,https://drive.google.com/file/d/1VTFmS6LgP9KAcWXbSZqMMUyKpHjK65kV/view?usp=sharing,https://d32jc9rx98ldq0.cloudfront.net/staging/inventory/compressed/restaurant-2/NonVegeterian/ChickenManchurianGravy.jpg,190
Chicken Garlic Gravy,ProductType,17,"Inventory,Food,Restaurant,Starters,NonVegeterian,",100,,https://drive.google.com/file/d/1gny9rYRWtFV2tp8XrNZOANQ9qXcjVrgo/view?usp=sharing,https://d32jc9rx98ldq0.cloudfront.net/staging/inventory/compressed/food03022022/ChickenGarlicGravy.jpg,190
Chicken Ginger Gravy,ProductType,18,"Inventory,Food,Restaurant,Starters,NonVegeterian,",100,,https://drive.google.com/file/d/1Z8_f1bGehpkMCA18cZWSmyxWwIl-9I8u/view?usp=sharing,https://d32jc9rx98ldq0.cloudfront.net/staging/inventory/compressed/food20220127/ChickenGingerGravy.jpg,190
Chicken Schezwan Style Gravy,ProductType,19,"Inventory,Food,Restaurant,Starters,NonVegeterian,",170,,https://drive.google.com/file/d/1Jw-XRWTT2Bdb6vAydjNkvJE3ByW01uj-/view?usp=sharing,https://d32jc9rx98ldq0.cloudfront.net/staging/inventory/compressed/food20220127/ChickenSchezwanStyleGravy.jpg,200
Chicken Lolipop Gravy,ProductType,20,"Inventory,Food,Restaurant,Starters,NonVegeterian,",100,,https://drive.google.com/file/d/1-2_hSeEB_AlMpMLoBtSoq0NAk5EYejFR/view?usp=sharing,https://d32jc9rx98ldq0.cloudfront.net/staging/inventory/compressed/restaurant-3/ChickenLolipopGravy.jpg,
Mix Triple Rice,ProductType,3,"Inventory,Food,Restaurant,Rice,NonVegeterian,",300,,https://drive.google.com/file/d/1xin1R968YEFxhv7Br0U5HkDPzgmrj5Bm/view?usp=sharing,https://d32jc9rx98ldq0.cloudfront.net/staging/inventory/compressed/food20220127/MixTripleRice.jpg,
Prawns Manchurian Rice,ProductType,4,"Inventory,Food,Restaurant,Rice,NonVegeterian,",230,,https://drive.google.com/file/d/1f-n3DpjkR1DTqU13CNYaF_5HpT5cH7vz/view?usp=sharing,https://d32jc9rx98ldq0.cloudfront.net/staging/inventory/compressed/restaurant-2/Prawns-Manchurian-Rice.gif,
Prawns Triple Rice,ProductType,5,"Inventory,Food,Restaurant,Rice,NonVegeterian,",250,,https://drive.google.com/file/d/1Amv0frPuX11XTG0m5qVekHSsNq8W049o/view?usp=sharing,https://d32jc9rx98ldq0.cloudfront.net/staging/inventory/compressed/food03022022/PrawnsTripleRice.jpg,
Prawns Fried Rice,ProductType,6,"Inventory,Food,Restaurant,Rice,NonVegeterian,",180,,https://drive.google.com/file/d/17ralW80fRL_O5NQvRDrsBb9ECFPK07-5/view?usp=sharing,https://d32jc9rx98ldq0.cloudfront.net/staging/inventory/compressed/restaurant-2/Prawns-Fried-Rice.jpg,210
Chicken Triple Fried Rice,ProductType,7,"Inventory,Food,Restaurant,Rice,NonVegeterian,",190,,https://drive.google.com/file/d/1CYiKS8dSL4AT4AdqC3xLiKLDV_M1JKST/view?usp=sharing,https://d32jc9rx98ldq0.cloudfront.net/staging/inventory/compressed/restaurant-2/ChickenTripleFriedRice.jpg,220
Chicken Chilly Fried Rice,ProductType,8,"Inventory,Food,Restaurant,Rice,NonVegeterian,",170,,https://drive.google.com/file/d/1IuPxVllQThUPQnpKwJWSag8-6_2MDvTv/view?usp=sharing,https://d32jc9rx98ldq0.cloudfront.net/staging/inventory/compressed/food03022022/ChickenChillyFriedRice.jpg,
Chicken Manchurian Fried Rice,ProductType,9,"Inventory,Food,Restaurant,Rice,NonVegeterian,",170,,https://drive.google.com/file/d/1CZXudzFFnyaGMVPn-IAUdR4qvQbxHgJE/view?usp=sharing,https://d32jc9rx98ldq0.cloudfront.net/staging/inventory/compressed/food03022022/ChickenManchurianFriedRice.jpg,200
Chicken Garlic Fried Rice,ProductType,10,"Inventory,Food,Restaurant,Rice,NonVegeterian,",170,,https://drive.google.com/file/d/1XU23HotCqT5pcIffIcQBp6M-VLf1-EWO/view?usp=sharing,https://d32jc9rx98ldq0.cloudfront.net/staging/inventory/compressed/food03022022/ChickenGarlicFriedRice.jpg,200
Chicken Ginger Fried Rice,ProductType,11,"Inventory,Food,Restaurant,Rice,NonVegeterian,",170,,https://drive.google.com/file/d/176Bn8KECm730pjjp1xqXM0vt-SIryFfS/view?usp=sharing,https://d32jc9rx98ldq0.cloudfront.net/staging/inventory/compressed/food03022022/ChickenGingerFriedRice.jpg,200
Chicken Fried Rice,ProductType,12,"Inventory,Food,Restaurant,Rice,NonVegeterian,",120,,https://drive.google.com/file/d/1aSDZOExwwXDvxk_RoejlAzSDdSpOMH_a/view?usp=sharing,,150
Chicken Schezwan Fried Rice,ProductType,13,"Inventory,Food,Restaurant,Rice,NonVegeterian,",130,,https://drive.google.com/file/d/1a89uF1aQItgs7H5ZD2iEadP4pvAHYy1N/view?usp=sharing,,160
Chicken Combination Fried Rice,ProductType,14,"Inventory,Food,Restaurant,Rice,NonVegeterian,",120,,https://drive.google.com/file/d/1XV5g2YyWGtZigC2jM5HMI3kGkDwCQgkA/view?usp=sharing,,150
Chicken Hongkong Fried Rice,ProductType,15,"Inventory,Food,Restaurant,Rice,NonVegeterian,",130,,https://drive.google.com/file/d/124ZCKPR5bS-08-i5mYN_oIWEFvJy4kpy/view?usp=sharing,,
Chicken Singapore Fried Rice,ProductType,16,"Inventory,Food,Restaurant,Rice,NonVegeterian,",130,,https://drive.google.com/file/d/1ND77xN6o5obFnatYZixk_iqU5sfBjN5X/view?usp=sharing,https://d32jc9rx98ldq0.cloudfront.net/staging/inventory/compressed/food20220127/ChickenSingaporeFriedRice.jpg,160
Egg Fried Rice,ProductType,17,"Inventory,Food,Restaurant,Rice,NonVegeterian,",100,,https://drive.google.com/file/d/1uhyQ0c_TMyzzUugTISJHKNkvyHNobqbb/view?usp=sharing,https://d32jc9rx98ldq0.cloudfront.net/staging/inventory/compressed/restaurant-2/EggFriedRice.jpg,130
Egg Schezwan Fried Rice,ProductType,18,"Inventory,Food,Restaurant,Rice,NonVegeterian,",110,,https://drive.google.com/file/d/1AX-RRMTmR26xbZkGzyJwyKQfWjdWny7e/view?usp=sharing,https://d32jc9rx98ldq0.cloudfront.net/staging/inventory/compressed/food20220127/EggSchezwanFriedRice.jpg,140
Noodles,ProductClass,1,"Inventory,Food,Restaurant,",,,,https://d32jc9rx98ldq0.cloudfront.net/staging/inventory/compressed/restaurant-6/Noodles.jpg,
Vegeterian,ProductLine,2,"Inventory,Food,Restaurant,Noodles,",,,,,
NonVegeterian,ProductLine,2,"Inventory,Food,Restaurant,Noodles,",,,,,
Chicken Triple Noodles,ProductType,3,"Inventory,Food,Restaurant,Noodles,NonVegeterian,",220,,https://drive.google.com/file/d/1pegKMFlm1Z7lFGb97fGBRj-MnROWUHEg/view?usp=sharing,https://d32jc9rx98ldq0.cloudfront.net/staging/inventory/compressed/restaurant-2/ChickenTripleNoodles.jpg,250
Chicken Manchurian Noodles,ProductType,4,"Inventory,Food,Restaurant,Noodles,NonVegeterian,",170,,https://drive.google.com/file/d/14JAXK6fE76Dcm_I8f7yVTtycGUa6EPkH/view?usp=sharing,https://d32jc9rx98ldq0.cloudfront.net/staging/inventory/compressed/restaurant-2/ChickenManchurianNoodles.jpg,200
Veg Manchow Soup,ProductType,3,"Inventory,Food,Restaurant,Soups,Vegeterian,",100,,https://drive.google.com/file/d/1ZHfj80mG4nonkD938YcNcqpsbo76_3Bh/view?usp=sharing,https://d32jc9rx98ldq0.cloudfront.net/staging/inventory/compressed/restaurant-2/vegManchowSoup.jpg,130
Veg Hot & Sour Soup,ProductType,4,"Inventory,Food,Restaurant,Soups,Vegeterian,",100,,https://drive.google.com/file/d/1qflrDTDVAq-39jgZpWoH-2bsNNsmbSOQ/view?usp=sharing,https://d32jc9rx98ldq0.cloudfront.net/staging/inventory/compressed/restaurant-2/Vegeterian/VegHotSourSoup.jpg,
Veg Mushroom Soup,ProductType,5,"Inventory,Food,Restaurant,Soups,Vegeterian,",100,,https://drive.google.com/file/d/1O3s5RrWj7_XdPiVmxGpHODCr6HHK4LSD/view?usp=sharing,https://d32jc9rx98ldq0.cloudfront.net/staging/inventory/compressed/food03022022/VegMushroomSoup.jpg,130
Veg Noodles Soup,ProductType,6,"Inventory,Food,Restaurant,Soups,Vegeterian,",100,,https://drive.google.com/file/d/10DUMjtrNxu0hNd5Qs19eZES33kSJTp2A/view?usp=sharing,https://d32jc9rx98ldq0.cloudfront.net/staging/inventory/compressed/restaurant-2/VegNoodlesSoup.jpg,
Snacks,ProductClass,1,"Inventory,Food,Restaurant,",,,,https://d32jc9rx98ldq0.cloudfront.net/staging/inventory/compressed/img/Smiley.jpg,
Vegeterian,ProductLine,2,"Inventory,Food,Restaurant,Snacks,",,,,,
NonVegeterian,ProductLine,2,"Inventory,Food,Restaurant,Snacks,",,,,,
Veg Crispy,ProductType,3,"Inventory,Food,Restaurant,Snacks,Vegeterian,",160,,https://drive.google.com/file/d/1eRoWy7sVeONn6q-umwbzYIj5GCmDsI26/view?usp=sharing,https://d32jc9rx98ldq0.cloudfront.net/staging/inventory/compressed/restaurant-2/Vegeterian/VegCrispy.jpg,190
Veg Manchurian,ProductType,4,"Inventory,Food,Restaurant,Snacks,Vegeterian,",140,,https://drive.google.com/file/d/1JcRpKUkGtHAU_F6awJQH4SDEVFXNNJY_/view?usp=sharing,https://d32jc9rx98ldq0.cloudfront.net/staging/inventory/compressed/restaurant-2/VegManchurian.jpg,130
Veg 65,ProductType,5,"Inventory,Food,Restaurant,Snacks,Vegeterian,",140,,https://drive.google.com/file/d/1vNWQi-EBkMH-6PuGayKQApq8nSpw6IHV/view?usp=sharing,https://d32jc9rx98ldq0.cloudfront.net/staging/inventory/compressed/restaurant-2/Veg65.jpg,170
Paneer Chilly,ProductType,6,"Inventory,Food,Restaurant,Snacks,Vegeterian,",190,,https://drive.google.com/file/d/1kCqkt77Pxcbez6FkI0cGxMSwSl6KLsdx/view?usp=sharing,https://d32jc9rx98ldq0.cloudfront.net/staging/inventory/compressed/restaurant-2/PaneerChilly.jpg,
Paneer Manchurian,ProductType,7,"Inventory,Food,Restaurant,Snacks,Vegeterian,",190,,https://drive.google.com/file/d/1EqHE3hvCkPqEYjP6uu4p5S3htSY97pAP/view?usp=sharing,https://d32jc9rx98ldq0.cloudfront.net/staging/inventory/compressed/restaurant-2/Vegeterian/PaneerManchurian.jpg,220
Paneer Crispy,ProductType,8,"Inventory,Food,Restaurant,Snacks,Vegeterian,",190,,https://drive.google.com/file/d/1TJp0KX-8wfgwRILDcIYKAlOmRFxEiX8y/view?usp=sharing,https://d32jc9rx98ldq0.cloudfront.net/staging/inventory/compressed/restaurant-2/PaneerCrispy.jpg,220
Paneer 65,ProductType,9,"Inventory,Food,Restaurant,Snacks,Vegeterian,",190,,https://drive.google.com/file/d/18eQOtotfInWqsh70Rc6NLKcegEIaW-3Y/view?usp=sharing,https://d32jc9rx98ldq0.cloudfront.net/staging/inventory/compressed/restaurant-2/Paneer65.jpg,220
Mushroom Manchurian,ProductType,10,"Inventory,Food,Restaurant,Snacks,Vegeterian,",140,,https://drive.google.com/file/d/1h9mq-N1nat_cG5ELIeoeIHppq06tVhlv/view?usp=sharing,https://d32jc9rx98ldq0.cloudfront.net/staging/inventory/compressed/restaurant-2/MushroomManchurian.jpg,190
Mushroom Gobi Manchurian,ProductType,11,"Inventory,Food,Restaurant,Snacks,Vegeterian,",150,,https://drive.google.com/file/d/1UFx1tPojEq8Jm1aa6jdpQVbMCtLvvDM8/view?usp=sharing,https://d32jc9rx98ldq0.cloudfront.net/staging/inventory/compressed/food03022022/MushroomGobiManchurian.jpg,
Gobi Manchurian,ProductType,12,"Inventory,Food,Restaurant,Snacks,Vegeterian,",140,,https://drive.google.com/file/d/1mgG8Dsqth64ofBMGNjgKK3jCOuEAatZF/view?usp=sharing,https://d32jc9rx98ldq0.cloudfront.net/staging/inventory/compressed/restaurant-2/GobiManchurian.jpg,170
Veg Tripple Fried Rice,ProductType,3,"Inventory,Food,Restaurant,Rice,Vegeterian,",170,,https://drive.google.com/file/d/1oUO8oj60b2rmuIaRbhN1Hbkfu2_UJrzy/view?usp=sharing,https://d32jc9rx98ldq0.cloudfront.net/staging/inventory/compressed/food20220127/VegTrippleFriedRice.jpg,
Veg Manchurian Fried Rice,ProductType,4,"Inventory,Food,Restaurant,Rice,Vegeterian,",150,,https://drive.google.com/file/d/1Bvdns9uIbNx5TD2N2UUDjwgiQoqpeEWv/view?usp=sharing,https://d32jc9rx98ldq0.cloudfront.net/staging/inventory/compressed/restaurant-2/VegManchurianFriedRice.jpg,180
Veg Fried Rice,ProductType,5,"Inventory,Food,Restaurant,Rice,Vegeterian,",110,,https://drive.google.com/file/d/1bz2y7h_zxW5FIwkPU1ouPFuPXrxVdyrI/view?usp=sharing,https://d32jc9rx98ldq0.cloudfront.net/staging/inventory/compressed/restaurant-2/Veg-Fried-Rice.jpg,140
Veg Schezwan Fried Rice,ProductType,6,"Inventory,Food,Restaurant,Rice,Vegeterian,",120,,https://drive.google.com/file/d/1i4sLAmwV7ByQqxTBDx1VFC3PWNxqB3a5/view?usp=sharing,https://d32jc9rx98ldq0.cloudfront.net/staging/inventory/compressed/restaurant-2/VegSchezwanFriedRice.jpg,160
Veg Combination Fried Rice,ProductType,7,"Inventory,Food,Restaurant,Rice,Vegeterian,",110,,https://drive.google.com/file/d/1sCCBDsZomD-wT1e1dIOYetVMoGj8VAYL/view?usp=sharing,https://d32jc9rx98ldq0.cloudfront.net/staging/inventory/compressed/food03022022/VegCombinationFriedRice.jpg,140
Veg Hongkong Fried Rice,ProductType,8,"Inventory,Food,Restaurant,Rice,Vegeterian,",120,,https://drive.google.com/file/d/18UL6uowbAO1iONX0aZQ8QMwt5S57NY68/view?usp=sharing,https://d32jc9rx98ldq0.cloudfront.net/staging/inventory/compressed/food20220217/VegHongKongFriedRice.jpg,
Veg Singapore Fried Rice,ProductType,9,"Inventory,Food,Restaurant,Rice,Vegeterian,",120,,https://drive.google.com/file/d/1Y3rt4WJkRqwHeZjufomwHYqKXuRu-y2L/view?usp=sharing,https://d32jc9rx98ldq0.cloudfront.net/staging/inventory/compressed/food03022022/VegSingaporeFriedRice.jpg,150
Veg Mushroom Fried Rice,ProductType,10,"Inventory,Food,Restaurant,Rice,Vegeterian,",120,,https://drive.google.com/file/d/1AbgX9qICmNI7C_bJWA9T7gDd6i-1DOH9/view?usp=sharing,https://d32jc9rx98ldq0.cloudfront.net/staging/inventory/compressed/restaurant-4/vegmushroomfriedrice.jpg,150
Veg Schezwan Fried Rice,ProductType,11,"Inventory,Food,Restaurant,Rice,Vegeterian,",130,,https://drive.google.com/file/d/1i4sLAmwV7ByQqxTBDx1VFC3PWNxqB3a5/view?usp=sharing,https://d32jc9rx98ldq0.cloudfront.net/staging/inventory/compressed/restaurant-2/VegSchezwanFriedRice.jpg,160
Dal Khichdi With Tadka,ProductType,12,"Inventory,Food,Restaurant,Rice,Vegeterian,",150,,https://drive.google.com/file/d/1Rasf2K16nGvuNpDheBKgsGbO4K9h2fji/view?usp=sharing,https://d32jc9rx98ldq0.cloudfront.net/staging/inventory/compressed/food03022022/DalKhichdiWithTadka.jpg,180
Dal Khichadi,ProductType,13,"Inventory,Food,Restaurant,Rice,Vegeterian,",130,,https://drive.google.com/file/d/1PNbeQCH3ZksaobonHyiCzwCFlavz9pBZ/view?usp=sharing,https://d32jc9rx98ldq0.cloudfront.net/staging/inventory/compressed/restaurant-2/DalKhichadi.jpg,
Palak Rice,ProductType,14,"Inventory,Food,Restaurant,Rice,Vegeterian,",130,,https://drive.google.com/file/d/1zQvumViki3CM4UvmQUNuubSYcsycuH5T/view?usp=sharing,https://d32jc9rx98ldq0.cloudfront.net/staging/inventory/compressed/food20220127/PalakRice.jpg,160
Curd Rice,ProductType,15,"Inventory,Food,Restaurant,Rice,Vegeterian,",130,,https://drive.google.com/file/d/1vBvzMDzVFIOmHhoFGfSV2bWWfqhHbujJ/view?usp=sharing,https://d32jc9rx98ldq0.cloudfront.net/staging/inventory/compressed/restaurant-2/Vegeterian/CurdRice.jpg,160
Jeera Rice,ProductType,16,"Inventory,Food,Restaurant,Rice,Vegeterian,",100,,https://drive.google.com/file/d/1-GF04qtXF6mVP48_0ek2Qj07ZNbdnEES/view?usp=sharing,https://d32jc9rx98ldq0.cloudfront.net/staging/inventory/compressed/restaurant-2/JeeraRice.jpg,130
Biryani Rice,ProductType,17,"Inventory,Food,Restaurant,Rice,Vegeterian,",100,,https://drive.google.com/file/d/1x_Baek050XrlO1fl9SodZeyO9yAzQWyD/view?usp=sharing,https://d32jc9rx98ldq0.cloudfront.net/staging/inventory/compressed/restaurant-2/BiryaniRice.jpg,130
Steamed Rice,ProductType,18,"Inventory,Food,Restaurant,Rice,Vegeterian,",70,,https://drive.google.com/file/d/1b1DZ5fWsFeNWCYp4VRmHwh-KSaa4ZSW4/view?usp=sharing,https://d32jc9rx98ldq0.cloudfront.net/staging/inventory/compressed/restaurant-2/Steamed-Rice.jpg,100
Veg Biryani,ProductType,19,"Inventory,Food,Restaurant,Rice,Vegeterian,",120,,https://drive.google.com/file/d/1jR3STBQoAfkKOHnvdjdNXjOE5ZqtJexz/view?usp=sharing,https://d32jc9rx98ldq0.cloudfront.net/staging/inventory/compressed/restaurant-2/Veg-Biryani.jpg,150
Veg Hyderabadi Biryani,ProductType,20,"Inventory,Food,Restaurant,Rice,Vegeterian,",140,,https://drive.google.com/file/d/1a_3ftDYaE7Vn6Yv32UexQGDN7Zrgbcdq/view?usp=sharing,https://d32jc9rx98ldq0.cloudfront.net/staging/inventory/compressed/restaurant-2/VegHyderabadiBiryani.jpg,170
Veg Pulao,ProductType,21,"Inventory,Food,Restaurant,Rice,Vegeterian,",120,,https://drive.google.com/file/d/1Q9y5vfasmuYAjDTQOc6uFluyeWQ-5t2O/view?usp=sharing,https://d32jc9rx98ldq0.cloudfront.net/staging/inventory/compressed/restaurant-2/VegPulao.jpg,150
Paneer Biryani,ProductType,22,"Inventory,Food,Restaurant,Rice,Vegeterian,",170,,https://drive.google.com/file/d/1GJ0GQtWNHrDfVgW8xKFItYLqYTmbzJLe/view?usp=sharing,https://d32jc9rx98ldq0.cloudfront.net/staging/inventory/compressed/restaurant-4/PaneerBiryani.jpg,200
Paneer Pulao,ProductType,23,"Inventory,Food,Restaurant,Rice,Vegeterian,",170,,https://drive.google.com/file/d/1BMu_LvVdCx-vcZYzgrHSj26qNmwKp4oM/view?usp=sharing,https://d32jc9rx98ldq0.cloudfront.net/staging/inventory/compressed/restaurant-2/PaneerPulao.jpg,200
Green Peas Pulao,ProductType,24,"Inventory,Food,Restaurant,Rice,Vegeterian,",120,,https://drive.google.com/file/d/1C6nIrUUEfNLemnqWcoismwHUgjpMg3XL/view?usp=sharing,https://d32jc9rx98ldq0.cloudfront.net/staging/inventory/compressed/restaurant-2/GreenPeasPulao.jpg,150
Cheese Biryani,ProductType,25,"Inventory,Food,Restaurant,Rice,Vegeterian,",180,,https://drive.google.com/file/d/1rSZVj2UGriAoCvcsGnzPxBV1icpUM0yp/view?usp=sharing,https://d32jc9rx98ldq0.cloudfront.net/staging/inventory/compressed/food20220127/CheeseBiryani.jpg,210
Paneer Tikka Biryani,ProductType,26,"Inventory,Food,Restaurant,Rice,Vegeterian,",200,,https://drive.google.com/file/d/1pJa5xKxvodEXUD-bgSIexuSRC3OlejXY/view?usp=sharing,https://d32jc9rx98ldq0.cloudfront.net/staging/inventory/compressed/restaurant-2/PaneerTikkaBiryani.jpg,230
Veg Tripple Noodles,ProductType,3,"Inventory,Food,Restaurant,Noodles,Vegeterian,",180,,https://drive.google.com/file/d/1cXU3XUSu2UhWJ5fKdoWcr-ixpcny89fr/view?usp=sharing,https://d32jc9rx98ldq0.cloudfront.net/staging/inventory/compressed/restaurant-5/VegTrippleNoodles.jpg,
Veg Manchurian Noodles,ProductType,4,"Inventory,Food,Restaurant,Noodles,Vegeterian,",150,,https://drive.google.com/file/d/18nb4TV0DNqOCfS3RhzF1UoGG4z7bhQri/view?usp=sharing,https://d32jc9rx98ldq0.cloudfront.net/staging/inventory/compressed/restaurant-2/VegManchurianNoodles.jpg,180
Veg Hakka Noodles,ProductType,5,"Inventory,Food,Restaurant,Noodles,Vegeterian,",110,,https://drive.google.com/file/d/1Q90LHM1ZJtlXVlbMoWnysu0n9Ip0TJG0/view?usp=sharing,https://d32jc9rx98ldq0.cloudfront.net/staging/inventory/compressed/restaurant-2/Veg-Hakka-Noodles.jpg,140
Veg Schezwan Noodles,ProductType,6,"Inventory,Food,Restaurant,Noodles,Vegeterian,",120,,https://drive.google.com/file/d/110qPjMnVJgCASzjlU24PKREL29s_4OW1/view?usp=sharing,https://d32jc9rx98ldq0.cloudfront.net/staging/inventory/compressed/restaurant-2/VegSchezwanNoodles.jpg,150
Veg Hongkong Noodles,ProductType,7,"Inventory,Food,Restaurant,Noodles,Vegeterian,",120,,https://drive.google.com/file/d/178Eehi56D9hj6T2f1F3pUCLdoUq99Gyx/view?usp=sharing,https://d32jc9rx98ldq0.cloudfront.net/staging/inventory/compressed/restaurant-2/VegHongkongNoodles.jpg,
Veg Singapore Noodles,ProductType,8,"Inventory,Food,Restaurant,Noodles,Vegeterian,",120,,https://drive.google.com/file/d/1kWyr6lN2Isu7lMEpqqNIa4nW3CH2JgD3/view?usp=sharing,https://d32jc9rx98ldq0.cloudfront.net/staging/inventory/compressed/restaurant-2/Veg-Singapore-Noodles.jpg,150
Veg Mushroom Noodles,ProductType,9,"Inventory,Food,Restaurant,Noodles,Vegeterian,",130,,https://drive.google.com/file/d/1T3u_9Jv4aYpkePMrcSwJa2xcY0FtnS9d/view?usp=sharing,https://d32jc9rx98ldq0.cloudfront.net/staging/inventory/compressed/food20220127/VegMushroomNoodles.jpg,160
Veg Mushroom Schezwan Noodles,ProductType,10,"Inventory,Food,Restaurant,Noodles,Vegeterian,",140,,https://drive.google.com/file/d/1ziWrcaa2MCkaDlFlP2niublkZ2Pu50vq/view?usp=sharing,https://d32jc9rx98ldq0.cloudfront.net/staging/inventory/compressed/food20220127/VegMushroomSchezwanNoodles.jpg,170
Dal Fry,ProductType,3,"Inventory,Food,Restaurant,Entree,Vegeterian,",100,,https://drive.google.com/file/d/1K8tvnEHHFvnC05dq2Qx-p-dJ1RZDhOaK/view?usp=sharing,https://d32jc9rx98ldq0.cloudfront.net/staging/inventory/compressed/restaurant-2/Vegeterian/DalFry.jpg,130
Dal Tadka,ProductType,4,"Inventory,Food,Restaurant,Entree,Vegeterian,",120,,https://drive.google.com/file/d/14RUwq8nVglapT24psGzGu5oLTx-UOZB7/view?usp=sharing,https://d32jc9rx98ldq0.cloudfront.net/staging/inventory/compressed/restaurant-2/Vegeterian/DalTadka.jpg,150
Dal Kolhapuri,ProductType,5,"Inventory,Food,Restaurant,Entree,Vegeterian,",120,,https://drive.google.com/file/d/1xrOq7mnzkFDeljYtoKkbDC4HMKFbZsJH/view?usp=sharing,https://d32jc9rx98ldq0.cloudfront.net/staging/inventory/compressed/restaurant-2/DalKolhapuri.jpg,160
Dal Palak,ProductType,6,"Inventory,Food,Restaurant,Entree,Vegeterian,",130,,https://drive.google.com/file/d/1g_Mioux3e6z1OOkqVDYIDisygH6as6td/view?usp=sharing,https://d32jc9rx98ldq0.cloudfront.net/staging/inventory/compressed/restaurant-2/dalpalak.jpg,
Aloo Matar,ProductType,7,"Inventory,Food,Restaurant,Entree,Vegeterian,",100,,https://drive.google.com/file/d/1RPW48BzzhnUcWMeSLM0JLisb-P-VDNi9/view?usp=sharing,https://d32jc9rx98ldq0.cloudfront.net/staging/inventory/compressed/restaurant-2/AlooMatar.jpg,130
Dum Aloo,ProductType,8,"Inventory,Food,Restaurant,Entree,Vegeterian,",120,,https://drive.google.com/file/d/1V-hGDvpgOZi7F5evfIoNc_wuykHbEJDR/view?usp=sharing,https://d32jc9rx98ldq0.cloudfront.net/staging/inventory/compressed/restaurant-2/DumAloo.jpg,150
Aloo Gobi,ProductType,9,"Inventory,Food,Restaurant,Entree,Vegeterian,",120,,https://drive.google.com/file/d/1Uuw5SMoYhoRvHYS3NhDOTKkhMNUrcQyW/view?usp=sharing,https://d32jc9rx98ldq0.cloudfront.net/staging/inventory/compressed/restaurant-2/Vegeterian/AlooGobi.jpg,150
Aloo Jeera,ProductType,10,"Inventory,Food,Restaurant,Entree,Vegeterian,",110,,https://drive.google.com/file/d/1THYyiuCKuYuJ9nypldTM9ak7Xm86NTfr/view?usp=sharing,https://d32jc9rx98ldq0.cloudfront.net/staging/inventory/compressed/restaurant-2/Vegeterian/AlooJeera.jpg,140
Aloo Palak,ProductType,11,"Inventory,Food,Restaurant,Entree,Vegeterian,",110,,https://drive.google.com/file/d/1QCdqn4vqczWuJfL6Hdl1PbYizCzuTvk_/view?usp=sharing,https://d32jc9rx98ldq0.cloudfront.net/staging/inventory/compressed/restaurant-2/Vegeterian/AlooPalak.jpg,140
Chana Masala,ProductType,12,"Inventory,Food,Restaurant,Entree,Vegeterian,",110,,https://drive.google.com/file/d/1nZdItXvChE8U5tIvcRPEw-xj1k3IGUsu/view?usp=sharing,https://d32jc9rx98ldq0.cloudfront.net/staging/inventory/compressed/restaurant-2/Vegeterian/ChanaMasala.jpg,140
Chana Moghlai,ProductType,13,"Inventory,Food,Restaurant,Entree,Vegeterian,",110,,https://drive.google.com/file/d/1Hir1-lLQvCFw1NALaSRq_WIq34Wf8qbt/view?usp=sharing,https://d32jc9rx98ldq0.cloudfront.net/staging/inventory/compressed/food20220127/ChanaMoghlai.jpg,
Gobi Masala,ProductType,14,"Inventory,Food,Restaurant,Entree,Vegeterian,",120,,https://drive.google.com/file/d/1COWKM46hafRmzQy4uTTfPIXcAvZaZF7a/view?usp=sharing,https://d32jc9rx98ldq0.cloudfront.net/staging/inventory/compressed/restaurant-2/GobiMasala.jpg,150
Paneer Matar,ProductType,15,"Inventory,Food,Restaurant,Entree,Vegeterian,",120,,https://drive.google.com/file/d/1xtwc07SgtCQwFufvOIMV_4LWTnQ6TibD/view?usp=sharing,https://d32jc9rx98ldq0.cloudfront.net/staging/inventory/compressed/food03022022/PaneerMatar.jpg,150
Paneer Palak,ProductType,16,"Inventory,Food,Restaurant,Entree,Vegeterian,",130,,https://drive.google.com/file/d/1P1n-85_iUwroGyq6OtVU04Y9q19iKe7T/view?usp=sharing,https://d32jc9rx98ldq0.cloudfront.net/staging/inventory/compressed/restaurant-2/PaneerPalak.jpg,160
Paneer Makhanwala,ProductType,17,"Inventory,Food,Restaurant,Entree,Vegeterian,",150,,https://drive.google.com/file/d/1r7_prfnhHQIeiHyzivAgNopjDo5cVYRF/view?usp=sharing,https://d32jc9rx98ldq0.cloudfront.net/staging/inventory/compressed/restaurant-2/PaneerMakhanwala.jpg,180
Paneer Bhurji,ProductType,18,"Inventory,Food,Restaurant,Entree,Vegeterian,",200,,https://drive.google.com/file/d/1LZZA3_svXkXtLnQWAZxfqenp_2-30QI-/view?usp=sharing,https://d32jc9rx98ldq0.cloudfront.net/staging/inventory/compressed/restaurant-2/Vegeterian/PaneerBhurji.jpg,
Paneer Kolhapuri,ProductType,19,"Inventory,Food,Restaurant,Entree,Vegeterian,",200,,https://drive.google.com/file/d/1-J-2JnzyS-Oe3Ngjai14xQnDzBM_v3Da/view?usp=sharing,https://d32jc9rx98ldq0.cloudfront.net/staging/inventory/compressed/restaurant-2/PaneerKolhapuri.jpg,230
Paneer Kadai,ProductType,20,"Inventory,Food,Restaurant,Entree,Vegeterian,",190,,https://drive.google.com/file/d/1XGINKnRA5noOl2-dVsUXFUaDbO_Zft62/view?usp=sharing,https://d32jc9rx98ldq0.cloudfront.net/staging/inventory/compressed/restaurant-2/Vegeterian/PaneerKadai.jpg,
Paneer Handi,ProductType,21,"Inventory,Food,Restaurant,Entree,Vegeterian,",190,,https://drive.google.com/file/d/16FIXd77bHP3EkwponZbxdiXpg0NC_-Vi/view?usp=sharing,https://d32jc9rx98ldq0.cloudfront.net/staging/inventory/compressed/restaurant-2/Vegeterian/PaneerHandi.jpg,220
Paneer Masala,ProductType,22,"Inventory,Food,Restaurant,Entree,Vegeterian,",140,,https://drive.google.com/file/d/1qYwzOkLWokms8zuBp2TCUDb8DJfV9w2S/view?usp=sharing,https://d32jc9rx98ldq0.cloudfront.net/staging/inventory/compressed/restaurant-2/PaneerMasala.jpg,170
Paneer Korma,ProductType,23,"Inventory,Food,Restaurant,Entree,Vegeterian,",140,,https://drive.google.com/file/d/1sSGBvjid3WBgEltnKD5QHVuAtbIhdS0u/view?usp=sharing,https://d32jc9rx98ldq0.cloudfront.net/staging/inventory/compressed/food122021/PaneerKorma.jpg,170
Paneer Butter Masala,ProductType,24,"Inventory,Food,Restaurant,Entree,Vegeterian,",140,,https://drive.google.com/file/d/1hxW4pcTbsHP6Ql9I_VfGsXwGKF6m006R/view?usp=sharing,https://d32jc9rx98ldq0.cloudfront.net/staging/inventory/compressed/restaurant-2/PaneerButterMasala.jpg,170
Paneer Chatpata,ProductType,25,"Inventory,Food,Restaurant,Entree,Vegeterian,",200,,https://drive.google.com/file/d/1f2BnH3LopWJiMTOcBVQClA84nrL8YHif/view?usp=sharing,https://d32jc9rx98ldq0.cloudfront.net/staging/inventory/compressed/restaurant-2/PaneerChatpata.jpg,230
Paneer Hydrabadi,ProductType,26,"Inventory,Food,Restaurant,Entree,Vegeterian,",200,,https://drive.google.com/file/d/1ROp9rgb4jW8PsNU9DUmJBpVpDLwsGUZG/view?usp=sharing,https://d32jc9rx98ldq0.cloudfront.net/staging/inventory/compressed/pendingInventoryImages/PaneerHydrabadi.jpg,
Paneer Tikka Masala,ProductType,27,"Inventory,Food,Restaurant,Entree,Vegeterian,",200,,https://drive.google.com/file/d/1BmyxNFwPwf7zpalxZOSRuGMcKOWv1EoQ/view?usp=sharing,https://d32jc9rx98ldq0.cloudfront.net/staging/inventory/compressed/restaurant-2/PaneerTikkaMasala.jpg,230
Malai Kofta,ProductType,28,"Inventory,Food,Restaurant,Entree,Vegeterian,",150,,https://drive.google.com/file/d/1VLPs06se6YOpnFqheEoxjS2W43ntezp8/view?usp=sharing,https://d32jc9rx98ldq0.cloudfront.net/staging/inventory/compressed/restaurant-2/MalaiKofta.jpg,180
Veg Kofta,ProductType,29,"Inventory,Food,Restaurant,Entree,Vegeterian,",150,,https://drive.google.com/file/d/1Mvg_zicUKWbqy17-QkdNaNjk6pwcqvxT/view?usp=sharing,https://d32jc9rx98ldq0.cloudfront.net/staging/inventory/compressed/restaurant-2/Veg-Kofta.jpg,180
Veg Lajwab,ProductType,30,"Inventory,Food,Restaurant,Entree,Vegeterian,",170,,https://drive.google.com/file/d/1iGeyVLIRu4xDuP4xKAseXbV7hUQlhmFS/view?usp=sharing,https://d32jc9rx98ldq0.cloudfront.net/staging/inventory/compressed/food20220127/VegLajwab.jpg,
Veg Hydrabadi,ProductType,31,"Inventory,Food,Restaurant,Entree,Vegeterian,",150,,https://drive.google.com/file/d/1BpyahNgAV1FLIwvgAf7ggdp8K4E0Cb1x/view?usp=sharing,https://d32jc9rx98ldq0.cloudfront.net/staging/inventory/compressed/restaurant-2/VegHydrabadi.jpg,
Veg Ratnagiri,ProductType,32,"Inventory,Food,Restaurant,Entree,Vegeterian,",150,,https://drive.google.com/file/d/14CsZCQTliejBGEp_8055WCGX1OVg872R/view?usp=sharing,https://d32jc9rx98ldq0.cloudfront.net/staging/inventory/compressed/food03022022/VegRatnagiri.jpg,180
Veg Jaipuri,ProductType,33,"Inventory,Food,Restaurant,Entree,Vegeterian,",150,,https://drive.google.com/file/d/1W2iuySP3g-maGyGMgKdcXvF1XT3J1awp/view?usp=sharing,https://d32jc9rx98ldq0.cloudfront.net/staging/inventory/compressed/restaurant-2/VegJaipuri.jpg,180
Veg Handi,ProductType,34,"Inventory,Food,Restaurant,Entree,Vegeterian,",140,,https://drive.google.com/file/d/1OMBGMs1tQ-dGKZ241ojy_oozXgbRceTn/view?usp=sharing,https://d32jc9rx98ldq0.cloudfront.net/staging/inventory/compressed/restaurant-2/Veg-Handi.jpg,170
Veg Kadai,ProductType,35,"Inventory,Food,Restaurant,Entree,Vegeterian,",140,,https://drive.google.com/file/d/1Qw5Oe1JTdDI6JvQhuyRuCTqULE1Jk_i8/view?usp=sharing,https://d32jc9rx98ldq0.cloudfront.net/staging/inventory/compressed/restaurant-2/Veg-Kadai.jpg,
Veg Kheema,ProductType,36,"Inventory,Food,Restaurant,Entree,Vegeterian,",130,,https://drive.google.com/file/d/1l4yz3BWJwHYuL2bVvDtV6Ic6lLhcM83Y/view?usp=sharing,https://d32jc9rx98ldq0.cloudfront.net/staging/inventory/compressed/restaurant-2/Veg-Kheema.jpg,
Veg Korma,ProductType,37,"Inventory,Food,Restaurant,Entree,Vegeterian,",120,,https://drive.google.com/file/d/1N-H6if-xq2SuKI84uKbX9XBaXsApHDst/view?usp=sharing,https://d32jc9rx98ldq0.cloudfront.net/staging/inventory/compressed/food03022022/VegKorma.jpg,150
Mushroom Masala,ProductType,38,"Inventory,Food,Restaurant,Entree,Vegeterian,",140,,https://drive.google.com/file/d/1lxiJ7KE2cIt_oraf27eM76_VxZCeFywA/view?usp=sharing,https://d32jc9rx98ldq0.cloudfront.net/staging/inventory/compressed/restaurant-2/Vegeterian/MushroomMasala.jpg,170
Veg Moghlai,ProductType,39,"Inventory,Food,Restaurant,Entree,Vegeterian,",140,,https://drive.google.com/file/d/11chPQBZ8EGqXe6eIysaiRyqEZW2jqY7T/view?usp=sharing,https://d32jc9rx98ldq0.cloudfront.net/staging/inventory/compressed/food03022022/VegMoghlai.jpg,
Veg Kolhapuri,ProductType,40,"Inventory,Food,Restaurant,Entree,Vegeterian,",130,,https://drive.google.com/file/d/1m1uzUXSxt9B7c1QZzLM8f5Xkfl5SnP3e/view?usp=sharing,https://d32jc9rx98ldq0.cloudfront.net/staging/inventory/compressed/restaurant-2/VegKolhapuri.jpg,150
Veg Mumtaz,ProductType,41,"Inventory,Food,Restaurant,Entree,Vegeterian,",170,,https://drive.google.com/file/d/1wuFHjETRXkrFSCifTsBUTTrp3YnVx6gv/view?usp=sharing,https://d32jc9rx98ldq0.cloudfront.net/staging/inventory/compressed/food20220127/VegMumtaz.jpg,200
Veg Makhanwala,ProductType,42,"Inventory,Food,Restaurant,Entree,Vegeterian,",140,,https://drive.google.com/file/d/18Eda-3mOCYFIWKcZiKfr_2unQaCzLgWr/view?usp=sharing,https://d32jc9rx98ldq0.cloudfront.net/staging/inventory/compressed/restaurant-2/VegMakhanwala.jpg,170
Bhendi Masala,ProductType,43,"Inventory,Food,Restaurant,Entree,Vegeterian,",140,,https://drive.google.com/file/d/19fqIuFOUUhUgkG8ydZ2ZF_cSaIi2c7DT/view?usp=sharing,https://d32jc9rx98ldq0.cloudfront.net/staging/inventory/compressed/restaurant-2/Vegeterian/BhendiMasala.jpg,
Mix Veg,ProductType,44,"Inventory,Food,Restaurant,Entree,Vegeterian,",130,,https://drive.google.com/file/d/1ck00uoIiKEXjtfN1K8Zx7xfA2Dsc5VeU/view?usp=sharing,https://d32jc9rx98ldq0.cloudfront.net/staging/inventory/compressed/restaurant-2/Vegeterian/MixVeg.jpg,160
Green Peas Masala,ProductType,45,"Inventory,Food,Restaurant,Entree,Vegeterian,",130,,https://drive.google.com/file/d/1lFZ3npwGGcVr8CkPFRJngdVNnR0WOGZL/view?usp=sharing,https://d32jc9rx98ldq0.cloudfront.net/staging/inventory/compressed/restaurant-2/GreenPeasMasala.jpg,160
Veg Manchurian Gravy,ProductType,46,"Inventory,Food,Restaurant,Entree,Vegeterian,",160,,https://drive.google.com/file/d/1wPkxuJ9K-9j-NR_MKQVMCchKSpYneBfK/view?usp=sharing,https://d32jc9rx98ldq0.cloudfront.net/staging/inventory/compressed/restaurant-2/VegManchurianGravy.jpg,190
Paneer Chilli Gravy,ProductType,47,"Inventory,Food,Restaurant,Entree,Vegeterian,",200,,https://drive.google.com/file/d/1meSVNe3NqxYOfhTYNfjMMZdiUfLuKCFi/view?usp=sharing,https://d32jc9rx98ldq0.cloudfront.net/staging/inventory/compressed/restaurant-2/PaneerChilliGravy.jpg,230
Paneer Manchurian Gravy,ProductType,48,"Inventory,Food,Restaurant,Entree,Vegeterian,",200,,https://drive.google.com/file/d/14ImMjpL4w5p2-7CfJl02Y_t1kfqmzLLV/view?usp=sharing,https://d32jc9rx98ldq0.cloudfront.net/staging/inventory/compressed/restaurant-2/PaneerManchurianGravy.jpg,230
Mushroom Manchurian Gravy,ProductType,49,"Inventory,Food,Restaurant,Entree,Vegeterian,",160,,https://drive.google.com/file/d/1ybtBRUpAmJdFjaB3qnu9jaSjWmF9WYza/view?usp=sharing,https://d32jc9rx98ldq0.cloudfront.net/staging/inventory/compressed/food03022022/MushroomManchurianGravy.jpg,190
Gobi Manchurian Gravy,ProductType,50,"Inventory,Food,Restaurant,Entree,Vegeterian,",160,,https://drive.google.com/file/d/1Am8POofzICX26rEN-htgKVE-0pEFZEH1/view?usp=sharing,https://d32jc9rx98ldq0.cloudfront.net/staging/inventory/compressed/restaurant-2/GobimanchurianGravy.jpg,190
Roti and Naan,ProductClass,1,"Inventory,Food,Restaurant,",,,,https://d32jc9rx98ldq0.cloudfront.net/staging/inventory/compressed/restaurant-2/Roti.jpg,
Vegeterian,ProductLine,2,"Inventory,Food,Restaurant,Roti and Naan,",,,,,
NonVegeterian,ProductLine,2,"Inventory,Food,Restaurant,Roti and Naan,",,,,,
Roti,ProductType,3,"Inventory,Food,Restaurant,Roti and Naan,Vegeterian,",15,,https://drive.google.com/file/d/1x6gZ4Q7wVOFVo1bP4pT594jcrC0bHQhc/view?usp=sharing,https://d32jc9rx98ldq0.cloudfront.net/staging/inventory/compressed/restaurant-2/Roti.jpg,15
Butter Roti,ProductType,4,"Inventory,Food,Restaurant,Roti and Naan,Vegeterian,",20,,https://drive.google.com/file/d/1PNULLWY7VuyeG2a34qt5BEKw-7DMFTNG/view?usp=sharing,https://d32jc9rx98ldq0.cloudfront.net/staging/inventory/compressed/restaurant-2/Vegeterian/ButterRoti.jpg,20
Tandoori Paratha,ProductType,5,"Inventory,Food,Restaurant,Roti and Naan,Vegeterian,",25,,https://drive.google.com/file/d/1hlZt0hcVfWHIWPxyK3gM9Go3SnBNb5jr/view?usp=sharing,https://d32jc9rx98ldq0.cloudfront.net/staging/inventory/compressed/restaurant-2/TandooriParatha.jpg,25
Tandoori Butter Paratha,ProductType,6,"Inventory,Food,Restaurant,Roti and Naan,Vegeterian,",30,,https://drive.google.com/file/d/1OEVF1koUMzzpGGjn_UcskKThmhVoYYgn/view?usp=sharing,https://d32jc9rx98ldq0.cloudfront.net/staging/inventory/compressed/food20220127/TandooriButterParatha.jpg,30
Butter Naan,ProductType,7,"Inventory,Food,Restaurant,Roti and Naan,Vegeterian,",30,,https://drive.google.com/file/d/1MtQMs3CTx3V8aidYwZMPC4fkYQr9cYrr/view?usp=sharing,https://d32jc9rx98ldq0.cloudfront.net/staging/inventory/compressed/restaurant-2/ButterNaan.jpg,30
Plain Naan,ProductType,8,"Inventory,Food,Restaurant,Roti and Naan,Vegeterian,",25,,https://drive.google.com/file/d/1cOVChB-wFJ-btAeUzmzYbpaOTBXnAyBg/view?usp=sharing,https://d32jc9rx98ldq0.cloudfront.net/staging/inventory/compressed/restaurant-2/PlainNaan.jpg,25
Garlic Naan,ProductType,9,"Inventory,Food,Restaurant,Roti and Naan,Vegeterian,",30,,https://drive.google.com/file/d/1ZrjzImNdtXyFGwa8e1Mzd7oH4glw7hFg/view?usp=sharing,https://d32jc9rx98ldq0.cloudfront.net/staging/inventory/compressed/restaurant-2/Vegeterian/GarlicNaan.jpg,30
Garlic Butter Naan,ProductType,10,"Inventory,Food,Restaurant,Roti and Naan,Vegeterian,",35,,https://drive.google.com/file/d/1JdKdV8E2rDktml6-S8J2oqZKZlvQzeq-/view?usp=sharing,https://d32jc9rx98ldq0.cloudfront.net/staging/inventory/compressed/restaurant-4/GarlicButterNaan.jpg,35
Kulcha,ProductType,11,"Inventory,Food,Restaurant,Roti and Naan,Vegeterian,",20,,https://drive.google.com/file/d/1UiYj7XmI0co1RiWilUv__5eUoEp2_YB_/view?usp=sharing,https://d32jc9rx98ldq0.cloudfront.net/staging/inventory/compressed/restaurant-2/Vegeterian/Kulcha.jpg,20
Butter Kulcha,ProductType,12,"Inventory,Food,Restaurant,Roti and Naan,Vegeterian,",25,,https://drive.google.com/file/d/11DOuIe86RXOgEGTqVwSJtZUPheewt2Ih/view?usp=sharing,https://d32jc9rx98ldq0.cloudfront.net/staging/inventory/compressed/restaurant-2/Vegeterian/ButterKulcha.jpg,25
Roast,ProductClass,1,"Inventory,Food,Restaurant,",,,,https://d32jc9rx98ldq0.cloudfront.net/staging/inventory/compressed/imgs-2/ChillyCheeseroast.jpg,
Vegeterian,ProductLine,2,"Inventory,Food,Restaurant,Roast,",,,,,
NonVegeterian,ProductLine,2,"Inventory,Food,Restaurant,Roast,",,,,,
Roasted Papad,ProductType,3,"Inventory,Food,Restaurant,Roast,Vegeterian,",20,,https://drive.google.com/file/d/1of1vgMY8AXJeDPdUGKu4-2fJb9nwbbQ4/view?usp=sharing,https://d32jc9rx98ldq0.cloudfront.net/staging/inventory/compressed/restaurant-2/RoastedPapad.jpg,50
Fried Papad,ProductType,4,"Inventory,Food,Restaurant,Roast,Vegeterian,",25,,https://drive.google.com/file/d/1_cipNx32xuCqWgNbl-QrhQvLC9UDOwAP/view?usp=sharing,https://d32jc9rx98ldq0.cloudfront.net/staging/inventory/compressed/restaurant-2/FriedPapad.jpg,55
Masala Papad,ProductType,5,"Inventory,Food,Restaurant,Roast,Vegeterian,",40,,https://drive.google.com/file/d/1ypAnHqCtC52zDbEKyPOq7b5i9Uwj2c_r/view?usp=sharing,https://d32jc9rx98ldq0.cloudfront.net/staging/inventory/compressed/restaurant-2/Vegeterian/MasalaPapad.jpg,70
Salad,ProductClass,1,"Inventory,Food,Restaurant,",,,,https://d32jc9rx98ldq0.cloudfront.net/staging/inventory/compressed/restaurant-2/Salad.jpg,
Vegeterian,ProductLine,2,"Inventory,Food,Restaurant,Salad,",,,,,
NonVegeterian,ProductLine,2,"Inventory,Food,Restaurant,Salad,",,,,,
Green salad,ProductType,3,"Inventory,Food,Restaurant,Salad,Vegeterian,",60,,https://drive.google.com/file/d/13f6xLUaMAgsL5WTIgZ5CBWFIUQK4FgBO/view?usp=sharing,https://d32jc9rx98ldq0.cloudfront.net/staging/inventory/compressed/restaurant-2/GreenSalad.jpg,90
Beverages,ProductClass,1,"Inventory,Food,Restaurant,",,,,https://d32jc9rx98ldq0.cloudfront.net/staging/inventory/compressed/categoryimages3/Beverages.jpg,
Vegeterian,ProductLine,2,"Inventory,Food,Restaurant,Beverages,",,,,https://d32jc9rx98ldq0.cloudfront.net/staging/inventory/compressed/restaurant-2/Salad.jpg,
Sweet Lassi,ProductType,3,"Inventory,Food,Restaurant,Beverages,Vegeterian,",30,,https://drive.google.com/file/d/1JUZ2Orfl0bTLnH_N3nLYLAtL4BK6gClO/view?usp=sharing,https://d32jc9rx98ldq0.cloudfront.net/staging/inventory/compressed/restaurant-2/Sweetlassi.jpg,60
Buttermilk,ProductType,4,"Inventory,Food,Restaurant,Beverages,Vegeterian,",25,,https://drive.google.com/file/d/1P1fynL6gqfA8Y2CRpxFjprZzJ_Xlrosw/view?usp=sharing,https://d32jc9rx98ldq0.cloudfront.net/staging/inventory/compressed/restaurant-2/ButterMilk.jpg,
Curd,ProductType,5,"Inventory,Food,Restaurant,Beverages,Vegeterian,",35,,https://drive.google.com/file/d/1jta8UcY-fJSNQwDEEO_7R0nIa39XLy7q/view?usp=sharing,https://d32jc9rx98ldq0.cloudfront.net/staging/inventory/compressed/restaurant-2/Curd.jpg,65
Raita,ProductClass,1,"Inventory,Food,Restaurant,",,,,https://d32jc9rx98ldq0.cloudfront.net/staging/inventory/compressed/categoryimages3/Raita.jpg,
Vegeterian,ProductLine,2,"Inventory,Food,Restaurant,Raita,",,,,,
NonVegeterian,ProductLine,2,"Inventory,Food,Restaurant,Raita,",,,,,
Veg Raita,ProductType,3,"Inventory,Food,Restaurant,Raita,Vegeterian,",40,,https://drive.google.com/file/d/1BIK1VPgHYHoDIysqxLhCPx0TpizwNHj_/view?usp=sharing,https://d32jc9rx98ldq0.cloudfront.net/staging/inventory/compressed/restaurant-2/VegRaita.jpg,70
Boondi Raita,ProductType,4,"Inventory,Food,Restaurant,Raita,Vegeterian,",50,,https://drive.google.com/file/d/1uvirhGw1JyKYBjBSrnj9dmwJgElQjxrS/view?usp=sharing,https://d32jc9rx98ldq0.cloudfront.net/staging/inventory/compressed/restaurant-2/BoondiRaita.jpeg,80
