label,nodeType,order,path,price,description,link,imageLink,Swiggy,Zomato
Noodles,ProductClass,1,"Inventory,Food,Restaurant,",,,,https://d32jc9rx98ldq0.cloudfront.net/staging/inventory/compressed/restaurant-6/Noodles.jpg,,
NonVegeterian,ProductLine,2,"Inventory,Food,Restaurant,Noodles,",,,,https://d32jc9rx98ldq0.cloudfront.net/staging/inventory/compressed/categoryimages3/NonVegetarian.jpg,,
Vegeterian,ProductLine,3,"Inventory,Food,Restaurant,Noodles,",,,,,,
Egg Hakka Noodles,ProductType,4,"Inventory,Food,Restaurant,Noodles,NonVegeterian,",120,,https://drive.google.com/file/d/1TTklzZgFo5U19WVVxJS1ja9TsV7Jo7wc/view?usp=sharing,https://d32jc9rx98ldq0.cloudfront.net/staging/inventory/compressed/food20220127/EggHakkaNoodles.jpg,,
Egg Hakka Noodles Full,ProductUnit,5,"Inventory,Food,Restaurant,Noodles,NonVegeterian,Egg Hakka Noodles,",120,,https://drive.google.com/file/d/1DYGFZVb1P1WwPqBhTj9nEDSxm1S7JZzG/view?usp=sharing,https://d32jc9rx98ldq0.cloudfront.net/staging/inventory/compressed/food20220127/EggHakkaNoodlesFull.jpg,,
Egg Hakka Noodles Half,ProductUnit,6,"Inventory,Food,Restaurant,Noodles,NonVegeterian,Egg Hakka Noodles,",80,,https://drive.google.com/file/d/1wn9QLgc20MKPXC_Vi6c1niudpIVdA0ve/view?usp=sharing,https://d32jc9rx98ldq0.cloudfront.net/staging/inventory/compressed/food20220127/EggHakkaNoodlesHalf.jpg,,
Chicken Hakka Noodles,ProductType,7,"Inventory,Food,Restaurant,Noodles,NonVegeterian,",120,,https://drive.google.com/file/d/1RwZJOzUVrWP7EdvqdSkdx9XcWqhO77Xr/view?usp=sharing,https://d32jc9rx98ldq0.cloudfront.net/staging/inventory/compressed/restaurant-2/ChickenHakkaNoodles.jpg,,
Chicken Hakka Noodles Full,ProductUnit,8,"Inventory,Food,Restaurant,Noodles,NonVegeterian,Chicken Hakka Noodles,",120,,https://drive.google.com/file/d/1RwZJOzUVrWP7EdvqdSkdx9XcWqhO77Xr/view?usp=sharing,https://d32jc9rx98ldq0.cloudfront.net/staging/inventory/compressed/restaurant-2/ChickenHakkaNoodles.jpg,,
Chicken Hakka Noodles Half,ProductUnit,9,"Inventory,Food,Restaurant,Noodles,NonVegeterian,Chicken Hakka Noodles,",80,,https://drive.google.com/file/d/1n8-bnetaOzBplJB6jNe-MWOQM8_HlBJq/view?usp=sharing,https://d32jc9rx98ldq0.cloudfront.net/staging/inventory/compressed/restaurant-2/ChickenHakkaNoodlesHalf.jpg,,
Chicken Schezwan Noodles,ProductType,10,"Inventory,Food,Restaurant,Noodles,NonVegeterian,",160,,https://drive.google.com/file/d/1usXndyIWtN7LDw77MfqQXnUk4yVEPBdv/view?usp=sharing,https://d32jc9rx98ldq0.cloudfront.net/staging/inventory/compressed/restaurant-2/ChickenSchezwanNoodles.jpg,,
Chicken Schezwan Noodles Full,ProductUnit,11,"Inventory,Food,Restaurant,Noodles,NonVegeterian,Chicken Schezwan Noodles,",160,,https://drive.google.com/file/d/1vSTsfhvVFoONulYDOLtyawCkczRSUpTc/view?usp=sharing,https://d32jc9rx98ldq0.cloudfront.net/staging/inventory/compressed/restaurant-2/ChickenSchezwanNoodlesFull.jpg,,
Chicken Schezwan Noodles Half,ProductUnit,12,"Inventory,Food,Restaurant,Noodles,NonVegeterian,Chicken Schezwan Noodles,",110,,https://drive.google.com/file/d/1wYPRo8m3M1kDuUrGpXsCiSv62Dj7ZmBK/view?usp=sharing,https://d32jc9rx98ldq0.cloudfront.net/staging/inventory/compressed/restaurant-2/ChickenSchezwanNoodlesHalf.jpg,,
Chicken Triple Noodles,ProductType,13,"Inventory,Food,Restaurant,Noodles,NonVegeterian,",200,,https://drive.google.com/file/d/1pegKMFlm1Z7lFGb97fGBRj-MnROWUHEg/view?usp=sharing,https://d32jc9rx98ldq0.cloudfront.net/staging/inventory/compressed/restaurant-2/ChickenTripleNoodles.jpg,,
Chicken Triple Noodles Full,ProductUnit,14,"Inventory,Food,Restaurant,Noodles,NonVegeterian,Chicken Triple Noodles,",200,,https://drive.google.com/file/d/15ihFnynx7fGMU44OvEhpQG2yWYAHXHhf/view?usp=sharing,https://d32jc9rx98ldq0.cloudfront.net/staging/inventory/compressed/pendingInventoryImages/ChickenTripleNoodlesFull.jpg,,
Chicken Triple Noodles Half,ProductUnit,15,"Inventory,Food,Restaurant,Noodles,NonVegeterian,Chicken Triple Noodles,",130,,https://drive.google.com/file/d/160yCqspjO8AG8dnpM9qDbujOVLX1tDFb/view?usp=sharing,https://d32jc9rx98ldq0.cloudfront.net/staging/inventory/compressed/food20220127/ChickenTripleNoodlesHalf.jpg,170,
Chicken Manchurian Noodles,ProductType,16,"Inventory,Food,Restaurant,Noodles,NonVegeterian,",200,,https://drive.google.com/file/d/14JAXK6fE76Dcm_I8f7yVTtycGUa6EPkH/view?usp=sharing,https://d32jc9rx98ldq0.cloudfront.net/staging/inventory/compressed/restaurant-2/ChickenManchurianNoodles.jpg,,
Chicken Manchurian Noodles Full,ProductUnit,17,"Inventory,Food,Restaurant,Noodles,NonVegeterian,Chicken Manchurian Noodles,",200,,https://drive.google.com/file/d/1NK7sO7KlPo6AG77Qs3--8134saW7m3OU/view?usp=sharing,https://d32jc9rx98ldq0.cloudfront.net/staging/inventory/compressed/pendingInventoryImages/ChickenManchurianNoodlesFull2.jpg,,
Chicken Manchurian Noodles Half,ProductUnit,18,"Inventory,Food,Restaurant,Noodles,NonVegeterian,Chicken Manchurian Noodles,",130,,https://drive.google.com/file/d/1K4-84WT83hvaLEpgIysAXwdkohPvHiLH/view?usp=sharing,https://d32jc9rx98ldq0.cloudfront.net/staging/inventory/compressed/pendingInventoryImages/ChickenManchurianNoodlesHalf.jpg,,
Chicken Hong Kong Noodles,ProductType,19,"Inventory,Food,Restaurant,Noodles,NonVegeterian,",175,,https://drive.google.com/file/d/1KN1l6EK2RLJk9GNUBLopbYY5H5IF8_Or/view?usp=sharing,https://d32jc9rx98ldq0.cloudfront.net/staging/inventory/compressed/restaurant-2/ChickenHongkongNoodles.jpg,,
Chicken Singapore Noodles,ProductType,20,"Inventory,Food,Restaurant,Noodles,NonVegeterian,",175,,https://drive.google.com/file/d/1jEKT8mx8vwSHL_dXX9sMFL5t-Gl7ntrO/view?usp=sharing,https://d32jc9rx98ldq0.cloudfront.net/staging/inventory/compressed/restaurant-2/ChickenSingaporeNoodles.jpg,,
Chicken Classic Noodles,ProductType,21,"Inventory,Food,Restaurant,Noodles,NonVegeterian,",270,,https://drive.google.com/file/d/1ZDpmjniLh-V9usLVEp4q-nzDoPdIvT4X/view?usp=sharing,https://d32jc9rx98ldq0.cloudfront.net/staging/inventory/compressed/pendingInventoryImages/ChickenClassicNoodles.jpg,,
Chicken Sherpa Noodles,ProductType,22,"Inventory,Food,Restaurant,Noodles,NonVegeterian,",250,,https://drive.google.com/file/d/1_40kNU6ZPExsjMxnVrrwuHrcwXh1JyTC/view?usp=sharing,https://d32jc9rx98ldq0.cloudfront.net/staging/inventory/compressed/food20220127/ChickenSherpaNoodles.jpg,,
Chicken Chopper Noodles,ProductType,23,"Inventory,Food,Restaurant,Noodles,NonVegeterian,",270,,https://drive.google.com/file/d/1rMJ_OByMPjpdb1PBZKZxJgekFmjPZPuQ/view?usp=sharing,https://d32jc9rx98ldq0.cloudfront.net/staging/inventory/compressed/pendingInventoryImages/ChickenChopperNoodles2.jpg,350,
Chicken Chow Mein Noodles,ProductType,24,"Inventory,Food,Restaurant,Noodles,NonVegeterian,",175,,https://drive.google.com/file/d/1xL1fY1AN5Iss-SjddW2BAhstbIvIwyMd/view?usp=sharing,https://d32jc9rx98ldq0.cloudfront.net/staging/inventory/compressed/restaurant-2/ChickenChowmeinNoodles.jpg,,
Chicken Town Spl Noodles,ProductType,25,"Inventory,Food,Restaurant,Noodles,NonVegeterian,",280,,https://drive.google.com/file/d/1pFCeoqTzEDlpxIqQ0Lc6Z8w5mlMCbB0y/view?usp=sharing,https://d32jc9rx98ldq0.cloudfront.net/staging/inventory/compressed/pendingInventoryImages/ChickenTownSplNoodles.jpg,,
Chicken Garlic Noodles,ProductType,26,"Inventory,Food,Restaurant,Noodles,NonVegeterian,",320,,https://drive.google.com/file/d/1AzBwkCmaCmNyXpitu1P4s4SCdF5dgpy6/view?usp=sharing,https://d32jc9rx98ldq0.cloudfront.net/staging/inventory/compressed/pendingInventoryImages/ChickenGarlicNoodles.jpg,,
Chicken Chilly Noodles,ProductType,27,"Inventory,Food,Restaurant,Noodles,NonVegeterian,",310,,https://drive.google.com/file/d/1Wl6Z_KVK2X_i_mzEempJqgIY38GD_g1G/view?usp=sharing,https://d32jc9rx98ldq0.cloudfront.net/staging/inventory/compressed/restaurant-2/ChickenChillyNoodles.jpg,,
Entree,ProductClass,1,"Inventory,Food,Restaurant,",,,,https://d32jc9rx98ldq0.cloudfront.net/staging/inventory/compressed/restaurant7/Entree.jpg,,
NonVegeterian,ProductLine,2,"Inventory,Food,Restaurant,Entree,",,,,,,
Vegeterian,ProductLine,3,"Inventory,Food,Restaurant,Entree,",,,,,,
Chicken Handi (1 Kg),ProductType,4,"Inventory,Food,Restaurant,Entree,NonVegeterian,",1000,,https://drive.google.com/file/d/1apAek7bDttMDPboFWpI-DyqBEE_q3-7J/view?usp=sharing,https://d32jc9rx98ldq0.cloudfront.net/staging/inventory/compressed/restaurant-2/ChickenHandi.jpg,,
Chicken Korma (1 Kg),ProductType,5,"Inventory,Food,Restaurant,Entree,NonVegeterian,",1000,,https://drive.google.com/file/d/1s6eha_A1IKecQlXSPYDw9GStno4aFW9o/view?usp=sharing,https://d32jc9rx98ldq0.cloudfront.net/staging/inventory/compressed/food20220127/ChickenKorma1Kg.jpg,,
Rice,ProductClass,1,"Inventory,Food,Restaurant,",,,,https://d32jc9rx98ldq0.cloudfront.net/staging/inventory/compressed/restaurant-2/Rice.jpg,,
NonVegeterian,ProductLine,2,"Inventory,Food,Restaurant,Rice,",,,,,,
Vegeterian,ProductLine,3,"Inventory,Food,Restaurant,Rice,",,,,,,
Chicken Biryani (1 Kg),ProductType,4,"Inventory,Food,Restaurant,Rice,NonVegeterian,",900,,https://drive.google.com/file/d/1EHN1TUIEfB2THn_QMhyH8snEoovA9Gbo/view?usp=sharing,https://d32jc9rx98ldq0.cloudfront.net/staging/inventory/compressed/restaurant-2/ChickenBiryani1kg.jpg,,
Chicken Kheema ( 1 Kg),ProductType,5,"Inventory,Food,Restaurant,Rice,NonVegeterian,",800,,https://drive.google.com/file/d/1bhGq4i9so50eN2MGpS6YVxrY8iuhq2X_/view?usp=sharing,https://d32jc9rx98ldq0.cloudfront.net/staging/inventory/compressed/food20220212/ChickenKheema.jpg,,
Chicken Fried Rice (1 Kg),ProductType,6,"Inventory,Food,Restaurant,Rice,NonVegeterian,",800,,https://drive.google.com/file/d/1uYIc4wBUM8pTpDgryON0tJDEso6J696W/view?usp=sharing,https://d32jc9rx98ldq0.cloudfront.net/staging/inventory/compressed/restaurant-2/ChickenFriedRice.jpg,,
Starters,ProductClass,1,"Inventory,Food,Restaurant,",,,,https://d32jc9rx98ldq0.cloudfront.net/staging/inventory/compressed/categoryimages3/Starters.jpg,,
Vegeterian,ProductLine,2,"Inventory,Food,Restaurant,Starters,",,,,https://d32jc9rx98ldq0.cloudfront.net/staging/inventory/compressed/restaurant-2/Salad.jpg,,
NonVegeterian,ProductLine,3,"Inventory,Food,Restaurant,Starters,",,,,,,
Veg Crispy,ProductType,4,"Inventory,Food,Restaurant,Starters,Vegeterian,",200,,https://drive.google.com/file/d/1eRoWy7sVeONn6q-umwbzYIj5GCmDsI26/view?usp=sharing,https://d32jc9rx98ldq0.cloudfront.net/staging/inventory/compressed/restaurant-2/Vegeterian/VegCrispy.jpg,260,
Veg Schezwan (Paneer),ProductType,5,"Inventory,Food,Restaurant,Starters,Vegeterian,",210,,https://drive.google.com/file/d/16cNR9M3nUd13gapafonV8XLAqhCVZ_BT/view?usp=sharing,https://d32jc9rx98ldq0.cloudfront.net/staging/inventory/compressed/food20220127/VegSchezwanPaneer.jpg,275,
Veg Singapore (Paneer),ProductType,6,"Inventory,Food,Restaurant,Starters,Vegeterian,",210,,https://drive.google.com/file/d/1tJY0tbV0dN2ocMlsDuSCzGV1WM446_6c/view?usp=sharing,https://d32jc9rx98ldq0.cloudfront.net/staging/inventory/compressed/pendingInventoryImages/VegSingaporePaneer.jpg,275,
Veg Hong Kong,ProductType,7,"Inventory,Food,Restaurant,Starters,Vegeterian,",210,,https://drive.google.com/file/d/1BGW6b-Sab8ZZYUeC1R2ELMQSMcBQ1_a5/view?usp=sharing,https://d32jc9rx98ldq0.cloudfront.net/staging/inventory/compressed/restaurant-2/VegHongKong.jpg,,
Veg Chilly (Dry Gravy),ProductType,8,"Inventory,Food,Restaurant,Starters,Vegeterian,",210,,https://drive.google.com/file/d/1gJRatxmL0GoLmLZ9YCN6lKbQ2trV7lEv/view?usp=sharing,https://d32jc9rx98ldq0.cloudfront.net/staging/inventory/compressed/food03022022/VegChillyDryGravy.jpg,,
Veg Aloo Crispy,ProductType,9,"Inventory,Food,Restaurant,Starters,Vegeterian,",200,,https://drive.google.com/file/d/1P9U0q1FDsYHLoRoLBsUaGUCzpcSBIrdX/view?usp=sharing,https://d32jc9rx98ldq0.cloudfront.net/staging/inventory/compressed/pendingInventoryImages/VegAlooCrispy2.jpg,260,
Veg Manchurian (Dry Gravy),ProductType,10,"Inventory,Food,Restaurant,Starters,Vegeterian,",200,,https://drive.google.com/file/d/1PI71zWybr4ZtT-GcRMIL49ESKSOwGIIg/view?usp=sharing,https://d32jc9rx98ldq0.cloudfront.net/staging/inventory/compressed/food03022022/VegManchurianDryGravy.jpg,,
Veg Sweet & Sour,ProductType,11,"Inventory,Food,Restaurant,Starters,Vegeterian,",210,,https://drive.google.com/file/d/1dB4TPYAdq8sTlaiIdvI_VUs7omctxdim/view?usp=sharing,https://d32jc9rx98ldq0.cloudfront.net/staging/inventory/compressed/food20220127/VegSweetSour.jpg,,
Veg Chinese Bhel,ProductType,12,"Inventory,Food,Restaurant,Starters,Vegeterian,",130,,https://drive.google.com/file/d/1H40eCv0dyvzdoNhuCGZmGbhP3HRPcvhb/view?usp=sharing,https://d32jc9rx98ldq0.cloudfront.net/staging/inventory/compressed/food03022022/VegChineseBhel.jpg,160,
Veg Paneer Chilly,ProductType,13,"Inventory,Food,Restaurant,Starters,Vegeterian,",200,,https://drive.google.com/file/d/1VKZoH8NT94BkFoLOp7UFPCezxunWO4WD/view?usp=sharing,https://d32jc9rx98ldq0.cloudfront.net/staging/inventory/compressed/food20220127/VegPaneerChillycopy.jpg,260,
Veg Paneer Manchurian,ProductType,14,"Inventory,Food,Restaurant,Starters,Vegeterian,",200,,https://drive.google.com/file/d/13Hglw24hOA27QEDppM55njyGOOQu22G3/view?usp=sharing,https://d32jc9rx98ldq0.cloudfront.net/staging/inventory/compressed/food03022022/VegPaneerManchurian.jpg,260,
Veg Paneer Crispy,ProductType,15,"Inventory,Food,Restaurant,Starters,Vegeterian,",210,,https://drive.google.com/file/d/1Ezv0WOzmGYyY0dgnjCw4RSAaDUx5YOI8/view?usp=sharing,https://d32jc9rx98ldq0.cloudfront.net/staging/inventory/compressed/food03022022/VegPaneerCrispy.jpg,265,
Veg Hot Garlic,ProductType,16,"Inventory,Food,Restaurant,Starters,Vegeterian,",210,,https://drive.google.com/file/d/1uKplK9luJdgdoPf5aCY4yCWW4pO1euC5/view?usp=sharing,https://d32jc9rx98ldq0.cloudfront.net/staging/inventory/compressed/food20220127/VegHotGarlic.jpg,265,
Soups,ProductClass,1,"Inventory,Food,Restaurant,",,,,https://d32jc9rx98ldq0.cloudfront.net/staging/inventory/compressed/categoryimages3/Soup.jpg,,
Vegeterian,ProductLine,2,"Inventory,Food,Restaurant,Soups,",,,,,,
NonVegeterian,ProductLine,3,"Inventory,Food,Restaurant,Soups,",,,,,,
Veg Manchow Soup,ProductType,4,"Inventory,Food,Restaurant,Soups,Vegeterian,",110,,https://drive.google.com/file/d/1ZHfj80mG4nonkD938YcNcqpsbo76_3Bh/view?usp=sharing,https://d32jc9rx98ldq0.cloudfront.net/staging/inventory/compressed/restaurant-2/vegManchowSoup.jpg,145,
Veg Tomato Soup,ProductType,5,"Inventory,Food,Restaurant,Soups,Vegeterian,",110,,https://drive.google.com/file/d/1OMCmGdgaj2eS-iD6OHBwW94GHucTuO4Z/view?usp=sharing,https://d32jc9rx98ldq0.cloudfront.net/staging/inventory/compressed/food03022022/VegTomatoSoup.jpg,145,
Veg Sweet Corn Soup,ProductType,6,"Inventory,Food,Restaurant,Soups,Vegeterian,",110,,https://drive.google.com/file/d/1DhM9DUO6aGaH98qUCjU6GjG9Q4SeSyg2/view?usp=sharing,https://d32jc9rx98ldq0.cloudfront.net/staging/inventory/compressed/restaurant-2/VegSweetCornSoup.jpg,145,
Veg Mushroom Soup,ProductType,7,"Inventory,Food,Restaurant,Soups,Vegeterian,",110,,https://drive.google.com/file/d/1O3s5RrWj7_XdPiVmxGpHODCr6HHK4LSD/view?usp=sharing,https://d32jc9rx98ldq0.cloudfront.net/staging/inventory/compressed/food03022022/VegMushroomSoup.jpg,145,
Veg Hot & Sour Soup,ProductType,8,"Inventory,Food,Restaurant,Soups,Vegeterian,",110,,https://drive.google.com/file/d/1qflrDTDVAq-39jgZpWoH-2bsNNsmbSOQ/view?usp=sharing,https://d32jc9rx98ldq0.cloudfront.net/staging/inventory/compressed/restaurant-2/Vegeterian/VegHotSourSoup.jpg,,
Veg Spl Soup,ProductType,9,"Inventory,Food,Restaurant,Soups,Vegeterian,",160,,https://drive.google.com/file/d/1iXTA5qm1VKsS_1hox9KBQlvExCV5Ar6l/view?usp=sharing,https://d32jc9rx98ldq0.cloudfront.net/staging/inventory/compressed/pendingInventoryImages/VegSplSoup2.jpg,210,
Veg Royal Soup,ProductType,10,"Inventory,Food,Restaurant,Soups,Vegeterian,",110,,https://drive.google.com/file/d/1qcpEY0vP34AGVjG3Piij0FvDY7cESczI/view?usp=sharing,https://d32jc9rx98ldq0.cloudfront.net/staging/inventory/compressed/food03022022/VegRoyalSoup.jpg,145,
Jeera Rice,ProductType,4,"Inventory,Food,Restaurant,Rice,Vegeterian,",90,,https://drive.google.com/file/d/1-GF04qtXF6mVP48_0ek2Qj07ZNbdnEES/view?usp=sharing,https://d32jc9rx98ldq0.cloudfront.net/staging/inventory/compressed/restaurant-2/JeeraRice.jpg,120,
Steam Rice,ProductType,5,"Inventory,Food,Restaurant,Rice,Vegeterian,",80,,https://drive.google.com/file/d/1JwfmCVcMa9KTZbWP9pCn79TsIEWL0c1s/view?usp=sharing,https://d32jc9rx98ldq0.cloudfront.net/staging/inventory/compressed/restaurant-2/SteamRice.jpg,110,
Biryani Rice,ProductType,6,"Inventory,Food,Restaurant,Rice,Vegeterian,",100,,https://drive.google.com/file/d/1x_Baek050XrlO1fl9SodZeyO9yAzQWyD/view?usp=sharing,https://d32jc9rx98ldq0.cloudfront.net/staging/inventory/compressed/restaurant-2/BiryaniRice.jpg,130,
Veg Fried Rice,ProductType,7,"Inventory,Food,Restaurant,Rice,Vegeterian,",120,,https://drive.google.com/file/d/1bz2y7h_zxW5FIwkPU1ouPFuPXrxVdyrI/view?usp=sharing,https://d32jc9rx98ldq0.cloudfront.net/staging/inventory/compressed/restaurant-2/Veg-Fried-Rice.jpg,,
Veg Schezwan Rice,ProductType,8,"Inventory,Food,Restaurant,Rice,Vegeterian,",160,,https://drive.google.com/file/d/1-I-WSFeFbKd9hlnc9-xzXQYn5XKPgbKD/view?usp=sharing,https://d32jc9rx98ldq0.cloudfront.net/staging/inventory/compressed/restaurant-2/VegSchezwanRice.jpg,,
Veg Combination Rice,ProductType,9,"Inventory,Food,Restaurant,Rice,Vegeterian,",160,,https://drive.google.com/file/d/1QlMViC3sf86mP5B1a0GXMqxyMe24BrRO/view?usp=sharing,https://d32jc9rx98ldq0.cloudfront.net/staging/inventory/compressed/restaurant-2/VegCombinationRice.jpg,,
Veg Hong Kong,ProductType,10,"Inventory,Food,Restaurant,Rice,Vegeterian,",175,,https://drive.google.com/file/d/1BGW6b-Sab8ZZYUeC1R2ELMQSMcBQ1_a5/view?usp=sharing,https://d32jc9rx98ldq0.cloudfront.net/staging/inventory/compressed/restaurant-2/VegHongKong.jpg,,
Veg Singapore Rice,ProductType,11,"Inventory,Food,Restaurant,Rice,Vegeterian,",175,,https://drive.google.com/file/d/1h1rfg0xvlE0AE9_kpzW1zCh0kyckxKmG/view?usp=sharing,https://d32jc9rx98ldq0.cloudfront.net/staging/inventory/compressed/restaurant-2/VegSingaporeRice.jpg,,
Veg Manchurian Rice,ProductType,12,"Inventory,Food,Restaurant,Rice,Vegeterian,",200,,https://drive.google.com/file/d/1jNrUl4zWkDBHdSQ9fMRkuIqsymylvahc/view?usp=sharing,https://d32jc9rx98ldq0.cloudfront.net/staging/inventory/compressed/restaurant-2/VegManchurianRice.jpg,,
Veg Triple Rice,ProductType,13,"Inventory,Food,Restaurant,Rice,Vegeterian,",200,,https://drive.google.com/file/d/1S84EA_U3l0u3TB0aIWPlx5c7vcMEU8LT/view?usp=sharing,https://d32jc9rx98ldq0.cloudfront.net/staging/inventory/compressed/imgs-2/VegTripleRice.jpg,170,
Veg Classic Rice,ProductType,14,"Inventory,Food,Restaurant,Rice,Vegeterian,",270,,https://drive.google.com/file/d/1QNeaGeHNUDERTtGDlUW-YlF06t0adDz1/view?usp=sharing,https://d32jc9rx98ldq0.cloudfront.net/staging/inventory/compressed/food20220127/VegClassicRice.jpg,,
Veg Sherpa Rice,ProductType,15,"Inventory,Food,Restaurant,Rice,Vegeterian,",250,,https://drive.google.com/file/d/1k2kTXDXcNq7JDx5ZZti5PBka8YqlNQoR/view?usp=sharing,https://d32jc9rx98ldq0.cloudfront.net/staging/inventory/compressed/food20220127/VegSherpaRice.jpg,325,
Veg Chopper Rice,ProductType,16,"Inventory,Food,Restaurant,Rice,Vegeterian,",270,,https://drive.google.com/file/d/160sfn17gMcH8jnzS66Sq1Aczsnj3v66a/view?usp=sharing,https://d32jc9rx98ldq0.cloudfront.net/staging/inventory/compressed/foodAugust2022/VegChopperRice.jpg,350,
Veg Chilly Rice,ProductType,17,"Inventory,Food,Restaurant,Rice,Vegeterian,",310,,https://drive.google.com/file/d/1dT4v_gq3W5WVkVW4wYSJFrBQqtoJKNea/view?usp=sharing,https://d32jc9rx98ldq0.cloudfront.net/staging/inventory/compressed/food20220127/VegChillyRice.jpg,405,
Veg China Town Spl Rice,ProductType,18,"Inventory,Food,Restaurant,Rice,Vegeterian,",280,,,https://d32jc9rx98ldq0.cloudfront.net/staging/inventory/compressed/pendingInventoryImages/VegChinaTownSplRice.jpg,365,
Veg Paneer Rice,ProductType,19,"Inventory,Food,Restaurant,Rice,Vegeterian,",180,,https://drive.google.com/file/d/1z74C-tKSQvAthGtoqXkksqP4NmImbHGf/view?usp=sharing,https://d32jc9rx98ldq0.cloudfront.net/staging/inventory/compressed/food03022022/VegPaneerRice.jpg,235,
Veg Mughlai Rice,ProductType,20,"Inventory,Food,Restaurant,Rice,Vegeterian,",300,,https://drive.google.com/file/d/1ROFfyif6XUEbrHsOCJ70ExC87-hf1QMG/view?usp=sharing,https://d32jc9rx98ldq0.cloudfront.net/staging/inventory/compressed/food20220224/VegMughlaiRice.jpg,390,
China Town Family veg Spl Rice,ProductType,21,"Inventory,Food,Restaurant,Rice,Vegeterian,",600,,,,780,
Veg Cut Rice,ProductType,22,"Inventory,Food,Restaurant,Rice,Vegeterian,",250,,,,325,
Paneer Pulav,ProductType,23,"Inventory,Food,Restaurant,Rice,Vegeterian,",180,,https://drive.google.com/file/d/177oVJEjOHWvKtQ8TAV3cU-UbI53mhWE/view?usp=sharing,https://d32jc9rx98ldq0.cloudfront.net/staging/inventory/compressed/restaurant-2/PaneerPulav.jpg,,
Paneer Tikka Biryani,ProductType,24,"Inventory,Food,Restaurant,Rice,Vegeterian,",200,,https://drive.google.com/file/d/1pJa5xKxvodEXUD-bgSIexuSRC3OlejXY/view?usp=sharing,https://d32jc9rx98ldq0.cloudfront.net/staging/inventory/compressed/restaurant-2/PaneerTikkaBiryani.jpg,260,
Steam Rice (1 Kg),ProductType,25,"Inventory,Food,Restaurant,Rice,Vegeterian,",350,,https://drive.google.com/file/d/1yJ0gUIxfHn8RcwFBQSKlJjLtDdeRPAvy/view?usp=sharing,https://d32jc9rx98ldq0.cloudfront.net/staging/inventory/compressed/food20220127/SteamRice1Kg.jpg,,
Kern Rice (1 Kg),ProductType,26,"Inventory,Food,Restaurant,Rice,Vegeterian,",400,,https://drive.google.com/file/d/1ohYbZHVQUb5fCMhYUK_HmqPwXCLePKVc/view?usp=sharing,https://d32jc9rx98ldq0.cloudfront.net/staging/inventory/compressed/food20220127/KernRice1Kg.jpg,,
Veg Entree,ProductClass,1,"Inventory,Food,Restaurant,",,,https://drive.google.com/file/d/13d5-RS6K5zB_it7T2SUJig2uLnC9EIKd/view?usp=sharing,https://d32jc9rx98ldq0.cloudfront.net/staging/inventory/compressed/food20220323/VegEntree.jpg,,
Vegeterian,ProductLine,2,"Inventory,Food,Restaurant,Veg Entree,",,,,,,
NonVegeterian,ProductLine,3,"Inventory,Food,Restaurant,Veg Entree,",,,,,,
Veg Tawa,ProductType,4,"Inventory,Food,Restaurant,Veg Entree,Vegeterian,",180,,https://drive.google.com/file/d/1oNNPcxIp1izNlVDKH31Ua_RIqFPzBhJj/view?usp=sharing,https://d32jc9rx98ldq0.cloudfront.net/staging/inventory/compressed/restaurant-2/VegTawa.jpg,235,
Veg Pulao,ProductType,5,"Inventory,Food,Restaurant,Veg Entree,Vegeterian,",150,,https://drive.google.com/file/d/1Q9y5vfasmuYAjDTQOc6uFluyeWQ-5t2O/view?usp=sharing,https://d32jc9rx98ldq0.cloudfront.net/staging/inventory/compressed/restaurant-2/VegPulao.jpg,195,
Veg Kashmiri Pulao,ProductType,6,"Inventory,Food,Restaurant,Veg Entree,Vegeterian,",150,,https://drive.google.com/file/d/1XCM3BoqMue_DQe_rK8nqIhjdXJcPwZ8C/view?usp=sharing,https://d32jc9rx98ldq0.cloudfront.net/staging/inventory/compressed/food20220127/VegKashmiriPulao.jpg,195,
Veg Malai Kofta,ProductType,7,"Inventory,Food,Restaurant,Veg Entree,Vegeterian,",200,,https://drive.google.com/file/d/1cK5RWuGhEqQLQQPNOC6YkJzulu5tvn_U/view?usp=sharing,https://d32jc9rx98ldq0.cloudfront.net/staging/inventory/compressed/food20220127/VegMalaiKofta.jpg,260,
Veg Toofani,ProductType,8,"Inventory,Food,Restaurant,Veg Entree,Vegeterian,",200,,https://drive.google.com/file/d/1zE_oBTfVDPwJDCamcOVvL0BTMDKvXdp7/view?usp=sharing,https://d32jc9rx98ldq0.cloudfront.net/staging/inventory/compressed/restaurant-2/Veg-Toofani.jpg,260,
Veg Korma,ProductType,9,"Inventory,Food,Restaurant,Veg Entree,Vegeterian,",200,,https://drive.google.com/file/d/1N-H6if-xq2SuKI84uKbX9XBaXsApHDst/view?usp=sharing,https://d32jc9rx98ldq0.cloudfront.net/staging/inventory/compressed/food03022022/VegKorma.jpg,260,
Veg Kadai,ProductType,10,"Inventory,Food,Restaurant,Veg Entree,Vegeterian,",150,,https://drive.google.com/file/d/1Qw5Oe1JTdDI6JvQhuyRuCTqULE1Jk_i8/view?usp=sharing,https://d32jc9rx98ldq0.cloudfront.net/staging/inventory/compressed/restaurant-2/Veg-Kadai.jpg,,
Veg Jaipuri,ProductType,11,"Inventory,Food,Restaurant,Veg Entree,Vegeterian,",150,,https://drive.google.com/file/d/1W2iuySP3g-maGyGMgKdcXvF1XT3J1awp/view?usp=sharing,https://d32jc9rx98ldq0.cloudfront.net/staging/inventory/compressed/restaurant-2/VegJaipuri.jpg,195,
Veg Kolhapuri,ProductType,12,"Inventory,Food,Restaurant,Veg Entree,Vegeterian,",150,,https://drive.google.com/file/d/1m1uzUXSxt9B7c1QZzLM8f5Xkfl5SnP3e/view?usp=sharing,https://d32jc9rx98ldq0.cloudfront.net/staging/inventory/compressed/restaurant-2/VegKolhapuri.jpg,195,
Veg Afgani,ProductType,13,"Inventory,Food,Restaurant,Veg Entree,Vegeterian,",150,,https://drive.google.com/file/d/1zXwtxX9wKz0_0djrU0upyp1r3QXssxJ8/view?usp=sharing,https://d32jc9rx98ldq0.cloudfront.net/staging/inventory/compressed/restaurant-4/VegAfgani.jpg,,
Veg Nandi,ProductType,14,"Inventory,Food,Restaurant,Veg Entree,Vegeterian,",150,,,,,
Aloo Shimla,ProductType,15,"Inventory,Food,Restaurant,Veg Entree,Vegeterian,",150,,https://drive.google.com/file/d/1xG9fm_XgFyVQKwQ_F79zspba9RsGHrGR/view?usp=sharing,https://d32jc9rx98ldq0.cloudfront.net/staging/inventory/compressed/pendingInventoryImages/AlooShimla1.jpg,195,
Aloo Matar,ProductType,16,"Inventory,Food,Restaurant,Veg Entree,Vegeterian,",150,,https://drive.google.com/file/d/1RPW48BzzhnUcWMeSLM0JLisb-P-VDNi9/view?usp=sharing,https://d32jc9rx98ldq0.cloudfront.net/staging/inventory/compressed/restaurant-2/AlooMatar.jpg,,
Aloo Palak,ProductType,17,"Inventory,Food,Restaurant,Veg Entree,Vegeterian,",150,,https://drive.google.com/file/d/1QCdqn4vqczWuJfL6Hdl1PbYizCzuTvk_/view?usp=sharing,https://d32jc9rx98ldq0.cloudfront.net/staging/inventory/compressed/restaurant-2/Vegeterian/AlooPalak.jpg,195,
Chana Masala,ProductType,18,"Inventory,Food,Restaurant,Veg Entree,Vegeterian,",150,,https://drive.google.com/file/d/1nZdItXvChE8U5tIvcRPEw-xj1k3IGUsu/view?usp=sharing,https://d32jc9rx98ldq0.cloudfront.net/staging/inventory/compressed/restaurant-2/Vegeterian/ChanaMasala.jpg,195,
Mix Vegetable,ProductType,19,"Inventory,Food,Restaurant,Veg Entree,Vegeterian,",150,,https://drive.google.com/file/d/1bCPEivgIo2NPhuhhL3nT0TDbp6-pm8Px/view?usp=sharing,https://d32jc9rx98ldq0.cloudfront.net/staging/inventory/compressed/restaurant-2/MixVegetable.jpg,195,
Dal Khichdi,ProductType,20,"Inventory,Food,Restaurant,Veg Entree,Vegeterian,",130,,https://drive.google.com/file/d/1eYgIjQw-U3ZGT8GEPhcg9KZJWnc7BvLu/view?usp=sharing,https://d32jc9rx98ldq0.cloudfront.net/staging/inventory/compressed/restaurant-2/DalKhichdi.jpg,,
Palak Khichdi,ProductType,21,"Inventory,Food,Restaurant,Veg Entree,Vegeterian,",100,,https://drive.google.com/file/d/1vZtmV-BC0j41rmRmP_dM_d7IU137_7sc/view?usp=sharing,https://d32jc9rx98ldq0.cloudfront.net/staging/inventory/compressed/restaurant-3/PalakKhichdi.jpg,130,
Dal Tadka,ProductType,22,"Inventory,Food,Restaurant,Veg Entree,Vegeterian,",90,,https://drive.google.com/file/d/14RUwq8nVglapT24psGzGu5oLTx-UOZB7/view?usp=sharing,https://d32jc9rx98ldq0.cloudfront.net/staging/inventory/compressed/restaurant-2/Vegeterian/DalTadka.jpg,120,
Dal Khichdi Tadka,ProductType,23,"Inventory,Food,Restaurant,Veg Entree,Vegeterian,",150,,https://drive.google.com/file/d/1GvdeoErufJ4jmMscJ5uGSbFhJnpqBEaJ/view?usp=sharing,https://d32jc9rx98ldq0.cloudfront.net/staging/inventory/compressed/food03022022/DalKhichdiTadka.jpg,,
Dal Fry,ProductType,24,"Inventory,Food,Restaurant,Veg Entree,Vegeterian,",80,,https://drive.google.com/file/d/1K8tvnEHHFvnC05dq2Qx-p-dJ1RZDhOaK/view?usp=sharing,https://d32jc9rx98ldq0.cloudfront.net/staging/inventory/compressed/restaurant-2/Vegeterian/DalFry.jpg,105,
Dal Butter Tadka,ProductType,25,"Inventory,Food,Restaurant,Veg Entree,Vegeterian,",100,,https://drive.google.com/file/d/1mLxbJy4YaEzVrOnvOcensvdjsRjHFLjr/view?usp=sharing,https://d32jc9rx98ldq0.cloudfront.net/staging/inventory/compressed/food20220127/DalButterTadka.jpg,,
Veg China Town Spl,ProductType,26,"Inventory,Food,Restaurant,Veg Entree,Vegeterian,",200,,,,,
Paneer Masala Fry,ProductType,27,"Inventory,Food,Restaurant,Veg Entree,Vegeterian,",200,,https://drive.google.com/file/d/1EhENRUM2QDgJFh0BEuxEIYZPDLM154kd/view?usp=sharing,https://d32jc9rx98ldq0.cloudfront.net/staging/inventory/compressed/food03022022/PaneerMasalaFry.jpg,260,
Paneer Kadai,ProductType,28,"Inventory,Food,Restaurant,Veg Entree,Vegeterian,",200,,https://drive.google.com/file/d/1XGINKnRA5noOl2-dVsUXFUaDbO_Zft62/view?usp=sharing,https://d32jc9rx98ldq0.cloudfront.net/staging/inventory/compressed/restaurant-2/Vegeterian/PaneerKadai.jpg,,
Paneer Handi,ProductType,29,"Inventory,Food,Restaurant,Veg Entree,Vegeterian,",200,,https://drive.google.com/file/d/16FIXd77bHP3EkwponZbxdiXpg0NC_-Vi/view?usp=sharing,https://d32jc9rx98ldq0.cloudfront.net/staging/inventory/compressed/restaurant-2/Vegeterian/PaneerHandi.jpg,260,
Paneer Golden Dry,ProductType,30,"Inventory,Food,Restaurant,Veg Entree,Vegeterian,",250,,,,325,
Paneer Tawa,ProductType,31,"Inventory,Food,Restaurant,Veg Entree,Vegeterian,",250,,https://drive.google.com/file/d/1LNzpB1mTqasSQtUS9DyyHJnbqKkLlmeD/view?usp=sharing,https://d32jc9rx98ldq0.cloudfront.net/staging/inventory/compressed/restaurant-2/PaneerTawa.jpg,325,
Paneer Burji,ProductType,32,"Inventory,Food,Restaurant,Veg Entree,Vegeterian,",200,,https://drive.google.com/file/d/1JaUuna030dDJqOwYessavGxTb05r6mC5/view?usp=sharing,https://d32jc9rx98ldq0.cloudfront.net/staging/inventory/compressed/restaurant-2/PaneerTikkaMasala.jpg,,
Paneer Finger,ProductType,33,"Inventory,Food,Restaurant,Veg Entree,Vegeterian,",200,,https://drive.google.com/file/d/19QWkA8g_657JvwMJ4iw8TgKe9L9h-yTI/view?usp=sharing,https://d32jc9rx98ldq0.cloudfront.net/staging/inventory/compressed/food03022022/PaneerFinger.jpg,260,
Paneer Tikka,ProductType,34,"Inventory,Food,Restaurant,Veg Entree,Vegeterian,",200,,https://drive.google.com/file/d/1PJwE1sbtvBu26CpKRTyXSOwWl4B0uAHa/view?usp=sharing,https://d32jc9rx98ldq0.cloudfront.net/staging/inventory/compressed/restaurant-2/Vegeterian/PaneerTikka.jpg,260,
Paneer Tikka Masala,ProductType,35,"Inventory,Food,Restaurant,Veg Entree,Vegeterian,",250,,https://drive.google.com/file/d/1BmyxNFwPwf7zpalxZOSRuGMcKOWv1EoQ/view?usp=sharing,https://d32jc9rx98ldq0.cloudfront.net/staging/inventory/compressed/restaurant-2/PaneerTikkaMasala.jpg,385,
Paneer Angara,ProductType,36,"Inventory,Food,Restaurant,Veg Entree,Vegeterian,",250,,https://drive.google.com/file/d/1TWKrad110VxkZ1Kp11_hACH784etr3za/view?usp=sharing,https://d32jc9rx98ldq0.cloudfront.net/staging/inventory/compressed/restaurant-2/PaneerAngara.jpg,325,
Paneer Lajawab,ProductType,37,"Inventory,Food,Restaurant,Veg Entree,Vegeterian,",250,,https://drive.google.com/file/d/176GFBA2-BvlCpI-VJhbhCtJeTpHeucOG/view?usp=sharing,https://d32jc9rx98ldq0.cloudfront.net/staging/inventory/compressed/restaurant-2/PaneerLajawab.jpg,325,
Paneer Hyderabadi,ProductType,38,"Inventory,Food,Restaurant,Veg Entree,Vegeterian,",200,,https://drive.google.com/file/d/1JncF2MHWmhC7EuWmS8Co4PzS3tiZesZe/view?usp=sharing,https://d32jc9rx98ldq0.cloudfront.net/staging/inventory/compressed/restaurant-2/Vegeterian/PaneerHyderabadi.jpg,260,
Paneer Butter Masala,ProductType,39,"Inventory,Food,Restaurant,Veg Entree,Vegeterian,",200,,https://drive.google.com/file/d/1hxW4pcTbsHP6Ql9I_VfGsXwGKF6m006R/view?usp=sharing,https://d32jc9rx98ldq0.cloudfront.net/staging/inventory/compressed/restaurant-2/PaneerButterMasala.jpg,260,
Paneer Korma,ProductType,40,"Inventory,Food,Restaurant,Veg Entree,Vegeterian,",200,,https://drive.google.com/file/d/1sSGBvjid3WBgEltnKD5QHVuAtbIhdS0u/view?usp=sharing,https://d32jc9rx98ldq0.cloudfront.net/staging/inventory/compressed/food122021/PaneerKorma.jpg,260,
Paneer Mutter,ProductType,41,"Inventory,Food,Restaurant,Veg Entree,Vegeterian,",200,,https://drive.google.com/file/d/16-YuLKQTtV-87TY7tLqWc-c_AkAvoTUN/view?usp=sharing,https://d32jc9rx98ldq0.cloudfront.net/staging/inventory/compressed/restaurant-2/PaneerMutter.jpg,260,
Paneer Roasted Dry,ProductType,42,"Inventory,Food,Restaurant,Veg Entree,Vegeterian,",310,,https://drive.google.com/file/d/18DPP7ZAn3Nbe5DnxsWGpGQ1Dcz88CJ3G/view?usp=sharing,https://d32jc9rx98ldq0.cloudfront.net/staging/inventory/compressed/food03022022/PaneerRoastedDry.JPG,405,
Paneer Shimla,ProductType,43,"Inventory,Food,Restaurant,Veg Entree,Vegeterian,",200,,https://drive.google.com/file/d/1GqA0Ruo3SDdN9Pg2AueCLd1urF2YLGbA/view?usp=sharing,https://d32jc9rx98ldq0.cloudfront.net/staging/inventory/compressed/food20220127/PaneerShimla.jpg,260,
Paneer China Town Spl,ProductType,44,"Inventory,Food,Restaurant,Veg Entree,Vegeterian,",250,,https://drive.google.com/file/d/1hWRyIJAZMHDDV3zJ74mGSTiA3Th9qt80/view?usp=sharing,https://d32jc9rx98ldq0.cloudfront.net/staging/inventory/compressed/pendingInventoryImages/PaneerChinaTownSpl.jpg,325,
Paneer Lapeta,ProductType,45,"Inventory,Food,Restaurant,Veg Entree,Vegeterian,",500,, ,,430,
Paneer Lapeta Full,ProductUnit,46,"Inventory,Food,Restaurant,Veg Entree,Vegeterian,Paneer Lapeta,",500,,https://drive.google.com/file/d/1Jzt3Ku1zPRH6UB96hgPOgEriErnmEpPo/view?usp=sharing,https://d32jc9rx98ldq0.cloudfront.net/staging/inventory/compressed/pendingInventoryImages/PaneerLapetaFull.jpg,430,
Paneer Lapeta Half,ProductUnit,47,"Inventory,Food,Restaurant,Veg Entree,Vegeterian,Paneer Lapeta,",330,,https://drive.google.com/file/d/1DuraYA8pNx6fbHKFRAkydAa4hlkj6we-/view?usp=sharing,https://d32jc9rx98ldq0.cloudfront.net/staging/inventory/compressed/pendingInventoryImages/PaneerLapetaHalf.jpg,,
Paneer Kolhapuri,ProductType,48,"Inventory,Food,Restaurant,Veg Entree,Vegeterian,",280,,https://drive.google.com/file/d/1-J-2JnzyS-Oe3Ngjai14xQnDzBM_v3Da/view?usp=sharing,https://d32jc9rx98ldq0.cloudfront.net/staging/inventory/compressed/restaurant-2/PaneerKolhapuri.jpg,325,
Paneer Kalimiri,ProductType,49,"Inventory,Food,Restaurant,Veg Entree,Vegeterian,",310,,https://drive.google.com/file/d/1HK3r18zQvVhumpHedlqiorIPN6k7i5AA/view?usp=sharing,https://d32jc9rx98ldq0.cloudfront.net/staging/inventory/compressed/food04182022/PaneerKaliMiri.jpg,,
Paneer Ferrari Crispy,ProductType,50,"Inventory,Food,Restaurant,Veg Entree,Vegeterian,",230,,,,260,
Veg Hakka Noodles,ProductType,4,"Inventory,Food,Restaurant,Noodles,Vegeterian,",120,,https://drive.google.com/file/d/1Q90LHM1ZJtlXVlbMoWnysu0n9Ip0TJG0/view?usp=sharing,https://d32jc9rx98ldq0.cloudfront.net/staging/inventory/compressed/restaurant-2/Veg-Hakka-Noodles.jpg,,
Veg Hakka Noodles Full,ProductUnit,5,"Inventory,Food,Restaurant,Noodles,Vegeterian,Veg Hakka Noodles,",120,,https://drive.google.com/file/d/1VGLv81uFyL_qJYQtLCVv08xj9JaEWhtB/view?usp=sharing,https://d32jc9rx98ldq0.cloudfront.net/staging/inventory/compressed/restaurant-2/Veg-Hakka-Noodles-Full.jpg,,
Veg Hakka Noodles Half,ProductUnit,6,"Inventory,Food,Restaurant,Noodles,Vegeterian,Veg Hakka Noodles,",80,,https://drive.google.com/file/d/1au6QpOglLe1-uHbaz7FugaLn3af5iKH-/view?usp=sharing,https://d32jc9rx98ldq0.cloudfront.net/staging/inventory/compressed/restaurant-2/Veg-Hakka-Noodles-Half.jpg,,
Veg Schezwan Noodles,ProductType,7,"Inventory,Food,Restaurant,Noodles,Vegeterian,",160,,https://drive.google.com/file/d/110qPjMnVJgCASzjlU24PKREL29s_4OW1/view?usp=sharing,https://d32jc9rx98ldq0.cloudfront.net/staging/inventory/compressed/restaurant-2/VegSchezwanNoodles.jpg,,
Veg Schezwan Noodles Full,ProductUnit,8,"Inventory,Food,Restaurant,Noodles,Vegeterian,Veg Schezwan Noodles,",160,,https://drive.google.com/file/d/1CDwNEO2mYyxWdLNxZsfLDLQ55qwhS8dq/view?usp=sharing,https://d32jc9rx98ldq0.cloudfront.net/staging/inventory/compressed/restaurant-2/Veg-Schezwan-NoodlesFull.jpg,,
Veg Schezwan Noodles Half,ProductUnit,9,"Inventory,Food,Restaurant,Noodles,Vegeterian,Veg Schezwan Noodles,",110,,https://drive.google.com/file/d/1D6a2dmdQWfIzQJ2DGq965ffEH0aQEJ7c/view?usp=sharing,https://d32jc9rx98ldq0.cloudfront.net/staging/inventory/compressed/restaurant-2/Veg-Schezwan-Noodles-Half.jpg,,
Veg Triple Noodles,ProductType,10,"Inventory,Food,Restaurant,Noodles,Vegeterian,",200,,https://drive.google.com/file/d/1tFeCsXI9gj-8SNeHbqeid_mDeguSnNyk/view?usp=sharing,https://d32jc9rx98ldq0.cloudfront.net/staging/inventory/compressed/restaurant-2/VegTripleNoodles.jpg,,
Veg Triple Noodles Full,ProductUnit,11,"Inventory,Food,Restaurant,Noodles,Vegeterian,Veg Triple Noodles,",200,,https://drive.google.com/file/d/1BMYyVZs379VfRplG4UMc8NUc_wxov02d/view?usp=sharing,https://d32jc9rx98ldq0.cloudfront.net/staging/inventory/compressed/pendingInventoryImages/VegTripleNoodlesFull.jpg,,
Veg Triple Noodles Half,ProductUnit,12,"Inventory,Food,Restaurant,Noodles,Vegeterian,Veg Triple Noodles,",130,,https://drive.google.com/file/d/1Nwj2zwnv96n_koe_8CfQWNF4qQ1H0xyj/view?usp=sharing,https://d32jc9rx98ldq0.cloudfront.net/staging/inventory/compressed/pendingInventoryImages/VegTripleNoodlesHalf.jpg,170,
Veg Hong Kong Noodles,ProductType,13,"Inventory,Food,Restaurant,Noodles,Vegeterian,",175,,https://drive.google.com/file/d/16EW4LsJtybSOWZ5j2SAYThumXDoxlcV9/view?usp=sharing,https://d32jc9rx98ldq0.cloudfront.net/staging/inventory/compressed/restaurant-2/VegHongkongNoodles.jpg,,
Veg Classic Noodles,ProductType,14,"Inventory,Food,Restaurant,Noodles,Vegeterian,",270,,https://drive.google.com/file/d/19VLXMm6wt6Hnu5YVASfXF0u0WNb2vlPm/view?usp=sharing,https://d32jc9rx98ldq0.cloudfront.net/staging/inventory/compressed/food20220127/VegClassicNoodles.jpg,350,
Veg Sherpa Noodles,ProductType,15,"Inventory,Food,Restaurant,Noodles,Vegeterian,",250,,https://drive.google.com/file/d/1B1nPTnYdGnLLtVWSo6BIKBvelGtLyCcU/view?usp=sharing,https://d32jc9rx98ldq0.cloudfront.net/staging/inventory/compressed/food03022022/VegSherpaNoodles.jpg,,
Veg Chopper Noodles,ProductType,16,"Inventory,Food,Restaurant,Noodles,Vegeterian,",270,,https://drive.google.com/file/d/1X0B183YVeTCWQcJCHq78Yv1I2tIYxolT/view?usp=sharing,https://d32jc9rx98ldq0.cloudfront.net/staging/inventory/compressed/food20220127/VegChopperNoodles.jpg,350,
Veg Manchurian Noodles,ProductType,17,"Inventory,Food,Restaurant,Noodles,Vegeterian,",200,,https://drive.google.com/file/d/18nb4TV0DNqOCfS3RhzF1UoGG4z7bhQri/view?usp=sharing,https://d32jc9rx98ldq0.cloudfront.net/staging/inventory/compressed/restaurant-2/VegManchurianNoodles.jpg,260,
Veg Chilly Noodles,ProductType,18,"Inventory,Food,Restaurant,Noodles,Vegeterian,",310,,https://drive.google.com/file/d/1uOy4z7jA0ISKutVBNeIlsNjjpDHS3d4q/view?usp=sharing,https://d32jc9rx98ldq0.cloudfront.net/staging/inventory/compressed/food122021/VegChillyNoodles.jpg,,
China Town Spl Noodles,ProductType,19,"Inventory,Food,Restaurant,Noodles,Vegeterian,",280,,https://drive.google.com/file/d/1VcQA0J4UhSxbsF3-6DX9JaGHDDTUWpoj/view?usp=sharing,https://d32jc9rx98ldq0.cloudfront.net/staging/inventory/compressed/food20220127/ChinaTownSplNoodles.jpg,365,
Roti and Naan,ProductClass,1,"Inventory,Food,Restaurant,",,,,https://d32jc9rx98ldq0.cloudfront.net/staging/inventory/compressed/restaurant-2/Roti.jpg,,
Vegeterian,ProductLine,2,"Inventory,Food,Restaurant,Roti and Naan,",,,,,,
NonVegeterian,ProductLine,3,"Inventory,Food,Restaurant,Roti and Naan,",,,,,,
Tandoori Roti,ProductType,4,"Inventory,Food,Restaurant,Roti and Naan,Vegeterian,",10,,https://drive.google.com/file/d/1p6eNQrcVnNmzujXu2Tlh9MKJdIX9WyOK/view?usp=sharing,https://d32jc9rx98ldq0.cloudfront.net/staging/inventory/compressed/restaurant-2/TandooriRoti.jpg,15,
Rumali Roti,ProductType,5,"Inventory,Food,Restaurant,Roti and Naan,Vegeterian,",25,,https://drive.google.com/file/d/1zjY8PBSV8KJTLtnsNGJFBl4s39PKjBFC/view?usp=sharing,https://d32jc9rx98ldq0.cloudfront.net/staging/inventory/compressed/restaurant-2/Rumali-Roti.jpg,45,
Butter Naan,ProductType,6,"Inventory,Food,Restaurant,Roti and Naan,Vegeterian,",30,,https://drive.google.com/file/d/1MtQMs3CTx3V8aidYwZMPC4fkYQr9cYrr/view?usp=sharing,https://d32jc9rx98ldq0.cloudfront.net/staging/inventory/compressed/restaurant-2/ButterNaan.jpg,40,
Garlic Naan,ProductType,7,"Inventory,Food,Restaurant,Roti and Naan,Vegeterian,",35,,https://drive.google.com/file/d/1ZrjzImNdtXyFGwa8e1Mzd7oH4glw7hFg/view?usp=sharing,https://d32jc9rx98ldq0.cloudfront.net/staging/inventory/compressed/restaurant-2/Vegeterian/GarlicNaan.jpg,60,
Aloo Paratha,ProductType,8,"Inventory,Food,Restaurant,Roti and Naan,Vegeterian,",40,,https://drive.google.com/file/d/1-e7xl7ssjjkFNLd1vWJF_Hp9o9FVEZyS/view?usp=sharing,https://d32jc9rx98ldq0.cloudfront.net/staging/inventory/compressed/restaurant-2/AlooParatha.jpg,,
Butter Paratha,ProductType,9,"Inventory,Food,Restaurant,Roti and Naan,Vegeterian,",40,,https://drive.google.com/file/d/1ZNQWvoY4RDYiK-1VB7agePGOh6Lb0xHz/view?usp=sharing,https://d32jc9rx98ldq0.cloudfront.net/staging/inventory/compressed/restaurant-2/Vegeterian/ButterParatha.jpg,55,
Chicken Harabhara,ProductType,4,"Inventory,Food,Restaurant,Entree,NonVegeterian,",280,,https://drive.google.com/file/d/1LPf-6aLycaVZ6GU7M0nxHlrXZcJlMMXx/view?usp=sharing,https://d32jc9rx98ldq0.cloudfront.net/staging/inventory/compressed/food20220224/ChickenHaraBhara.jpg,,
Chicken Mughlai Masala,ProductType,5,"Inventory,Food,Restaurant,Entree,NonVegeterian,",280,,https://drive.google.com/file/d/1UotJFwqWUKGAnqaEAuMgRyeIL9ArXRIp/view?usp=sharing,https://d32jc9rx98ldq0.cloudfront.net/staging/inventory/compressed/pendingInventoryImages/ChickenMughlaiMasala2.jpg,365,
Chicken Patiyala,ProductType,6,"Inventory,Food,Restaurant,Entree,NonVegeterian,",290,,https://drive.google.com/file/d/1MJWPcODtP182HCYF1AmPjfwl8xHrXr4Q/view?usp=sharing,https://d32jc9rx98ldq0.cloudfront.net/staging/inventory/compressed/restaurant-2/ChickenPatiyala.jpg,,
Chicken Hyderabadi,ProductType,7,"Inventory,Food,Restaurant,Entree,NonVegeterian,",285,,https://drive.google.com/file/d/1v4gBn4uLZGTEhpGbM-qIe35AV4AXhdBO/view?usp=sharing,https://d32jc9rx98ldq0.cloudfront.net/staging/inventory/compressed/restaurant-3/ChickenHyderabadi.jpg,370,
Chicken Lajawab,ProductType,8,"Inventory,Food,Restaurant,Entree,NonVegeterian,",285,,https://drive.google.com/file/d/1nc1U7mKma3YCj3RgBmoXOfq-ydHP0iCN/view?usp=sharing,https://d32jc9rx98ldq0.cloudfront.net/staging/inventory/compressed/food20220127/ChickenLajawab.jpg,370,
Chicken Lapeta,ProductType,9,"Inventory,Food,Restaurant,Entree,NonVegeterian,",550,,https://drive.google.com/file/d/1IAN_u53Nx3sgkcuN1RbmJb88rxcHmTzs/view?usp=sharing,https://d32jc9rx98ldq0.cloudfront.net/staging/inventory/compressed/restaurant-2/ChickenLapeta.jpg,,
Chicken Lapeta 24 Pcs,ProductType,10,"Inventory,Food,Restaurant,Entree,NonVegeterian,",550,,https://drive.google.com/file/d/1IyC_G4NgmseREojsVNg-fcCBzAXecIY3/view?usp=sharing,https://d32jc9rx98ldq0.cloudfront.net/staging/inventory/compressed/pendingInventoryImages/ChickenLapeta24Pcs.jpg,,
Chicken Lapeta 12 Pcs,ProductType,11,"Inventory,Food,Restaurant,Entree,NonVegeterian,",350,,https://drive.google.com/file/d/1gJNh3YiQkKJsbKufmnM0k4h6M-kElnm9/view?usp=sharing,https://d32jc9rx98ldq0.cloudfront.net/staging/inventory/compressed/pendingInventoryImages/ChickenLapeta12Pcs2.jpg,,
Murg Musallam,ProductType,12,"Inventory,Food,Restaurant,Entree,NonVegeterian,",600,,https://drive.google.com/file/d/1V2YXuW44Gg2SfDoIkJj9S9yI1byzsWcA/view?usp=sharing,https://d32jc9rx98ldq0.cloudfront.net/staging/inventory/compressed/food20220127/MurgMusallam.jpg,,
Murg Musallam Full,ProductUnit,13,"Inventory,Food,Restaurant,Entree,NonVegeterian,Murg Musallam,",600,,https://drive.google.com/file/d/1TqBj464NXY1VqQ_69fWIhYjQKITe_l6s/view?usp=sharing,https://d32jc9rx98ldq0.cloudfront.net/staging/inventory/compressed/pendingInventoryImages/MurgMusallamFull.jpg,,
Murg Musallam Half,ProductUnit,14,"Inventory,Food,Restaurant,Entree,NonVegeterian,Murg Musallam,",380,,https://drive.google.com/file/d/1tirnl1I4PpGXMsSomtm09zfOXV-mi3dl/view?usp=sharing,https://d32jc9rx98ldq0.cloudfront.net/staging/inventory/compressed/pendingInventoryImages/MurgMusallamHalf.jpg,,
Chicken Lahori,ProductType,15,"Inventory,Food,Restaurant,Entree,NonVegeterian,",300,,https://drive.google.com/file/d/1WDjJC0VcTdgsbLy-E1HrJk31IGEawxH8/view?usp=sharing,https://d32jc9rx98ldq0.cloudfront.net/staging/inventory/compressed/restaurant-2/ChickenLahori.jpg,330,
Chicken Lazeez,ProductType,16,"Inventory,Food,Restaurant,Entree,NonVegeterian,",280,,https://drive.google.com/file/d/1ijsRGWiUEmmWqE472iWQX5AssbD7AATB/view?usp=sharing,https://d32jc9rx98ldq0.cloudfront.net/staging/inventory/compressed/pendingInventoryImages/ChickenLazeez2.jpg,365,
Chicken Peshawari,ProductType,17,"Inventory,Food,Restaurant,Entree,NonVegeterian,",290,,https://drive.google.com/file/d/1yx0diz5LQWOI4kdBPgufqPXNC0jucoqT/view?usp=sharing,https://d32jc9rx98ldq0.cloudfront.net/staging/inventory/compressed/food20220127/ChickenPeshawari.jpg,380,
Chicken Kadai,ProductType,18,"Inventory,Food,Restaurant,Entree,NonVegeterian,",250,,https://drive.google.com/file/d/1C8cxqgdypW9jEspNKDp3OcfYHm85b71r/view?usp=sharing,https://d32jc9rx98ldq0.cloudfront.net/staging/inventory/compressed/restaurant-2/ChickenKadai.jpg,380,
Chicken Chatpata,ProductType,19,"Inventory,Food,Restaurant,Entree,NonVegeterian,",250,,https://drive.google.com/file/d/1jSvbzJcviOtx3MCJZ17Kkk-eiOMPL68f/view?usp=sharing,https://d32jc9rx98ldq0.cloudfront.net/staging/inventory/compressed/food122021/ChickenChatpata.jpg,325,
Chicken Masala Fry,ProductType,20,"Inventory,Food,Restaurant,Entree,NonVegeterian,",210,,https://drive.google.com/file/d/12W4rOT7ZGq9vK6ZwvwI1RHJuerNWRgEk/view?usp=sharing,https://d32jc9rx98ldq0.cloudfront.net/staging/inventory/compressed/restaurant-2/ChickenMasalaFry.jpg,365,
Chicken Do Pyaza,ProductType,21,"Inventory,Food,Restaurant,Entree,NonVegeterian,",270,,https://drive.google.com/file/d/14DgQllXqPMRSGgI7fVakkwEZELoMm5IK/view?usp=sharing,https://d32jc9rx98ldq0.cloudfront.net/staging/inventory/compressed/Cafe/ChickenDoPyaza.jpg,,
Chicken Afghani,ProductType,22,"Inventory,Food,Restaurant,Entree,NonVegeterian,",290,,https://drive.google.com/file/d/1qJ5Y_kEkrXHeLvO_o_PcMk3Aw0WTnZ_v/view?usp=sharing,https://d32jc9rx98ldq0.cloudfront.net/staging/inventory/compressed/restaurant-2/ChickenAfghani.jpg,380,
China Town Family Spl Chicken,ProductType,23,"Inventory,Food,Restaurant,Entree,NonVegeterian,",1000,,https://drive.google.com/file/d/1BxUyDmP25VzbIr-hW6gJsUn7OyLuKGJ6/view?usp=sharing,https://d32jc9rx98ldq0.cloudfront.net/staging/inventory/compressed/food20220127/ChinaTownFamilySplChicken.jpg,,
Chicken Angara,ProductType,24,"Inventory,Food,Restaurant,Entree,NonVegeterian,",290,,https://drive.google.com/file/d/18gwt4OLjzx18MzmZPlFXRjIwluiEeeb-/view?usp=sharing,https://d32jc9rx98ldq0.cloudfront.net/staging/inventory/compressed/restaurant-3/ChickenAngara.jpg,380,
Chicken Kolhapuri,ProductType,25,"Inventory,Food,Restaurant,Entree,NonVegeterian,",270,,https://drive.google.com/file/d/1bWc_W7DKNzxS53IXTgHDSqj4gfK3f2wm/view?usp=sharing,https://d32jc9rx98ldq0.cloudfront.net/staging/inventory/compressed/restaurant-2/ChickenKolhapuri.gif,350,
Chicken Kashmiri,ProductType,26,"Inventory,Food,Restaurant,Entree,NonVegeterian,",250,,https://drive.google.com/file/d/1URigYYeExp0lTEP6V_8uIVSowKorBq2L/view?usp=sharing,https://d32jc9rx98ldq0.cloudfront.net/staging/inventory/compressed/restaurant-2/ChickenKashmiri.jpg,325,
Chicken Stir (Fry),ProductType,27,"Inventory,Food,Restaurant,Entree,NonVegeterian,",250,,https://drive.google.com/file/d/1S4mAoSv2Ef8PWr_DmIj2MoF2f-dodbD1/view?usp=sharing,https://d32jc9rx98ldq0.cloudfront.net/staging/inventory/compressed/pendingInventoryImages/ChickenStirFry.jpg,,
Chicken Dishes,ProductClass,1,"Inventory,Food,Restaurant,",,,,,,
NonVegeterian,ProductLine,2,"Inventory,Food,Restaurant,Chicken Dishes,",,,,,,
Vegeterian,ProductLine,3,"Inventory,Food,Restaurant,Chicken Dishes,",,,,,,
Chicken Pahadi Masala (Boneless),ProductType,4,"Inventory,Food,Restaurant,Chicken Dishes,NonVegeterian,",280,,,,365,
Chicken Golden Dry Masala (Boneless),ProductType,5,"Inventory,Food,Restaurant,Chicken Dishes,NonVegeterian,",280,,,,365,
Chicken Toofani (Boneless),ProductType,6,"Inventory,Food,Restaurant,Chicken Dishes,NonVegeterian,",250,,https://drive.google.com/file/d/1x9MropAFyDMGanMna7e88QAmFGvdhLza/view?usp=sharing,https://d32jc9rx98ldq0.cloudfront.net/staging/inventory/compressed/food20220127/ChickenToofaniBoneless.jpg,325,
Chicken Tawa Dry (Boneless),ProductType,7,"Inventory,Food,Restaurant,Chicken Dishes,NonVegeterian,",280,,https://drive.google.com/file/d/1i67nBTyR-F1pOLoQH5SqcE5FACHpPnh9/view?usp=sharing,https://d32jc9rx98ldq0.cloudfront.net/staging/inventory/compressed/pendingInventoryImages/ChickenTawaDryBoneless.jpg,365,
Chicken Tikka Handi (Boneless),ProductType,8,"Inventory,Food,Restaurant,Chicken Dishes,NonVegeterian,",250,,https://drive.google.com/file/d/1Fcmi-EPBH-xrV4qHta1SueYajmUAQy2_/view?usp=sharing,https://d32jc9rx98ldq0.cloudfront.net/staging/inventory/compressed/food20220127/ChickenTikkaHandiBoneless.jpg,325,
Chicken Achari Dry (Boneless),ProductType,9,"Inventory,Food,Restaurant,Chicken Dishes,NonVegeterian,",270,,https://drive.google.com/file/d/1XmujpM3ZdeXew1exi9RB9VrKsB7GnjiF/view?usp=sharing,https://d32jc9rx98ldq0.cloudfront.net/staging/inventory/compressed/food20220127/ChickenAchariDryBoneless.jpg,350,
Chicken Darbari Dry Masala (Boneless),ProductType,10,"Inventory,Food,Restaurant,Chicken Dishes,NonVegeterian,",280,,,,365,
Chicken Maharaja Dry (Boneless),ProductType,11,"Inventory,Food,Restaurant,Chicken Dishes,NonVegeterian,",280,,https://drive.google.com/file/d/1vqFLsiJ4NqR3jJJWYjjhpsur4FgG-AjM/view?usp=sharing,https://d32jc9rx98ldq0.cloudfront.net/staging/inventory/compressed/food20220127/ChickenMaharajaDryBoneless.jpg,365,
Chicken Salli Bati Dry (Boneless),ProductType,12,"Inventory,Food,Restaurant,Chicken Dishes,NonVegeterian,",285,,https://drive.google.com/file/d/1GB323yKYVulRLn5yY3gHRMbinK88nwNr/view?usp=sharing,https://d32jc9rx98ldq0.cloudfront.net/staging/inventory/compressed/food20220127/ChickenSalliBatiDryBoneless.jpg,,
Chicken Albari Cheese Masala (Boneless),ProductType,13,"Inventory,Food,Restaurant,Chicken Dishes,NonVegeterian,",350,,,,,
Chicken Lahori Dry Masala (Boneless),ProductType,14,"Inventory,Food,Restaurant,Chicken Dishes,NonVegeterian,",320,,https://drive.google.com/file/d/1P3aj4cgU6Cg4p69IBtR55LcB9IoToyCq/view?usp=sharing,https://d32jc9rx98ldq0.cloudfront.net/staging/inventory/compressed/pendingInventoryImages/ChickenLahoriDryMasalaBoneless1.jpg,,
Chicken Handi Family,ProductType,15,"Inventory,Food,Restaurant,Chicken Dishes,NonVegeterian,",350,,https://drive.google.com/file/d/14rbUmTNvnVQjshBPw8m85Rx2vyj7BR18/view?usp=sharing,https://d32jc9rx98ldq0.cloudfront.net/staging/inventory/compressed/food03022022/ChickenHandiFamily.jpg,455,
Chicken Tikka Masala (Boneless),ProductType,16,"Inventory,Food,Restaurant,Chicken Dishes,NonVegeterian,",290,,https://drive.google.com/file/d/1wGAYbVGIFiqB6wElEs7RsTu92zTraxSE/view?usp=sharing,https://d32jc9rx98ldq0.cloudfront.net/staging/inventory/compressed/food20220127/ChickenTikkaMasalaBoneless.jpg,380,
Chicken Reshmi Kabab Masala (Boneless),ProductType,17,"Inventory,Food,Restaurant,Chicken Dishes,NonVegeterian,",290,,https://drive.google.com/file/d/1CveKC9yxSCaAMUXRXrOklEv3HC3_O3lk/view?usp=sharing,https://d32jc9rx98ldq0.cloudfront.net/staging/inventory/compressed/pendingInventoryImages/ChickenReshmiKababMasalaBoneless1.jpg,380,
Chicken Lala Masala,ProductType,18,"Inventory,Food,Restaurant,Chicken Dishes,NonVegeterian,",270,,,,350,
Chicken Jabbari Masala,ProductType,19,"Inventory,Food,Restaurant,Chicken Dishes,NonVegeterian,",280,,,,,
Chicken Hara Bhara Kabab Masala,ProductType,20,"Inventory,Food,Restaurant,Chicken Dishes,NonVegeterian,",285,,https://drive.google.com/file/d/1NZeULt4DeYpUpHtpLbrQ8KI55rEkf25H/view?usp=sharing,https://d32jc9rx98ldq0.cloudfront.net/staging/inventory/compressed/pendingInventoryImages/ChickenHaraBharaKababMasala3.jpg,370,
Chicken Sizzler Dry,ProductType,21,"Inventory,Food,Restaurant,Chicken Dishes,NonVegeterian,",310,,https://drive.google.com/file/d/1WV6q5EnPqut6vys1OVav23LD-5KJmozG/view?usp=sharing,https://d32jc9rx98ldq0.cloudfront.net/staging/inventory/compressed/food20220127/ChickenSizzlerDry.jpg,405,
Chicken China Town Handi,ProductType,22,"Inventory,Food,Restaurant,Chicken Dishes,NonVegeterian,",220,,https://drive.google.com/file/d/1AVI6G6NpsnO-KT3imfpuV56fK6LH6ymX/view?usp=sharing,https://d32jc9rx98ldq0.cloudfront.net/staging/inventory/compressed/pendingInventoryImages/ChickenChinaTownHandi.jpg,290,
Butter Chicken,ProductType,23,"Inventory,Food,Restaurant,Chicken Dishes,NonVegeterian,",180,,https://drive.google.com/file/d/13BFw9Vk7UW7grE4fxHCmBswFC3wSG4uf/view?usp=sharing,https://d32jc9rx98ldq0.cloudfront.net/staging/inventory/compressed/restaurant-2/ButterChicken.jpg,235,
Breakfast,ProductClass,1,"Inventory,Food,Restaurant,",,,,https://d32jc9rx98ldq0.cloudfront.net/staging/inventory/compressed/categoryimages3/Breakfast.jpg,,
NonVegeterian,ProductLine,2,"Inventory,Food,Restaurant,Breakfast,",,,,,,
Vegeterian,ProductLine,3,"Inventory,Food,Restaurant,Breakfast,",,,,,,
Egg Masala Fry,ProductType,4,"Inventory,Food,Restaurant,Breakfast,NonVegeterian,",180,,https://drive.google.com/file/d/1b5wTOrzbr0s12PKaW_S7JeSVqs1B5eii/view?usp=sharing,https://d32jc9rx98ldq0.cloudfront.net/staging/inventory/compressed/food20220127/EggMasalaFry.jpg,235,
Egg Omlett Double,ProductType,5,"Inventory,Food,Restaurant,Breakfast,NonVegeterian,",60,,https://drive.google.com/file/d/1YRKQwQ7U09yd-GRbOIVsQci6IVqw7b3_/view?usp=sharing,https://d32jc9rx98ldq0.cloudfront.net/staging/inventory/compressed/food280122/EggOmlettDouble.jpg,,
Egg Bhurji,ProductType,6,"Inventory,Food,Restaurant,Breakfast,NonVegeterian,",70,,https://drive.google.com/file/d/1v0DA0qR_sX5zGT7tP2NLmH2Cr3fpOOlP/view?usp=sharing,https://d32jc9rx98ldq0.cloudfront.net/staging/inventory/compressed/restaurant-2/EggBhurji.jpg,,
Egg Half Fry Double,ProductType,7,"Inventory,Food,Restaurant,Breakfast,NonVegeterian,",60,,https://drive.google.com/file/d/1htyjDJ_BHpToM2RGwOGsL7AdvuENraX_/view?usp=sharing,https://d32jc9rx98ldq0.cloudfront.net/staging/inventory/compressed/food20220127/EggHalfFryDouble.jpg,,
Egg Boiled Double,ProductType,8,"Inventory,Food,Restaurant,Breakfast,NonVegeterian,",40,,https://drive.google.com/file/d/1rZBTlApHyk0IeY9N490n69xfQid65evK/view?usp=sharing,https://d32jc9rx98ldq0.cloudfront.net/staging/inventory/compressed/food20220127/EggBoiledDouble.jpg,,
Snacks,ProductClass,1,"Inventory,Food,Restaurant,",,,,https://d32jc9rx98ldq0.cloudfront.net/staging/inventory/compressed/img/Smiley.jpg,,
NonVegeterian,ProductLine,2,"Inventory,Food,Restaurant,Snacks,",,,,,,
Vegeterian,ProductLine,3,"Inventory,Food,Restaurant,Snacks,",,,,,,
Prawns Schezwan,ProductType,4,"Inventory,Food,Restaurant,Snacks,NonVegeterian,",250,,https://drive.google.com/file/d/1POQzieoWU2aYtGDs9ty2QSpySf1gaTR8/view?usp=sharing,https://d32jc9rx98ldq0.cloudfront.net/staging/inventory/compressed/restaurant-2/Prawns-Schezwan.JPG,325,
Prawns Chilly,ProductType,5,"Inventory,Food,Restaurant,Snacks,NonVegeterian,",230,,https://drive.google.com/file/d/1nZko9hI1TTh8uNDNZHYFaBRKhJXPFx-5/view?usp=sharing,https://d32jc9rx98ldq0.cloudfront.net/staging/inventory/compressed/restaurant-2/Prawns-Chilly.jpg,300,
Prawns Manchurian,ProductType,6,"Inventory,Food,Restaurant,Snacks,NonVegeterian,",230,,https://drive.google.com/file/d/1jQKM_GH4bgWqPkaloOXzFcZV1PLGLbJq/view?usp=sharing,https://d32jc9rx98ldq0.cloudfront.net/staging/inventory/compressed/restaurant-2/Prawns-Manchurian.jpg,,
Prawns Garlic,ProductType,7,"Inventory,Food,Restaurant,Snacks,NonVegeterian,",220,,https://drive.google.com/file/d/14ECDJ3F2PvWJg60NV-cT0NXkdlsrCgkP/view?usp=sharing,https://d32jc9rx98ldq0.cloudfront.net/staging/inventory/compressed/restaurant-2/Prawns-Garlic.jpg,285,
Prawns Crispy,ProductType,8,"Inventory,Food,Restaurant,Snacks,NonVegeterian,",200,,https://drive.google.com/file/d/1nj0Q8M8snykOfbFVSzdYt0DY2s8yplXc/view?usp=sharing,https://d32jc9rx98ldq0.cloudfront.net/staging/inventory/compressed/food20220127/PrawnsCrispy.jpg,260,
Prawns 65,ProductType,9,"Inventory,Food,Restaurant,Snacks,NonVegeterian,",220,,https://drive.google.com/file/d/16-phsJHeRODDaTjGkRtXtoCmuJLl_AqJ/view?usp=sharing,https://d32jc9rx98ldq0.cloudfront.net/staging/inventory/compressed/food20220127/Prawns65.jpg,,
Prawns Masala Fry,ProductType,10,"Inventory,Food,Restaurant,Snacks,NonVegeterian,",300,,https://drive.google.com/file/d/1kZKQz9QEpmSs9vrvZpWr52Dw0fs7AbL7/view?usp=sharing,https://d32jc9rx98ldq0.cloudfront.net/staging/inventory/compressed/food03022022/PrawnsMasalaFry.jpg,390,
Prawns Handi,ProductType,11,"Inventory,Food,Restaurant,Snacks,NonVegeterian,",200,,https://drive.google.com/file/d/14AprHsz0OtB54JU9rInL7HulaFFMS-Da/view?usp=sharing,https://d32jc9rx98ldq0.cloudfront.net/staging/inventory/compressed/food03022022/PrawnsHandi.jpg,260,
Prawns Korma,ProductType,12,"Inventory,Food,Restaurant,Snacks,NonVegeterian,",200,,https://drive.google.com/file/d/1iEkn7RJbAo0h9s_av2ChvtkJPmzW0Q53/view?usp=sharing,https://d32jc9rx98ldq0.cloudfront.net/staging/inventory/compressed/food03022022/PrawnsKorma.jpg,260,
Prawns Lazees,ProductType,13,"Inventory,Food,Restaurant,Snacks,NonVegeterian,",250,,https://drive.google.com/file/d/1eqvYwcgVyPnM2t3ntbMsmsAN7rLDhYoS/view?usp=sharing,https://d32jc9rx98ldq0.cloudfront.net/staging/inventory/compressed/food03022022/PrawnsLazees.jpg,,
Prawns Fry,ProductType,14,"Inventory,Food,Restaurant,Snacks,NonVegeterian,",160,,https://drive.google.com/file/d/1O19WaprVVBBuWwuYRqL8kg3wDHPxG7ug/view?usp=sharing,https://d32jc9rx98ldq0.cloudfront.net/staging/inventory/compressed/food20220127/PrawnsFry.jpg,,
Egg Fried Rice,ProductType,4,"Inventory,Food,Restaurant,Rice,NonVegeterian,",120,,https://drive.google.com/file/d/1uhyQ0c_TMyzzUugTISJHKNkvyHNobqbb/view?usp=sharing,https://d32jc9rx98ldq0.cloudfront.net/staging/inventory/compressed/restaurant-2/EggFriedRice.jpg,,
Egg Fried Rice Full,ProductUnit,5,"Inventory,Food,Restaurant,Rice,NonVegeterian,Egg Fried Rice,",120,,https://drive.google.com/file/d/13dNZ1DEG0D7Gu32liOFGoXzGCeC86uxw/view?usp=sharing,https://d32jc9rx98ldq0.cloudfront.net/staging/inventory/compressed/restaurant-2/EggFriedRice.jpg,,
Egg Fried Rice Half,ProductUnit,6,"Inventory,Food,Restaurant,Rice,NonVegeterian,Egg Fried Rice,",80,,https://drive.google.com/file/d/1hy0lZjSi4x4ukfeor_K1JS3MHOZ8Mu_x/view?usp=sharing,https://d32jc9rx98ldq0.cloudfront.net/staging/inventory/compressed/restaurant-2/EggFriedRiceHalf.jpg,,
Chicken Fried Rice,ProductType,7,"Inventory,Food,Restaurant,Rice,NonVegeterian,",120,,https://drive.google.com/file/d/1aSDZOExwwXDvxk_RoejlAzSDdSpOMH_a/view?usp=sharing,https://d32jc9rx98ldq0.cloudfront.net/staging/inventory/compressed/restaurant-2/ChickenFriedRice.jpg,,
Chicken Fried Rice Full,ProductUnit,8,"Inventory,Food,Restaurant,Rice,NonVegeterian,Chicken Fried Rice,",120,,https://drive.google.com/file/d/134wk3vS_3SaVNNuaQr_DgD-35uYkXUS3/view?usp=sharing,https://d32jc9rx98ldq0.cloudfront.net/staging/inventory/compressed/restaurant-2/ChickenFriedRiceFull.jpg,,
Chicken Fried Rice Half,ProductUnit,9,"Inventory,Food,Restaurant,Rice,NonVegeterian,Chicken Fried Rice,",80,,https://drive.google.com/file/d/101XEZpaP8uVwjLBGRgpoz7KtDVciHGNr/view?usp=sharing,https://d32jc9rx98ldq0.cloudfront.net/staging/inventory/compressed/restaurant-2/ChickenFriedRiceHalf.jpg,,
Chicken Combination Rice,ProductType,10,"Inventory,Food,Restaurant,Rice,NonVegeterian,",160,,https://drive.google.com/file/d/1uTGIrX0dJ3YfvbE2vQTqVwyHj7AaZk8I/view?usp=sharing,https://d32jc9rx98ldq0.cloudfront.net/staging/inventory/compressed/restaurant-2/ChickenCombinationRice.png,,
Chicken Combination Rice Full,ProductUnit,11,"Inventory,Food,Restaurant,Rice,NonVegeterian,Chicken Combination Rice,",160,,https://drive.google.com/file/d/1R6Qz4oMQdowvg_W6SG-Xkq-wt25ce9_D/view?usp=sharing,https://d32jc9rx98ldq0.cloudfront.net/staging/inventory/compressed/pendingInventoryImages/ChickenCombinationRiceFull.jpg,,
Chicken Combination Rice Half,ProductUnit,12,"Inventory,Food,Restaurant,Rice,NonVegeterian,Chicken Combination Rice,",110,,https://drive.google.com/file/d/1p1Ub6cHGxlPJCKgMZkvO9kqBANEVt-LQ/view?usp=sharing,https://d32jc9rx98ldq0.cloudfront.net/staging/inventory/compressed/pendingInventoryImages/ChickenCombinationRiceHalf2.jpg,,
Chicken Manchurian Rice,ProductType,13,"Inventory,Food,Restaurant,Rice,NonVegeterian,",200,,https://drive.google.com/file/d/1JHAYfeYF5F1zfKMCNAd-m4YTIqU-YRBd/view?usp=sharing,https://d32jc9rx98ldq0.cloudfront.net/staging/inventory/compressed/pendingInventoryImages/ChickenManchurianRice.jpg,,
Chicken Manchurian Rice Full,ProductUnit,14,"Inventory,Food,Restaurant,Rice,NonVegeterian,Chicken Manchurian Rice,",200,,https://drive.google.com/file/d/1pObRJF2iMgPsBaivfhGvTTxBVubOBA6c/view?usp=sharing,https://d32jc9rx98ldq0.cloudfront.net/staging/inventory/compressed/pendingInventoryImages/ChickenManchurianRiceFull.jpg,,
Chicken Manchurian Rice Half,ProductUnit,15,"Inventory,Food,Restaurant,Rice,NonVegeterian,Chicken Manchurian Rice,",130,,https://drive.google.com/file/d/1MNGqeDJ6OtgeVXffDzlMfkjG4tkwmf1W/view?usp=sharing,https://d32jc9rx98ldq0.cloudfront.net/staging/inventory/compressed/pendingInventoryImages/ChickenManchurianRiceHalf.jpg,170,
Chicken Hong Kong Rice,ProductType,16,"Inventory,Food,Restaurant,Rice,NonVegeterian,",175,,https://drive.google.com/file/d/1SqYB2ZGEElBMqzYMc63a8WjcU3Hr2-AY/view?usp=sharing,https://d32jc9rx98ldq0.cloudfront.net/staging/inventory/compressed/restaurant-2/ChickenHongKongRice.jpeg,,
Chicken Singapore Rice,ProductType,17,"Inventory,Food,Restaurant,Rice,NonVegeterian,",175,,https://drive.google.com/file/d/1Qq0F2zPoVJcnQug8gvkmFwc0t1uQS0ls/view?usp=sharing,https://d32jc9rx98ldq0.cloudfront.net/staging/inventory/compressed/restaurant-2/ChickenSingaporeRice.jpg,230,
Chicken Classic Rice,ProductType,18,"Inventory,Food,Restaurant,Rice,NonVegeterian,",270,,https://drive.google.com/file/d/1B_B-Z41s3ryWPWpm19Ax0JtjLRiXpoYB/view?usp=sharing,https://d32jc9rx98ldq0.cloudfront.net/staging/inventory/compressed/food20220127/ChickenClassicRice.jpg,350,
Chicken Sherpa Rice,ProductType,19,"Inventory,Food,Restaurant,Rice,NonVegeterian,",250,,https://drive.google.com/file/d/1o8SIJpylVU1bEkVidwWAlKa8GCFkZ_UF/view?usp=sharing,https://d32jc9rx98ldq0.cloudfront.net/staging/inventory/compressed/food20220127/ChickenSherpaRice.jpg,325,
Chicken Chilly Rice,ProductType,20,"Inventory,Food,Restaurant,Rice,NonVegeterian,",310,,https://drive.google.com/file/d/1_zs26VYAYYqON_JOMi3344ASP1x7E9iY/view?usp=sharing,https://d32jc9rx98ldq0.cloudfront.net/staging/inventory/compressed/food20220127/ChickenChillyRice.jpg,405,
Chicken Cut Rice,ProductType,21,"Inventory,Food,Restaurant,Rice,NonVegeterian,",260,,https://drive.google.com/file/d/1Mtscs4_hUze0s8eU7nWOAQOLKTptAs_8/view?usp=sharing,https://d32jc9rx98ldq0.cloudfront.net/staging/inventory/compressed/pendingInventoryImages/ChickenCutRice2.jpg,340,
Chicken Jaisam Rice,ProductType,22,"Inventory,Food,Restaurant,Rice,NonVegeterian,",380,,https://drive.google.com/file/d/1P230DRkcQmFK4R6u3TO420rmMkqYRQl0/view?usp=sharing,https://d32jc9rx98ldq0.cloudfront.net/staging/inventory/compressed/pendingInventoryImages/ChickenJaisamRice2.jpg,,
Chicken Tandoori Pulav,ProductType,23,"Inventory,Food,Restaurant,Rice,NonVegeterian,",180,,https://drive.google.com/file/d/1iE_CPz4Qg1pPH0Rt4tFWr8dMtN66Z28y/view?usp=sharing,https://d32jc9rx98ldq0.cloudfront.net/staging/inventory/compressed/food20220127/ChickenTandooriPulav.jpg,235,
Chicken Love Rice,ProductType,24,"Inventory,Food,Restaurant,Rice,NonVegeterian,",260,,https://drive.google.com/file/d/13FY2g7WRr9pnfiehKOzM8hzi2Omycy7O/view?usp=sharing,https://d32jc9rx98ldq0.cloudfront.net/staging/inventory/compressed/pendingInventoryImages/ChickenLoveRice.jpg,340,
Chicken Chopper Rice,ProductType,25,"Inventory,Food,Restaurant,Rice,NonVegeterian,",270,,https://drive.google.com/file/d/18Jcs_0tcuPO2Hr_J0G1QmU_Eu9Sauq2x/view?usp=sharing,https://d32jc9rx98ldq0.cloudfront.net/staging/inventory/compressed/pendingInventoryImages/ChickenChopperRice.jpg,350,
Chicken Schezwan Rice,ProductType,26,"Inventory,Food,Restaurant,Rice,NonVegeterian,",160,,https://drive.google.com/file/d/1qhlBeL0qw1qVJHTfNNlpSjtDE2cMntTk/view?usp=sharing,https://d32jc9rx98ldq0.cloudfront.net/staging/inventory/compressed/restaurant-2/ChickenSchezwanRice.jpg,,
Chicken Schezwan Rice Full,ProductUnit,27,"Inventory,Food,Restaurant,Rice,NonVegeterian,Chicken Schezwan Rice,",160,,https://drive.google.com/file/d/18hYnh0v5bknsWQAES4M4jqWwoHZjWrZ8/view?usp=sharing,https://d32jc9rx98ldq0.cloudfront.net/staging/inventory/compressed/restaurant-2/ChickenSchezwanRiceFull.jpg,,
Chicken Schezwan Rice Half,ProductUnit,28,"Inventory,Food,Restaurant,Rice,NonVegeterian,Chicken Schezwan Rice,",110,,https://drive.google.com/file/d/1oY_GmqQen2qZqQu-Pwb5kyWXv1KLN-GH/view?usp=sharing,https://d32jc9rx98ldq0.cloudfront.net/staging/inventory/compressed/restaurant-2/ChickenSchezwanRiceHalf.jpg,140,
Chicken Triple Rice,ProductType,29,"Inventory,Food,Restaurant,Rice,NonVegeterian,",220,,https://drive.google.com/file/d/1chTDX-Yzivg5JrvXAsOSZcquuxr2EmOO/view?usp=sharing,https://d32jc9rx98ldq0.cloudfront.net/staging/inventory/compressed/restaurant-3/ChickenTripleRice.png,,
Chicken Triple Rice Full,ProductUnit,30,"Inventory,Food,Restaurant,Rice,NonVegeterian,Chicken Triple Rice,",220,,https://drive.google.com/file/d/1UtjSzJvPpdMETKFPCilwygv42sq_uAGh/view?usp=sharing,https://d32jc9rx98ldq0.cloudfront.net/staging/inventory/compressed/restaurant-2/ChickenTripleRiceFull.jpg.crdownload.jpg,,
Chicken Triple Rice Half,ProductUnit,31,"Inventory,Food,Restaurant,Rice,NonVegeterian,Chicken Triple Rice,",130,,https://drive.google.com/file/d/1KIcYROZDKMS47HwNACTV_HekvKTf0_Fd/view?usp=sharing,https://d32jc9rx98ldq0.cloudfront.net/staging/inventory/compressed/restaurant-2/ChickenTripleRiceHalf.jpg.crdownload.jpg,170,
Chicken Malasian Rice,ProductType,32,"Inventory,Food,Restaurant,Rice,NonVegeterian,",300,,https://drive.google.com/file/d/12xcZR5M-37WuzWX9KxyH8sFGnygcIPi0/view?usp=sharing,https://d32jc9rx98ldq0.cloudfront.net/staging/inventory/compressed/food20220127/ChickenMalasianRice.jpg,,
Chicken China Town Spl Rice,ProductType,33,"Inventory,Food,Restaurant,Rice,NonVegeterian,",280,,https://drive.google.com/file/d/1HSOhOiyMy02L7zNWpokDXNdxbe_PRsM1/view?usp=sharing,https://d32jc9rx98ldq0.cloudfront.net/staging/inventory/compressed/food20220127/ChickenChinaTownSplRice.jpg,365,
Chicken Garlic Rice,ProductType,34,"Inventory,Food,Restaurant,Rice,NonVegeterian,",320,,https://drive.google.com/file/d/1BFtUx9MpcDrx2WcJjDpn6TkMyrZYIhCp/view?usp=sharing,https://d32jc9rx98ldq0.cloudfront.net/staging/inventory/compressed/pendingInventoryImages/ChickenGarlicRice.jpg,420,
Chicken Hyderabadi Biryani,ProductType,35,"Inventory,Food,Restaurant,Rice,NonVegeterian,",200,,https://drive.google.com/file/d/1TJ6d8w6dAbOrunLaTbfqAa5cCYLIPnw7/view?usp=sharing,https://d32jc9rx98ldq0.cloudfront.net/staging/inventory/compressed/restaurant-5/ChickenHyderabadiBiryani.jpg,260,
Chicken Tikka Biryani (Boneless),ProductType,36,"Inventory,Food,Restaurant,Rice,NonVegeterian,",200,,https://drive.google.com/file/d/1vMXoyGom8WTngeA5lS2mjIyQB1OS2D4Z/view?usp=sharing,https://d32jc9rx98ldq0.cloudfront.net/staging/inventory/compressed/pendingInventoryImages/ChickenTikkaBiryaniBoneless2.jpg,,
Chicken Dum Biryani,ProductType,37,"Inventory,Food,Restaurant,Rice,NonVegeterian,",200,,https://drive.google.com/file/d/1aMXAW3JKiYXAIaH-Te1Bo7fCng7mvWR4/view?usp=sharing,https://d32jc9rx98ldq0.cloudfront.net/staging/inventory/compressed/restaurant-2/ChickenDumBiryani.jpg,260,
Chicken Pulao (Boneless),ProductType,38,"Inventory,Food,Restaurant,Rice,NonVegeterian,",180,,https://drive.google.com/file/d/1m3w32FBUZW3kPqSvbQQo4YZ7i9Si-LWc/view?usp=sharing,https://d32jc9rx98ldq0.cloudfront.net/staging/inventory/compressed/food20220127/ChickenPulaoBoneless3.jpg,235,
Chicken Kashmiri Biryani,ProductType,39,"Inventory,Food,Restaurant,Rice,NonVegeterian,",200,,https://drive.google.com/file/d/1UrewECthyMvpD3NcOR2X7N8YUJvjk5bn/view?usp=sharing,https://d32jc9rx98ldq0.cloudfront.net/staging/inventory/compressed/food20220127/ChickenKashmiriBiryani.jpg,260,
Chicken Zaffrani Biryani (Boneless),ProductType,40,"Inventory,Food,Restaurant,Rice,NonVegeterian,",250,,https://drive.google.com/file/d/1c-PTSDQUPYD35obVgrpNzeYCAZNcot8A/view?usp=sharing,https://d32jc9rx98ldq0.cloudfront.net/staging/inventory/compressed/pendingInventoryImages/ChickenZaffraniBiryaniBoneless2.jpg,,
Chicken Punjabi Rice,ProductType,41,"Inventory,Food,Restaurant,Rice,NonVegeterian,",380,,https://drive.google.com/file/d/1joVhHPusap5P6UGpEJTDXnFE1O8rhMpo/view?usp=sharing,https://d32jc9rx98ldq0.cloudfront.net/staging/inventory/compressed/pendingInventoryImages/ChickenPunjabiRice.jpg,,
Chicken Mughlai Rice,ProductType,42,"Inventory,Food,Restaurant,Rice,NonVegeterian,",300,,https://drive.google.com/file/d/1wwabwAnqE2GKW_UUFfnObqxHaTjlLnU8/view?usp=sharing,https://d32jc9rx98ldq0.cloudfront.net/staging/inventory/compressed/pendingInventoryImages/ChickenMughlaiRice.jpg,390,
Chicken Russsian Rice,ProductType,43,"Inventory,Food,Restaurant,Rice,NonVegeterian,",400,,https://drive.google.com/file/d/1d3JlhRKZ_yqDJUTnLnjxYYsA_7XaD8kE/view?usp=sharing,https://d32jc9rx98ldq0.cloudfront.net/staging/inventory/compressed/pendingInventoryImages/ChickenRusssianRice.jpg,,
Khasa Rice,ProductType,44,"Inventory,Food,Restaurant,Rice,NonVegeterian,",320,,not found,,,
Khapsa Rice,ProductType,45,"Inventory,Food,Restaurant,Rice,NonVegeterian,",1200,,https://drive.google.com/file/d/12IH7ku455QN-c5YIrzRiJA1Ydy0mvxa5/view?usp=sharing,https://d32jc9rx98ldq0.cloudfront.net/staging/inventory/compressed/pendingInventoryImages/KhapsaRice.jpg,,
Khapsa Rice Full,ProductUnit,46,"Inventory,Food,Restaurant,Rice,NonVegeterian,Khapsa Rice,",1200,,https://drive.google.com/file/d/1VNBX9Kqev_Dzh9IQ_onez40UxjVPQogh/view?usp=sharing,https://d32jc9rx98ldq0.cloudfront.net/staging/inventory/compressed/food20220127/KhapsaRiceFull.jpg,,
Khapsa Rice Half,ProductUnit,47,"Inventory,Food,Restaurant,Rice,NonVegeterian,Khapsa Rice,",800,,https://drive.google.com/file/d/1j6J4DcrKNZ2G7giwp-RlKZ_zHbVIr1Iu/view?usp=sharing,https://d32jc9rx98ldq0.cloudfront.net/staging/inventory/compressed/food20220127/KhapsaRiceHalf.jpg,,
China Town Family Chicken Spl Rice,ProductType,48,"Inventory,Food,Restaurant,Rice,NonVegeterian,",600,,https://drive.google.com/file/d/1auXs487huRpux1XiQGMWTUtaW8vveEbM/view?usp=sharing,https://d32jc9rx98ldq0.cloudfront.net/staging/inventory/compressed/pendingInventoryImages/ChinaTownFamilyChickenSplRice.jpg,,
Mix Triple Rice,ProductType,49,"Inventory,Food,Restaurant,Rice,NonVegeterian,",300,,https://drive.google.com/file/d/1xin1R968YEFxhv7Br0U5HkDPzgmrj5Bm/view?usp=sharing,https://d32jc9rx98ldq0.cloudfront.net/staging/inventory/compressed/food20220127/MixTripleRice.jpg,390,
Prawns Manchurian Rice,ProductType,50,"Inventory,Food,Restaurant,Rice,NonVegeterian,",230,,https://drive.google.com/file/d/1f-n3DpjkR1DTqU13CNYaF_5HpT5cH7vz/view?usp=sharing,https://d32jc9rx98ldq0.cloudfront.net/staging/inventory/compressed/restaurant-2/Prawns-Manchurian-Rice.gif,,
Prawns Triple Rice,ProductType,51,"Inventory,Food,Restaurant,Rice,NonVegeterian,",250,,https://drive.google.com/file/d/1Amv0frPuX11XTG0m5qVekHSsNq8W049o/view?usp=sharing,https://d32jc9rx98ldq0.cloudfront.net/staging/inventory/compressed/food03022022/PrawnsTripleRice.jpg,325,
Prawns Fried Rice,ProductType,52,"Inventory,Food,Restaurant,Rice,NonVegeterian,",180,,https://drive.google.com/file/d/17ralW80fRL_O5NQvRDrsBb9ECFPK07-5/view?usp=sharing,https://d32jc9rx98ldq0.cloudfront.net/staging/inventory/compressed/restaurant-2/Prawns-Fried-Rice.jpg,,
Shawarma,ProductClass,1,"Inventory,Food,Restaurant,",,,https://drive.google.com/file/d/1Y54uPsTWjJovVUmdEGjBCx5cggJtSNE8/view?usp=sharing,https://d32jc9rx98ldq0.cloudfront.net/staging/inventory/compressed/food03022022/Shawarma.jpg,,
NonVegeterian,ProductLine,2,"Inventory,Food,Restaurant,Shawarma,",,,,,,
Vegeterian,ProductLine,3,"Inventory,Food,Restaurant,Shawarma,",,,,,,
Shawarma Pav,ProductType,4,"Inventory,Food,Restaurant,Shawarma,NonVegeterian,",30,,https://drive.google.com/file/d/1rR8KIEjkpTBA926zag4vTLXA6iv86U5m/view?usp=sharing,https://d32jc9rx98ldq0.cloudfront.net/staging/inventory/compressed/food20220127/ShawarmaPav.jpg,40,
Shawarma Khabus,ProductType,5,"Inventory,Food,Restaurant,Shawarma,NonVegeterian,",60,,https://drive.google.com/file/d/1Tad90UH9M3uqB3YA4Pd3mjLXWUSJtFaz/view?usp=sharing,https://d32jc9rx98ldq0.cloudfront.net/staging/inventory/compressed/food20220127/ShawarmaKhabus.jpg,80,
Capsicum Shawarma,ProductType,6,"Inventory,Food,Restaurant,Shawarma,NonVegeterian,",70,,https://drive.google.com/file/d/1DDRkgwbt619D9Ivhc_H50tSCot5sTFbl/view?usp=sharing,https://d32jc9rx98ldq0.cloudfront.net/staging/inventory/compressed/food22240622/CapsicumShawarma.jpg,90,
Spl Shawarma Khabus Cheese,ProductType,7,"Inventory,Food,Restaurant,Shawarma,NonVegeterian,",80,,https://drive.google.com/file/d/1iMnYE7kzDmPYMLPI1LrGzLL3vRYy14rm/view?usp=sharing,https://d32jc9rx98ldq0.cloudfront.net/staging/inventory/compressed/food20220127/SplShawarmaKhabusCheese.jpg,,
Spl Chaina Town,ProductType,8,"Inventory,Food,Restaurant,Shawarma,NonVegeterian,",100,,not found,,,
Arabian Shawarma,ProductType,9,"Inventory,Food,Restaurant,Shawarma,NonVegeterian,",150,,https://drive.google.com/file/d/1kfbZWLhtIwv1ArM0J7nOND6lMisW3IFU/view?usp=sharing,https://d32jc9rx98ldq0.cloudfront.net/staging/inventory/compressed/pendingInventoryImages/ArabianShawarma.jpg,200,
Open Shawarma,ProductType,10,"Inventory,Food,Restaurant,Shawarma,NonVegeterian,",150,,https://drive.google.com/file/d/1aJ7QXkjaqT-pv4B3Aorg1USGQGe7hZkj/view?usp=sharing,https://d32jc9rx98ldq0.cloudfront.net/staging/inventory/compressed/pendingInventoryImages/OpenShawarma.jpg,200,
Extra Mayonnaise,ProductType,11,"Inventory,Food,Restaurant,Shawarma,NonVegeterian,",10,,https://drive.google.com/file/d/1ZB_6XGTuTvtytfMbfWWpYnupwt6IlcRR/view?usp=sharing,https://d32jc9rx98ldq0.cloudfront.net/staging/inventory/compressed/food22240622/ExtraMayonnaise.jpg,,
Paneer Pav,ProductType,12,"Inventory,Food,Restaurant,Shawarma,NonVegeterian,",50,,https://drive.google.com/file/d/1RCWfPZoyyjJ3_drhL7PSHg5G4ZStO8wa/view?usp=sharing,https://d32jc9rx98ldq0.cloudfront.net/staging/inventory/compressed/food20220127/PaneerPav.jpg,,
Paneer Shawarma,ProductType,13,"Inventory,Food,Restaurant,Shawarma,NonVegeterian,",80,,https://drive.google.com/file/d/11zC8JQqr5rZeDjEjWLpxR96GxjaMbr6e/view?usp=sharing,https://d32jc9rx98ldq0.cloudfront.net/staging/inventory/compressed/food20220127/PaneerShawarma.jpg,,
Tandoori Kabab,ProductClass,1,"Inventory,Food,Restaurant,",,,https://drive.google.com/file/d/1XIWFSHcqTV6YJp7LUeZk0sAwPZMwwM5L/view?usp=sharing,https://d32jc9rx98ldq0.cloudfront.net/staging/inventory/compressed/food20220127/TandooriKabab.jpg,,
NonVegeterian,ProductLine,2,"Inventory,Food,Restaurant,Tandoori Kabab,",,,,,,
Vegeterian,ProductLine,3,"Inventory,Food,Restaurant,Tandoori Kabab,",,,,,,
Chicken Tandoori,ProductType,4,"Inventory,Food,Restaurant,Tandoori Kabab,NonVegeterian,",300,,https://drive.google.com/file/d/1WlsvcyYyU9mZXDHlzoLVNwQ8JF_WAj5Q/view?usp=sharing,https://d32jc9rx98ldq0.cloudfront.net/staging/inventory/compressed/restaurant-2/ChickenTandooriFull.jpg,,
Chicken Tandoori Full,ProductType,5,"Inventory,Food,Restaurant,Tandoori Kabab,NonVegeterian,",300,,https://drive.google.com/file/d/1WtS9O3XVpgq9-mUPuTBQQFLXAjrLodPx/view?usp=sharing,https://d32jc9rx98ldq0.cloudfront.net/staging/inventory/compressed/restaurant-2/ChickenTandooriFull.jpg,,
Chicken Tandoori Half,ProductType,6,"Inventory,Food,Restaurant,Tandoori Kabab,NonVegeterian,",180,,https://drive.google.com/file/d/1SOqQCUJJweBBc-U9Auh5ahkIQbaIHhRn/view?usp=sharing,https://d32jc9rx98ldq0.cloudfront.net/staging/inventory/compressed/restaurant-2/ChickenTandooriHalf.jpg,,
Chicken Tikka 6Pcs,ProductType,7,"Inventory,Food,Restaurant,Tandoori Kabab,NonVegeterian,",160,,https://drive.google.com/file/d/1Sjm3sh8SoQHM6rGKo_8_p48dv49bGknM/view?usp=sharing,https://d32jc9rx98ldq0.cloudfront.net/staging/inventory/compressed/restaurant-2/ChickenTikka6pcs.jpg,210,
Chicken Pahadi 6Pcs,ProductType,8,"Inventory,Food,Restaurant,Tandoori Kabab,NonVegeterian,",160,,https://drive.google.com/file/d/1w3E2tRaP0hreOfSVI80TFZzJ4LX1_9Zu/view?usp=sharing,https://d32jc9rx98ldq0.cloudfront.net/staging/inventory/compressed/food03022022/ChickenPahadi6pcs.jpg,210,
Chicken Reshmi Kabab 6Pcs,ProductType,9,"Inventory,Food,Restaurant,Tandoori Kabab,NonVegeterian,",160,,https://drive.google.com/file/d/1WrfhlKocXQJ8_VYBroTgLW0rMrOUhImm/view?usp=sharing,https://d32jc9rx98ldq0.cloudfront.net/staging/inventory/compressed/food03022022/ChickenReshmiKabab6Pcs.jpg,210,
Chicken Banjara Kabab 6Pcs,ProductType,10,"Inventory,Food,Restaurant,Tandoori Kabab,NonVegeterian,",160,,https://drive.google.com/file/d/17T-ZXgCYV2rrKhvQtNLPXdwwG7GR9JRH/view?usp=sharing,https://d32jc9rx98ldq0.cloudfront.net/staging/inventory/compressed/restaurant-2/ChickenBanjaraKabab.jpg,210,
Chicken Malai Kabab,ProductType,11,"Inventory,Food,Restaurant,Tandoori Kabab,NonVegeterian,",160,,https://drive.google.com/file/d/1a4XyTDYpI_C8ydYS80ZxwEl2hd5T9P9k/view?usp=sharing,https://d32jc9rx98ldq0.cloudfront.net/staging/inventory/compressed/restaurant-2/ChickenMalaiKabab.jpg,210,
Chicken Leg Piece,ProductType,12,"Inventory,Food,Restaurant,Tandoori Kabab,NonVegeterian,",130,,https://drive.google.com/file/d/1ODdpZhyNV57PXbgk6pBg5Q8D-M37-6jZ/view?usp=sharing,https://d32jc9rx98ldq0.cloudfront.net/staging/inventory/compressed/restaurant-2/ChickenLegPiece.jpg,170,
Chicken Lemon Tandoori,ProductType,13,"Inventory,Food,Restaurant,Tandoori Kabab,NonVegeterian,",410,,https://drive.google.com/file/d/1VqhYK9sxGEN2O-06Pmbc13idOA-LCSB8/view?usp=sharing,https://d32jc9rx98ldq0.cloudfront.net/staging/inventory/compressed/food03022022/ChickenLemonTandoori.jpg,535,
Chicken Arbi Tandoori,ProductType,14,"Inventory,Food,Restaurant,Tandoori Kabab,NonVegeterian,",400,,https://drive.google.com/file/d/1YASP3hu2AQF9tYWMhAOToaIzntl9BANU/view?usp=sharing,https://d32jc9rx98ldq0.cloudfront.net/staging/inventory/compressed/food20220127/ChickenArbiTandoori.jpg,520,
Chicken Pahadi Tandoori,ProductType,15,"Inventory,Food,Restaurant,Tandoori Kabab,NonVegeterian,",400,,https://drive.google.com/file/d/1OrEqQEmtq5V3ScpfGlqALsfdu-E96NOA/view?usp=sharing,https://d32jc9rx98ldq0.cloudfront.net/staging/inventory/compressed/food03022022/ChickenPahadiTandoori.jpg,520,
Schezwan Tandoori,ProductType,16,"Inventory,Food,Restaurant,Tandoori Kabab,NonVegeterian,",420,,https://drive.google.com/file/d/1ATVsHXzcBEtJQa6la1TyllC0rXIO29uL/view?usp=sharing,https://d32jc9rx98ldq0.cloudfront.net/staging/inventory/compressed/imgs-2/SchezwanTandoori.jpg,520,
China Town Special Tandoori,ProductType,17,"Inventory,Food,Restaurant,Tandoori Kabab,NonVegeterian,",400,,https://drive.google.com/file/d/1J5e_W5-rervyvS_M0SK1f3wGAVJJtSek/view?usp=sharing,https://d32jc9rx98ldq0.cloudfront.net/staging/inventory/compressed/food20220127/ChinaTownSpecialTandoori.jpg,520,
Non Veg Starters,ProductClass,1,"Inventory,Food,Restaurant,",,,https://drive.google.com/file/d/1iJFHOqvEmWhTzQrh4IOxXbgF3z-mJKxN/view?usp=sharing,https://d32jc9rx98ldq0.cloudfront.net/staging/inventory/compressed/food03022022/NonVegStarters.jpg,,
NonVegeterian,ProductLine,2,"Inventory,Food,Restaurant,Non Veg Starters,",,,,,,
Vegeterian,ProductLine,3,"Inventory,Food,Restaurant,Non Veg Starters,",,,,,,
Chicken Lollypop Oil Fry 6Pcs,ProductType,4,"Inventory,Food,Restaurant,Non Veg Starters,NonVegeterian,",140,,https://drive.google.com/file/d/1Wyb2qjfJh0mVpN1MP-mkEUP3Xzcb7Hu4/view?usp=sharing,https://d32jc9rx98ldq0.cloudfront.net/staging/inventory/compressed/food20220127/ChickenLollypopOilFry6Pcs.jpg,,
Chicken Lollypop Oil Fry 6Pcs,ProductType,5,"Inventory,Food,Restaurant,Non Veg Starters,NonVegeterian,",90,,https://drive.google.com/file/d/1Wyb2qjfJh0mVpN1MP-mkEUP3Xzcb7Hu4/view?usp=sharing,https://d32jc9rx98ldq0.cloudfront.net/staging/inventory/compressed/food20220127/ChickenLollypopOilFry6Pcs.jpg,,
Chicken Lollypop Gravy,ProductType,6,"Inventory,Food,Restaurant,Non Veg Starters,NonVegeterian,",200,,https://drive.google.com/file/d/1k5pAUekgZ0SGP3BVH4NaySMR47CZJaOH/view?usp=sharing,https://d32jc9rx98ldq0.cloudfront.net/staging/inventory/compressed/restaurant-2/ChickenLollypopGravy.jpg,,
Chicken Crispy,ProductType,7,"Inventory,Food,Restaurant,Non Veg Starters,NonVegeterian,",200,,https://drive.google.com/file/d/1uR2GNv5IoIsrnFaGWRgpoGxp8X1aTUVY/view?usp=sharing,https://d32jc9rx98ldq0.cloudfront.net/staging/inventory/compressed/restaurant-2/ChickenCrispy.jpg,260,
Chicken 65,ProductType,8,"Inventory,Food,Restaurant,Non Veg Starters,NonVegeterian,",200,,https://drive.google.com/file/d/1KiB00yMYljrQJTd8pi_-yERqqS-9omgS/view?usp=sharing,https://d32jc9rx98ldq0.cloudfront.net/staging/inventory/compressed/restaurant-2/Chicken65.jpg,260,
Chicken Hong Kong,ProductType,9,"Inventory,Food,Restaurant,Non Veg Starters,NonVegeterian,",200,,https://drive.google.com/file/d/1QIldWsEtr2Jvhi1rjIvRZSACmE9uwVp3/view?usp=sharing,https://d32jc9rx98ldq0.cloudfront.net/staging/inventory/compressed/restaurant-2/ChickenHongkong.jpg,,
Chicken Schezwan,ProductType,10,"Inventory,Food,Restaurant,Non Veg Starters,NonVegeterian,",200,,https://drive.google.com/file/d/1AquNWlxD-pN7Ahkn7qekj75GaMhlxec1/view?usp=sharing,https://d32jc9rx98ldq0.cloudfront.net/staging/inventory/compressed/restaurant-2/ChickenSchezwan.jpg,260,
Chicken Singapore,ProductType,11,"Inventory,Food,Restaurant,Non Veg Starters,NonVegeterian,",210,,https://drive.google.com/file/d/1lqz9JdOyPhGHAZ49fqdMKWmqjxd5v2TE/view?usp=sharing,https://d32jc9rx98ldq0.cloudfront.net/staging/inventory/compressed/restaurant-2/ChickenSingapore.jpg,265,
Chicken Chilly,ProductType,12,"Inventory,Food,Restaurant,Non Veg Starters,NonVegeterian,",200,,https://drive.google.com/file/d/1q5IG24LEbdbQCrNjAqxLnoC8v4Xs1TuE/view?usp=sharing,https://d32jc9rx98ldq0.cloudfront.net/staging/inventory/compressed/restaurant-2/ChickenChilly.jpg,,
Chicken Chilly Full,ProductType,13,"Inventory,Food,Restaurant,Non Veg Starters,NonVegeterian,",200,,https://drive.google.com/file/d/1XtTlKP3G2YqbpNVAV_kbD2fNZPT-W6KB/view?usp=sharing,https://d32jc9rx98ldq0.cloudfront.net/staging/inventory/compressed/food20220127/ChickenChillyFull.jpg,,
Chicken Chilly Half,ProductType,14,"Inventory,Food,Restaurant,Non Veg Starters,NonVegeterian,",140,,https://drive.google.com/file/d/1OE6KLrS2-EoG_Xk7PemdCnpkRZzkbU7i/view?usp=sharing,https://d32jc9rx98ldq0.cloudfront.net/staging/inventory/compressed/pendingInventoryImages/ChickenChillyHalf2.jpg,180,
Chicken Manchurian,ProductType,15,"Inventory,Food,Restaurant,Non Veg Starters,NonVegeterian,",200,,https://drive.google.com/file/d/1bda5swwEFGvjQlk_NAqTfTgkbaWFSX_V/view?usp=sharing,https://d32jc9rx98ldq0.cloudfront.net/staging/inventory/compressed/restaurant-2/ChickenManchurian.jpg,,
Chicken American Chopsuey,ProductType,16,"Inventory,Food,Restaurant,Non Veg Starters,NonVegeterian,",210,,https://drive.google.com/file/d/1h8aKdiRVkRhtW2GYQ05-5z2qbNeNQXNA/view?usp=sharing,https://d32jc9rx98ldq0.cloudfront.net/staging/inventory/compressed/restaurant-2/ChickenAmericanChopsy.jpg,,
Chicken Chinese Bhel,ProductType,17,"Inventory,Food,Restaurant,Non Veg Starters,NonVegeterian,",110,,https://drive.google.com/file/d/17xGl2UqVG93xorFiusEaytBX0AMRpQii/view?usp=sharing,https://d32jc9rx98ldq0.cloudfront.net/staging/inventory/compressed/pendingInventoryImages/ChickenChineseBhel.jpg,145,
Chicken Hot & Garlic,ProductType,18,"Inventory,Food,Restaurant,Non Veg Starters,NonVegeterian,",210,,https://drive.google.com/file/d/18nHFmyMRroP3B7j9w2OdQ74tBeAevVPH/view?usp=sharing,https://d32jc9rx98ldq0.cloudfront.net/staging/inventory/compressed/food20220212/ChickenHotGarlic.jpg,,
Chicken Banjara Dry,ProductType,19,"Inventory,Food,Restaurant,Non Veg Starters,NonVegeterian,",250,,https://drive.google.com/file/d/1x0WrRYJULKacIZ1LlucD-3PiBNuwGCeG/view?usp=sharing,https://d32jc9rx98ldq0.cloudfront.net/staging/inventory/compressed/food20220127/ChickenBanjaraDry.jpg,325,
Chicken Ferrari Crispy,ProductType,20,"Inventory,Food,Restaurant,Non Veg Starters,NonVegeterian,",230,,https://drive.google.com/file/d/1p-7VS7-m00aMdmSRw8zn_OH2ek1Mrzy-/view?usp=sharing,https://d32jc9rx98ldq0.cloudfront.net/staging/inventory/compressed/food20220127/ChickenFerrariCrispy.jpg,300,
Chicken satey,ProductType,21,"Inventory,Food,Restaurant,Non Veg Starters,NonVegeterian,",210,,https://drive.google.com/file/d/1dojvtSz3r12qU8gX2SfGrtHn_Wp1sT9t/view?usp=sharing,https://d32jc9rx98ldq0.cloudfront.net/staging/inventory/compressed/food03022022/ChickenSatey.jpg,275,
Chicken Dragon,ProductType,22,"Inventory,Food,Restaurant,Non Veg Starters,NonVegeterian,",250,,https://drive.google.com/file/d/1PhJK8g5_mR3AtLZC1tsJKt0LKsO8csgG/view?usp=sharing,https://d32jc9rx98ldq0.cloudfront.net/staging/inventory/compressed/restaurant-2/ChickenCrispy.jpg,325,
Chicken Crispy Frankie,ProductType,23,"Inventory,Food,Restaurant,Non Veg Starters,NonVegeterian,",190,,https://drive.google.com/file/d/1Ppv1fX-CO1wP2Kk0Xtzm0W30-apSD60k/view?usp=sharing,https://d32jc9rx98ldq0.cloudfront.net/staging/inventory/compressed/pendingInventoryImages/ChickenCrispyFrankie.jpg,245,
Chicken Leg oil Fry,ProductType,24,"Inventory,Food,Restaurant,Non Veg Starters,NonVegeterian,",130,,https://drive.google.com/file/d/1fU2u8-odXwUoSAgeBSPq2KAc1RlWhv5E/view?usp=sharing,https://d32jc9rx98ldq0.cloudfront.net/staging/inventory/compressed/pendingInventoryImages/ChickenLegoilFry2.jpg,170,
Chicken Pakoda 250gm,ProductType,25,"Inventory,Food,Restaurant,Non Veg Starters,NonVegeterian,",100,,https://drive.google.com/file/d/1YaZy7qcTUgnf2NakOTDZjUtpv7b6jO0r/view?usp=sharing,https://d32jc9rx98ldq0.cloudfront.net/staging/inventory/compressed/food20220127/ChickenPakoda250gm.jpg,130,
Chicken Finger,ProductType,26,"Inventory,Food,Restaurant,Non Veg Starters,NonVegeterian,",180,,https://drive.google.com/file/d/1yPdSOlxpwrTSnGhjqwttk8MAOVeGLeSy/view?usp=sharing,https://d32jc9rx98ldq0.cloudfront.net/staging/inventory/compressed/food20220127/ChickenFinger.jpg,210,
Chicken Salt & Pepper,ProductType,27,"Inventory,Food,Restaurant,Non Veg Starters,NonVegeterian,",180,,https://drive.google.com/file/d/1UK6LxHXABkNZIsllSolLxOaWBfjU7hsV/view?usp=sharing,https://d32jc9rx98ldq0.cloudfront.net/staging/inventory/compressed/food20220127/ChickenSaltPepper.jpg,,
Chicken Roasted,ProductType,28,"Inventory,Food,Restaurant,Non Veg Starters,NonVegeterian,",310,,https://drive.google.com/file/d/1L3aTlS7po9mIzf-W0rV7vNvSNldB4lyf/view?usp=sharing,https://d32jc9rx98ldq0.cloudfront.net/staging/inventory/compressed/food20220127/ChickenRoasted.jpg,405,
Chicken Kalimiri,ProductType,29,"Inventory,Food,Restaurant,Non Veg Starters,NonVegeterian,",310,,https://drive.google.com/file/d/1w_l6meAOLoYiEfJBucwHUbEBZ07U0dL1/view?usp=sharing,https://d32jc9rx98ldq0.cloudfront.net/staging/inventory/compressed/foodlinksgapApril25/ChickenKaliMiri.jpg,,
Chicken Tangy & Sour,ProductType,30,"Inventory,Food,Restaurant,Non Veg Starters,NonVegeterian,",200,,https://drive.google.com/file/d/1ab2NK_BdcafHL6ybWroywUVPBbreXyCU/view?usp=sharing,https://d32jc9rx98ldq0.cloudfront.net/staging/inventory/compressed/pendingInventoryImages/ChickenTangySour.jpg,,
Chicken Hot Pan,ProductType,31,"Inventory,Food,Restaurant,Non Veg Starters,NonVegeterian,",250,,,,325,
Chicken Fry Chinese Style,ProductType,32,"Inventory,Food,Restaurant,Non Veg Starters,NonVegeterian,",280,,https://drive.google.com/file/d/1z-PRPqRW__z8mOtnLx9HG3E9XZDZxH-0/view?usp=sharing,https://d32jc9rx98ldq0.cloudfront.net/staging/inventory/compressed/pendingInventoryImages/ChickenFryChineseStyle2.jpg,365,
Chicken Garlic,ProductType,33,"Inventory,Food,Restaurant,Non Veg Starters,NonVegeterian,",220,,https://drive.google.com/file/d/1DA1aGftxttdGBEkGsCZu8TWnLqvA_PnM/view?usp=sharing,https://d32jc9rx98ldq0.cloudfront.net/staging/inventory/compressed/restaurant-2/ChickenGarlic.jpg,290,
Chicken Lollypop Chatpata 6Pcs,ProductType,34,"Inventory,Food,Restaurant,Non Veg Starters,NonVegeterian,",220,,https://drive.google.com/file/d/13qWFy8kB4nlx2g_MGE4E6PFFNaO3LLwb/view?usp=sharing,https://d32jc9rx98ldq0.cloudfront.net/staging/inventory/compressed/food20220127/ChickenLollypopChatpata6Pcs.jpg,290,
Chicken Schezwan Dry,ProductType,35,"Inventory,Food,Restaurant,Non Veg Starters,NonVegeterian,",220,,https://drive.google.com/file/d/1jGUAwUnDPMQINUAashh3nNiZHEcJoYpm/view?usp=sharing,https://d32jc9rx98ldq0.cloudfront.net/staging/inventory/compressed/restaurant-2/ChickenSchezwanDry.jpg,290,
Chicken Lollypop Masala Dry 6Pcs,ProductType,36,"Inventory,Food,Restaurant,Non Veg Starters,NonVegeterian,",200,,https://drive.google.com/file/d/1Guy4nKAbdZbiAR3ahjIDbtcCjv1L8Pgg/view?usp=sharing,https://d32jc9rx98ldq0.cloudfront.net/staging/inventory/compressed/food20220127/ChickenLollypopMasalaDry6Pcs.jpg,260,
Chicken American Chopsuey,ProductType,37,"Inventory,Food,Restaurant,Non Veg Starters,NonVegeterian,",220,,https://drive.google.com/file/d/1h8aKdiRVkRhtW2GYQ05-5z2qbNeNQXNA/view?usp=sharing,https://d32jc9rx98ldq0.cloudfront.net/staging/inventory/compressed/restaurant-2/ChickenAmericanChopsy.jpg,275,
Non Veg Soup,ProductClass,1,"Inventory,Food,Restaurant,",,,https://drive.google.com/file/d/1Hbp-FJYzKQCQxCxcxLhPm5xBPgnqR28g/view?usp=sharing,https://d32jc9rx98ldq0.cloudfront.net/staging/inventory/compressed/food240522/NonVegSoup.jpg,,
NonVegeterian,ProductLine,2,"Inventory,Food,Restaurant,Non Veg Soup,",,,,,,
Vegeterian,ProductLine,3,"Inventory,Food,Restaurant,Non Veg Soup,",,,,,,
Chicken Manchow Soup,ProductType,4,"Inventory,Food,Restaurant,Non Veg Soup,NonVegeterian,",110,,https://drive.google.com/file/d/1v5C-QmonfLhh4R3NaUtzqEiQkPKBbVcq/view?usp=sharing,https://d32jc9rx98ldq0.cloudfront.net/staging/inventory/compressed/restaurant-2/ChickenManchowSoup.jpg,145,
Chicken Hot & Sour Soup,ProductType,5,"Inventory,Food,Restaurant,Non Veg Soup,NonVegeterian,",110,,https://drive.google.com/file/d/1CpxPCtVQdTgZidjhxWS-oatAe6cfdDp9/view?usp=sharing,https://d32jc9rx98ldq0.cloudfront.net/staging/inventory/compressed/restaurant-2/ChickenHotSourSoup.jpg,,
Chicken Lung Fung Soup,ProductType,6,"Inventory,Food,Restaurant,Non Veg Soup,NonVegeterian,",110,,https://drive.google.com/file/d/1pMSVPG0Y793nUK3IZ2g0qWjimB6h8dlu/view?usp=sharing,https://d32jc9rx98ldq0.cloudfront.net/staging/inventory/compressed/restaurant-2/ChickenLungFungSoup.jpg,145,
Chicken Special Soup,ProductType,7,"Inventory,Food,Restaurant,Non Veg Soup,NonVegeterian,",100,,https://drive.google.com/file/d/1L_CV0dHmQjO5ZxwF34K1ltVBm8pwDpbF/view?usp=sharing,https://d32jc9rx98ldq0.cloudfront.net/staging/inventory/compressed/pendingInventoryImages/ChickenSpecialSoup2.jpg,,
Chicken Royal Soup,ProductType,8,"Inventory,Food,Restaurant,Non Veg Soup,NonVegeterian,",100,,https://drive.google.com/file/d/1DC1axCijqKePDW1xezkd01uc-VoEC3em/view?usp=sharing,https://d32jc9rx98ldq0.cloudfront.net/staging/inventory/compressed/food03022022/ChickenRoyalSoup.jpg,130,
Chicken Sweet Corn Soup,ProductType,9,"Inventory,Food,Restaurant,Non Veg Soup,NonVegeterian,",130,,https://drive.google.com/file/d/10oRpNZ835MesIej31IYYfc7NYNE1XqBo/view?usp=sharing,https://d32jc9rx98ldq0.cloudfront.net/staging/inventory/compressed/restaurant-2/ChickenSweetCornSoup.jpg,170,
Chicken Chaina Town Spl Soup,ProductType,10,"Inventory,Food,Restaurant,Non Veg Soup,NonVegeterian,",160,,https://drive.google.com/file/d/13sRdJpdVmsSoP-9LFX3Gkpb4n7G9cs2W/view?usp=sharing,https://d32jc9rx98ldq0.cloudfront.net/staging/inventory/compressed/food240522/ChickenChainaTownSplSoup.jpg,,
Chicken Tomato Soup,ProductType,11,"Inventory,Food,Restaurant,Non Veg Soup,NonVegeterian,",110,,https://drive.google.com/file/d/1KgE1Pj9yZgQrpiq4VhQKar5aT0dgsbun/view?usp=sharing,https://d32jc9rx98ldq0.cloudfront.net/staging/inventory/compressed/food03022022/ChickenTomatoSoup.jpg,145,
