label,nodeType,order,path,price,description,link,imageLink,Zomato
Breakfast,ProductClass,1,"Inventory,Food,Restaurant,",,,,https://d32jc9rx98ldq0.cloudfront.net/staging/inventory/compressed/categoryimages3/Breakfast.jpg,
Vegeterian,ProductLine,2,"Inventory,Food,Restaurant,Breakfast,",,,,https://d32jc9rx98ldq0.cloudfront.net/staging/inventory/compressed/restaurant-2/Salad.jpg,
NonVegeterian,ProductLine,3,"Inventory,Food,Restaurant,Breakfast,",,,,,
Kande Pohe,ProductType,4,"Inventory,Food,Restaurant,Breakfast,Vegeterian,",53,,https://drive.google.com/file/d/1Ss9I_NlNi5BlNatGXZqim7rN8-ntWLRy/view?usp=sharing,https://d32jc9rx98ldq0.cloudfront.net/staging/inventory/compressed/food04182022/KandePohe.jpg,
Batate Pohe,ProductType,5,"Inventory,Food,Restaurant,Breakfast,Vegeterian,",53,,https://drive.google.com/file/d/1jqLF699TKjhHi0NZDZcyTeoQdtP5xcUg/view?usp=sharing,https://d32jc9rx98ldq0.cloudfront.net/staging/inventory/compressed/food04182022/BatatePohe.jpg,
Tareey Pohe,ProductType,6,"Inventory,Food,Restaurant,Breakfast,Vegeterian,",63,,https://drive.google.com/file/d/1WhJjGgBcaMrivHcOXZkSQqqAe1twKUde/view?usp=sharing,https://d32jc9rx98ldq0.cloudfront.net/staging/inventory/compressed/food04182022/TareeyPohe.jpg,
Batata Vada,ProductType,7,"Inventory,Food,Restaurant,Breakfast,Vegeterian,",42,,https://drive.google.com/file/d/1BLycPnIXSUHlBCFLkej9EIOiBzdi5Lp8/view?usp=sharing,https://d32jc9rx98ldq0.cloudfront.net/staging/inventory/compressed/food04182022/BatataVada.jpg,
Batata Vada Plate,ProductUnit,8,"Inventory,Food,Restaurant,Breakfast,Vegeterian,Batata Vada,",42,,https://drive.google.com/file/d/1qMJvdlrkJcHmXaqbNmdNjNLhVnwN2xg0/view?usp=sharing,https://d32jc9rx98ldq0.cloudfront.net/staging/inventory/compressed/food04182022/BatataVadaPlate.jpg,
Vada Pav,ProductType,9,"Inventory,Food,Restaurant,Breakfast,Vegeterian,",27,,https://drive.google.com/file/d/1y8Uq1xvmcEsnDueHLu64-gdUDukGsU8X/view?usp=sharing,https://d32jc9rx98ldq0.cloudfront.net/staging/inventory/compressed/restaurant-2/VadaPav.jpg,
Vada Pav Single,ProductUnit,10,"Inventory,Food,Restaurant,Breakfast,Vegeterian,Vada Pav,",27,,https://drive.google.com/file/d/13RzDOnD6kT5Itql1IgEOFgwQo3jNzxRd/view?usp=sharing,https://d32jc9rx98ldq0.cloudfront.net/staging/inventory/compressed/food04182022/VadaPavSingle.jpg,
Misal,ProductType,11,"Inventory,Food,Restaurant,Breakfast,Vegeterian,",84,,https://drive.google.com/file/d/1RyjwO6FBYXBixcSbWGrcYRZNgpk5s3i8/view?usp=sharing,https://d32jc9rx98ldq0.cloudfront.net/staging/inventory/compressed/restaurant-2/Misal.jpg,
Misal Pav,ProductType,12,"Inventory,Food,Restaurant,Breakfast,Vegeterian,",95,,https://drive.google.com/file/d/10zM6xFtQkYtAL4YWGywPsxiCdULwwfcN/view?usp=sharing,https://d32jc9rx98ldq0.cloudfront.net/staging/inventory/compressed/restaurant-2/MisalPav.jpg,
Dahi Misal Pav,ProductType,13,"Inventory,Food,Restaurant,Breakfast,Vegeterian,",110,,https://drive.google.com/file/d/1744Cl-Qat5tKsrsWV2XcFuDs3iBo-4YU/view?usp=sharing,https://d32jc9rx98ldq0.cloudfront.net/staging/inventory/compressed/restaurant-2/DahiMisalPav.jpg,
Usal,ProductType,14,"Inventory,Food,Restaurant,Breakfast,Vegeterian,",42,,https://drive.google.com/file/d/1bf8Ml2sqE0rwFFHsK9ok-UI5BzL7DF2T/view?usp=sharing,https://d32jc9rx98ldq0.cloudfront.net/staging/inventory/compressed/grocery20220203/Usal.jpg,
Usal Pav,ProductType,15,"Inventory,Food,Restaurant,Breakfast,Vegeterian,",53,,https://drive.google.com/file/d/1eHVPypTzxrToSJ2DoaYuohtfSaItW3ZJ/view?usp=sharing,https://d32jc9rx98ldq0.cloudfront.net/staging/inventory/compressed/food04182022/UsalPav.jpg,
Vada Usal,ProductType,16,"Inventory,Food,Restaurant,Breakfast,Vegeterian,",53,,https://drive.google.com/file/d/1kiI9mJ7I3SaxqJtUmI68v50EVYA4yPrW/view?usp=sharing,https://d32jc9rx98ldq0.cloudfront.net/staging/inventory/compressed/food04182022/VadaUsal.jpg,
Fakt Tareey,ProductType,17,"Inventory,Food,Restaurant,Breakfast,Vegeterian,",42,,,,
Alu Vadi,ProductType,18,"Inventory,Food,Restaurant,Breakfast,Vegeterian,",105,,https://drive.google.com/file/d/1gq47AY6KjhyQQRfOLO3uFJi91RtLrflt/view?usp=sharing,https://d32jc9rx98ldq0.cloudfront.net/staging/inventory/compressed/food04182022/AluVadi1.jpg,
Alu Vadi Plate,ProductUnit,19,"Inventory,Food,Restaurant,Breakfast,Vegeterian,Alu Vadi,",105,,https://drive.google.com/file/d/1NCNrCYirAMV-BY-YUlBvFkE8Un5byJRA/view?usp=sharing,https://d32jc9rx98ldq0.cloudfront.net/staging/inventory/compressed/food04182022/AluVadiPlate.jpg,
Alu Vadi,ProductType,20,"Inventory,Food,Restaurant,Breakfast,Vegeterian,",53,,https://drive.google.com/file/d/1gq47AY6KjhyQQRfOLO3uFJi91RtLrflt/view?usp=sharing,https://d32jc9rx98ldq0.cloudfront.net/staging/inventory/compressed/food04182022/AluVadi1.jpg,
Alu Vadi Aadhai Plate,ProductUnit,21,"Inventory,Food,Restaurant,Breakfast,Vegeterian,Alu Vadi,",53,,https://drive.google.com/file/d/1yan4prf9l2HLhW48qoUlUmx4hBZKbOds/view?usp=sharing,https://d32jc9rx98ldq0.cloudfront.net/staging/inventory/compressed/food04182022/AluVadiAadhaiPlate.jpg,
Kotimbir Vadi,ProductType,22,"Inventory,Food,Restaurant,Breakfast,Vegeterian,",105,,https://drive.google.com/file/d/1c7_BJi8loxt_0idOrVpgMtptiGT824JK/view?usp=sharing,https://d32jc9rx98ldq0.cloudfront.net/staging/inventory/compressed/food04182022/KotimbirVadi.jpg,
Kotimbir Vadi Plate,ProductUnit,23,"Inventory,Food,Restaurant,Breakfast,Vegeterian,Kotimbir Vadi,",105,,https://drive.google.com/file/d/1VW2bsuYZvsL_YuX0Jv-oyLbJO6-JLW3j/view?usp=sharing,https://d32jc9rx98ldq0.cloudfront.net/staging/inventory/compressed/food04182022/KotimbirVadiPlate.jpg,
Kotimbir Vadi,ProductType,24,"Inventory,Food,Restaurant,Breakfast,Vegeterian,",53,,https://drive.google.com/file/d/1c7_BJi8loxt_0idOrVpgMtptiGT824JK/view?usp=sharing,https://d32jc9rx98ldq0.cloudfront.net/staging/inventory/compressed/food04182022/KotimbirVadi.jpg,
Kotimbir Vadi Adha Plate,ProductUnit,25,"Inventory,Food,Restaurant,Breakfast,Vegeterian,Kotimbir Vadi,",53,,https://drive.google.com/file/d/1wq0i0girFua77DiWf4jT4PiDKK6jhwB-/view?usp=sharing,https://d32jc9rx98ldq0.cloudfront.net/staging/inventory/compressed/food04182022/KotimbirVadiAdhaPlate.jpg,
Batata Bhaji,ProductType,26,"Inventory,Food,Restaurant,Breakfast,Vegeterian,",53,,https://drive.google.com/file/d/1935SwsLYpyW84e368e80aHNU_P-EUVFC/view?usp=sharing,https://d32jc9rx98ldq0.cloudfront.net/staging/inventory/compressed/restaurant-2/BatataBhaji.jpg,
Batata Bhaji Plate,ProductUnit,27,"Inventory,Food,Restaurant,Breakfast,Vegeterian,Batata Bhaji,",53,,https://drive.google.com/file/d/1hr5yHZtdJxgEx7IaiyS_soV7IbkZRoAa/view?usp=sharing,https://d32jc9rx98ldq0.cloudfront.net/staging/inventory/compressed/food04182022/BatataBhajiPlate.jpg,
Kanda Bhaji,ProductType,28,"Inventory,Food,Restaurant,Breakfast,Vegeterian,",53,,https://drive.google.com/file/d/1bf5MHHTbaacB8VIZ1MJgddlOepaGQT0W/view?usp=sharing,https://d32jc9rx98ldq0.cloudfront.net/staging/inventory/compressed/restaurant-2/KandaBhaji.jpg,
Kanda Bhaji Plate,ProductUnit,29,"Inventory,Food,Restaurant,Breakfast,Vegeterian,Kanda Bhaji,",53,,https://drive.google.com/file/d/1LeJfAwd8BftxIXsHXcwI6gFrw43H97cm/view?usp=sharing,https://d32jc9rx98ldq0.cloudfront.net/staging/inventory/compressed/food04182022/KandaBhajiPlate.jpg,
Puri Bhaji,ProductType,30,"Inventory,Food,Restaurant,Breakfast,Vegeterian,",68,,https://drive.google.com/file/d/1c_oQ60JkRMIn0-mQiPpe_55Q96Zhvx3E/view?usp=sharing,https://d32jc9rx98ldq0.cloudfront.net/staging/inventory/compressed/restaurant-2/PuriBhaji.png,
Ghavan Plate,ProductType,31,"Inventory,Food,Restaurant,Breakfast,Vegeterian,",79,,https://drive.google.com/file/d/1UrR3-QakCUsWD4xOhwzPdhCfRIZYmnTX/view?usp=sharing,https://d32jc9rx98ldq0.cloudfront.net/staging/inventory/compressed/food04182022/GhavanPlate.jpg,
Ghavan Plate 2 Pcs,ProductUnit,32,"Inventory,Food,Restaurant,Breakfast,Vegeterian,Ghavan Plate,",79,,https://drive.google.com/file/d/1gEOjA8bgx-ocV_vhUG1_yWHRJhQJQzy_/view?usp=sharing,https://d32jc9rx98ldq0.cloudfront.net/staging/inventory/compressed/food04182022/GhavanPlate2Pcs.jpg,
Shegav Kachori,ProductType,33,"Inventory,Food,Restaurant,Breakfast,Vegeterian,",32,,https://drive.google.com/file/d/1mVCVcal9D9bj6eX1pUQ0gRDcc6M_CSTw/view?usp=sharing,https://d32jc9rx98ldq0.cloudfront.net/staging/inventory/compressed/food04182022/ShegavKachori.jpg,
Shegav Kachori 1 Pcs,ProductUnit,34,"Inventory,Food,Restaurant,Breakfast,Vegeterian,Shegav Kachori,",32,,https://drive.google.com/file/d/1qeGQAoNZfAp2l9DvKDHGkos5ba5gxQyI/view?usp=sharing,https://d32jc9rx98ldq0.cloudfront.net/staging/inventory/compressed/food04182022/ShegavKachori1Pcs.jpg,
Sheera Sajuk Tupacha,ProductType,35,"Inventory,Food,Restaurant,Breakfast,Vegeterian,",63,,https://drive.google.com/file/d/1Bf3l3nAKZxphU6HrxmBM99GNBR5CKD8T/view?usp=sharing,https://d32jc9rx98ldq0.cloudfront.net/staging/inventory/compressed/food04182022/SheeraSajukTupacha.jpg,
Sheera Puri,ProductType,36,"Inventory,Food,Restaurant,Breakfast,Vegeterian,",95,,https://drive.google.com/file/d/1TVf7BxnYNkJJ0BP6jfh0HNLaRwXzfeV3/view?usp=sharing,https://d32jc9rx98ldq0.cloudfront.net/staging/inventory/compressed/food20220127/SheeraPuri.jpg,
Chha Chapati Tupatli,ProductType,37,"Inventory,Food,Restaurant,Breakfast,Vegeterian,",53,,,,
Malida God,ProductType,38,"Inventory,Food,Restaurant,Breakfast,Vegeterian,",53,,,,
Malida Fodni,ProductType,39,"Inventory,Food,Restaurant,Breakfast,Vegeterian,",42,,,,
Fodnicha Bhat,ProductType,40,"Inventory,Food,Restaurant,Breakfast,Vegeterian,",84,,https://drive.google.com/file/d/1FEzoISx5pKGzKVfMfmtR2bQ8S6f7KxrH/view?usp=sharing,https://d32jc9rx98ldq0.cloudfront.net/staging/inventory/compressed/food04182022/FodnichaBhat.jpg,
Thali Pith,ProductType,41,"Inventory,Food,Restaurant,Breakfast,Vegeterian,",100,,https://drive.google.com/file/d/1ntv40GoJ65OPMffyJNOrAQHCMgn_Uix6/view?usp=sharing,https://d32jc9rx98ldq0.cloudfront.net/staging/inventory/compressed/restaurant-5/ThaliPith.jpg,
Thali Pith 2 Pcs,ProductUnit,42,"Inventory,Food,Restaurant,Breakfast,Vegeterian,Thali Pith,",100,,https://drive.google.com/file/d/1AbtaOHbuIs7mVGmlDgFxEpYQzhT8ChX0/view?usp=sharing,https://d32jc9rx98ldq0.cloudfront.net/staging/inventory/compressed/food04182022/ThaliPith2Pcs.jpeg,
Shengdana Thecha,ProductType,43,"Inventory,Food,Restaurant,Breakfast,Vegeterian,",21,,https://drive.google.com/file/d/1sJQMEvaevW_DHFVHCcQsuK-3tqHAA4KU/view?usp=sharing,https://d32jc9rx98ldq0.cloudfront.net/staging/inventory/compressed/food04182022/ShengdanaThecha.jpg,
Shengdana Solapuri Chutney,ProductType,44,"Inventory,Food,Restaurant,Breakfast,Vegeterian,",21,,https://drive.google.com/file/d/1WB_tbQOnoX8HOY789IXGOAjQg1FeKvEf/view?usp=sharing,https://d32jc9rx98ldq0.cloudfront.net/staging/inventory/compressed/food04182022/ShengdanaSolapuriChutney.jpg,
Shengdana Upwasachi Amti,ProductType,45,"Inventory,Food,Restaurant,Breakfast,Vegeterian,",53,,https://drive.google.com/file/d/16pYenfXfr6_FU1xxLenRG4Zo9WVr4Jsb/view?usp=sharing,https://d32jc9rx98ldq0.cloudfront.net/staging/inventory/compressed/food04182022/ShengdanaUpwasachiAmti.jpg,
Shengdanachi Usal,ProductType,46,"Inventory,Food,Restaurant,Breakfast,Vegeterian,",74,,,,
Zheerak,ProductType,47,"Inventory,Food,Restaurant,Breakfast,Vegeterian,",84,,,,
Khalgut,ProductType,48,"Inventory,Food,Restaurant,Breakfast,Vegeterian,",84,,,,
Shengdana Puran Poli,ProductType,49,"Inventory,Food,Restaurant,Breakfast,Vegeterian,",53,,https://drive.google.com/file/d/1rffCCaHF3hT1K5LuMYyix-L62obSWoG0/view?usp=sharing,https://d32jc9rx98ldq0.cloudfront.net/staging/inventory/compressed/food04182022/ShengdanaPuranPoli.jpg,
Shengdana Puran Poli 1 Pcs,ProductUnit,50,"Inventory,Food,Restaurant,Breakfast,Vegeterian,Shengdana Puran Poli,",53,,https://drive.google.com/file/d/1Ekt-16JiIjZp1vwhe2W26mHWceFvSyWQ/view?usp=sharing,https://d32jc9rx98ldq0.cloudfront.net/staging/inventory/compressed/food04182022/ShengdanaPuranPoli1Pcs.jpg,
Shabudana Khichdi,ProductType,51,"Inventory,Food,Restaurant,Breakfast,Vegeterian,",63,,https://drive.google.com/file/d/1zc5ozHe7HImrrNsI95c0Bge4BGf1PS-v/view?usp=sharing,https://d32jc9rx98ldq0.cloudfront.net/staging/inventory/compressed/restaurant-2/Shabudana-Khichdi.jpg,
Shabudana Vada,ProductType,52,"Inventory,Food,Restaurant,Breakfast,Vegeterian,",84,,https://drive.google.com/file/d/1w9jQIgXV_TuPz5p-eh_N91XiyWCYbu6x/view?usp=sharing,https://d32jc9rx98ldq0.cloudfront.net/staging/inventory/compressed/food04182022/ShabudanaVada.jpg,
Bhagar Khichdi,ProductType,53,"Inventory,Food,Restaurant,Breakfast,Vegeterian,",84,,https://drive.google.com/file/d/1zlZuV6PncOlAX2rlzAeSzwvn1bJRYkHM/view?usp=sharing,https://d32jc9rx98ldq0.cloudfront.net/staging/inventory/compressed/food04182022/BhagarKhichdi.jpg,
Rajgira Puri Ani Batata Bhazi,ProductType,54,"Inventory,Food,Restaurant,Breakfast,Vegeterian,",84,,,,
Bhagar Bhat Ani Shengdanachi Amti,ProductType,55,"Inventory,Food,Restaurant,Breakfast,Vegeterian,",21,,,,
Beverages,ProductClass,1,"Inventory,Food,Restaurant,",,,,https://d32jc9rx98ldq0.cloudfront.net/staging/inventory/compressed/categoryimages3/Beverages.jpg,
Vegeterian,ProductLine,2,"Inventory,Food,Restaurant,Beverages,",,,,https://d32jc9rx98ldq0.cloudfront.net/staging/inventory/compressed/restaurant-2/Salad.jpg,
NonVegeterian,ProductLine,3,"Inventory,Food,Restaurant,Beverages,",,,,,
Tea,ProductType,4,"Inventory,Food,Restaurant,Beverages,Vegeterian,",21,,https://drive.google.com/file/d/1fd2gFK13kA_Nc4iEqwyT__x9hmcV5BvG/view?usp=sharing,https://d32jc9rx98ldq0.cloudfront.net/staging/inventory/compressed/restaurant-2/Tea.jpg,
Pudina Tea,ProductType,5,"Inventory,Food,Restaurant,Beverages,Vegeterian,",32,,https://drive.google.com/file/d/10s_aAmjptwG_HlhKjLNil_6mfZGnKxD_/view?usp=sharing,https://d32jc9rx98ldq0.cloudfront.net/staging/inventory/compressed/food04182022/PudinaTea.jpeg,
Ukhala,ProductType,6,"Inventory,Food,Restaurant,Beverages,Vegeterian,",32,,,,
Nescoffee,ProductType,7,"Inventory,Food,Restaurant,Beverages,Vegeterian,",42,,,,
Nimbu Pani,ProductType,8,"Inventory,Food,Restaurant,Beverages,Vegeterian,",21,,https://drive.google.com/file/d/1QJKpS7ucbUHtKXhwddiTBBN0jGgq4NIm/view?usp=sharing,https://d32jc9rx98ldq0.cloudfront.net/staging/inventory/compressed/grocery20220203/NimbuPani.jpg,
Taak,ProductType,9,"Inventory,Food,Restaurant,Beverages,Vegeterian,",21,,https://drive.google.com/file/d/11-2zpTeKabs34wnPQx2_9yNSuNZElDbN/view?usp=sharing,https://d32jc9rx98ldq0.cloudfront.net/staging/inventory/compressed/restaurant-2/Taak.jpg,
Solkadi,ProductType,10,"Inventory,Food,Restaurant,Beverages,Vegeterian,",32,,https://drive.google.com/file/d/1pZ35aGNSW3dp7TV2_-WcUNG4D3b6raoN/view?usp=sharing,https://d32jc9rx98ldq0.cloudfront.net/staging/inventory/compressed/restaurant-2/Solkadi.jpg,
Mineral Water Sadha,ProductType,11,"Inventory,Food,Restaurant,Beverages,Vegeterian,",21,,https://drive.google.com/file/d/1ZFzsRe6w6uuAQZXlWLCLVtb8jWh7Kkfi/view?usp=sharing,https://d32jc9rx98ldq0.cloudfront.net/staging/inventory/compressed/food04182022/MineralWaterSadha.jpg,
Mineral Water Cool,ProductType,12,"Inventory,Food,Restaurant,Beverages,Vegeterian,",26,,,,
Dahi,ProductType,13,"Inventory,Food,Restaurant,Beverages,Vegeterian,",21,,https://drive.google.com/file/d/1cDaTlkyLkA1iMlI4hkZciLjKGnzykteF/view?usp=sharing,https://d32jc9rx98ldq0.cloudfront.net/staging/inventory/compressed/restaurant-2/Vegeterian/Dahi.jpg,
Entree,ProductClass,1,"Inventory,Food,Restaurant,",,,,https://d32jc9rx98ldq0.cloudfront.net/staging/inventory/compressed/restaurant7/Entree.jpg,
Vegeterian,ProductLine,2,"Inventory,Food,Restaurant,Entree,",,,,,
NonVegeterian,ProductLine,3,"Inventory,Food,Restaurant,Entree,",,,,,
Valache Birad,ProductType,4,"Inventory,Food,Restaurant,Entree,Vegeterian,",126,,,,120
Matki Usal Rassa,ProductType,5,"Inventory,Food,Restaurant,Entree,Vegeterian,",116,,https://drive.google.com/file/d/1usj3bHmIB0HFs-G89pB3cJq3SeOjgdyr/view?usp=sharing,,100
Matki Sukka,ProductType,6,"Inventory,Food,Restaurant,Entree,Vegeterian,",126,,https://drive.google.com/file/d/1wMJ5Ok1H6WpyjUlNsrfcfubmS9aQclZw/view?usp=sharing,,120
Kale Vatane Usal,ProductType,7,"Inventory,Food,Restaurant,Entree,Vegeterian,",126,,https://drive.google.com/file/d/11WgJMCvJWf5rP9IUDDZM_tvyuQnOdZzL/view?usp=sharing,,110
Hulgyache Madage,ProductType,8,"Inventory,Food,Restaurant,Entree,Vegeterian,",84,,,,30
Akkha Masur,ProductType,9,"Inventory,Food,Restaurant,Entree,Vegeterian,",126,,https://drive.google.com/file/d/1TpY-4iYzMqXD8lNGiKBdPfs7gWSYrU5C/view?usp=sharing,https://d32jc9rx98ldq0.cloudfront.net/staging/inventory/compressed/restaurant-4/AkkhaMasur.jpg,130
Pitla,ProductType,10,"Inventory,Food,Restaurant,Entree,Vegeterian,",95,,https://drive.google.com/file/d/1mPK1r78Wau5ACrhEFouKnqscoIsynmGe/view?usp=sharing,https://d32jc9rx98ldq0.cloudfront.net/staging/inventory/compressed/restaurant-4/Pitla.jpg,65
Zunka,ProductType,11,"Inventory,Food,Restaurant,Entree,Vegeterian,",95,,https://drive.google.com/file/d/1AYcrO9girBaXzFRaYdn10dOngFOoUbe3/view?usp=sharing,https://d32jc9rx98ldq0.cloudfront.net/staging/inventory/compressed/food04182022/Zunka.jpg,70
Patvadi,ProductType,12,"Inventory,Food,Restaurant,Entree,Vegeterian,",152,,https://drive.google.com/file/d/1FU-MQzKheq9joI4Amlkl7y-BT3b1M_1t/view?usp=sharing,https://d32jc9rx98ldq0.cloudfront.net/staging/inventory/compressed/food04182022/Patvadi.jpeg,110
Chunvadi,ProductType,13,"Inventory,Food,Restaurant,Entree,Vegeterian,",152,,,,150
Sandage Sukka,ProductType,14,"Inventory,Food,Restaurant,Entree,Vegeterian,",210,,,,120
Sandage Rassa,ProductType,15,"Inventory,Food,Restaurant,Entree,Vegeterian,",126,,https://drive.google.com/file/d/1QcaZrJHjl1KfEdb2vCcw4uumOpDf8p0N/view?usp=sharing,https://d32jc9rx98ldq0.cloudfront.net/staging/inventory/compressed/food04182022/SandageRassa.jpg,90
Shevachi Sukhi Bhaji,ProductType,16,"Inventory,Food,Restaurant,Entree,Vegeterian,",84,,,,
Shevachi Rassa Bhaji,ProductType,17,"Inventory,Food,Restaurant,Entree,Vegeterian,",105,,https://drive.google.com/file/d/1wDh-JfmNCiztw1H0IJnxD8LzSkix8BXi/view?usp=sharing,https://d32jc9rx98ldq0.cloudfront.net/staging/inventory/compressed/food04182022/ShevachiRassaBhaji.jpg,
Bharli Vangi,ProductType,18,"Inventory,Food,Restaurant,Entree,Vegeterian,",126,,https://drive.google.com/file/d/1lUVzZAcu6yr5kHeHLY3nRqmAUCyRGqVM/view?usp=sharing,https://d32jc9rx98ldq0.cloudfront.net/staging/inventory/compressed/food04182022/BharliVangi.jpg,130
Vangyache Bharit,ProductType,19,"Inventory,Food,Restaurant,Entree,Vegeterian,",126,,,,120
Vangi Batata Rassa,ProductType,20,"Inventory,Food,Restaurant,Entree,Vegeterian,",105,,https://drive.google.com/file/d/1bGRDyEGqHc-eJRXESJ5UOdiMGRMzl-_k/view?usp=sharing,https://d32jc9rx98ldq0.cloudfront.net/staging/inventory/compressed/food04182022/VangiBatataRassa.jpg,80
Batata Sukka,ProductType,21,"Inventory,Food,Restaurant,Entree,Vegeterian,",84,,https://drive.google.com/file/d/1wzJr80f5LNM0RRAL0lLeOJ3K-EXVdtFM/view?usp=sharing,,90
Batata Rassa,ProductType,22,"Inventory,Food,Restaurant,Entree,Vegeterian,",105,,https://drive.google.com/file/d/1h8po7faRPEQYdSHL6CQsBZkBMIXV-mGj/view?usp=sharing,https://d32jc9rx98ldq0.cloudfront.net/staging/inventory/compressed/food04182022/BatataRassa.jpg,80
Veg Kolhapuri,ProductType,23,"Inventory,Food,Restaurant,Entree,Vegeterian,",158,,https://drive.google.com/file/d/1m1uzUXSxt9B7c1QZzLM8f5Xkfl5SnP3e/view?usp=sharing,https://d32jc9rx98ldq0.cloudfront.net/staging/inventory/compressed/restaurant-2/VegKolhapuri.jpg,200
Palak Paneer,ProductType,24,"Inventory,Food,Restaurant,Entree,Vegeterian,",158,,https://drive.google.com/file/d/15TSU15zdBHcKR9I_i1fBqvMPLl4_FgN7/view?usp=sharing,https://d32jc9rx98ldq0.cloudfront.net/staging/inventory/compressed/restaurant-2/PalakPaneer.jpg,130
Paneer Bhurji,ProductType,25,"Inventory,Food,Restaurant,Entree,Vegeterian,",158,,https://drive.google.com/file/d/1LZZA3_svXkXtLnQWAZxfqenp_2-30QI-/view?usp=sharing,https://d32jc9rx98ldq0.cloudfront.net/staging/inventory/compressed/restaurant-2/Vegeterian/PaneerBhurji.jpg,130
Paneer Masala,ProductType,26,"Inventory,Food,Restaurant,Entree,Vegeterian,",158,,https://drive.google.com/file/d/1qYwzOkLWokms8zuBp2TCUDb8DJfV9w2S/view?usp=sharing,https://d32jc9rx98ldq0.cloudfront.net/staging/inventory/compressed/restaurant-2/PaneerMasala.jpg,
Paneer Tikka Masala,ProductType,27,"Inventory,Food,Restaurant,Entree,Vegeterian,",158,,https://drive.google.com/file/d/1BmyxNFwPwf7zpalxZOSRuGMcKOWv1EoQ/view?usp=sharing,https://d32jc9rx98ldq0.cloudfront.net/staging/inventory/compressed/restaurant-2/PaneerTikkaMasala.jpg,
Ole Kaju Usal,ProductType,28,"Inventory,Food,Restaurant,Entree,Vegeterian,",158,,https://drive.google.com/file/d/16hV7oYT_TvL5X0g796w4B-K73ApSF3ye/view?usp=sharing,https://d32jc9rx98ldq0.cloudfront.net/staging/inventory/compressed/food04182022/OleKajuUsal.jpg,
Kaju Korma,ProductType,29,"Inventory,Food,Restaurant,Entree,Vegeterian,",158,,https://drive.google.com/file/d/1iXUc2HCukRMr9cX1u7XyYfjcqXmmJd7H/view?usp=sharing,https://d32jc9rx98ldq0.cloudfront.net/staging/inventory/compressed/food2022022/KajuKorma.jpg,
Turiche Varan Ani Tup,ProductType,30,"Inventory,Food,Restaurant,Entree,Vegeterian,",84,,,,70
Fodniche Varan Tadka,ProductType,31,"Inventory,Food,Restaurant,Entree,Vegeterian,",105,,https://drive.google.com/file/d/1TUpqrYY-CwGsWIpFX-4ee--y014WoHaM/view?usp=sharing,https://d32jc9rx98ldq0.cloudfront.net/staging/inventory/compressed/food04182022/FodnicheVaranTadka.jpg,80
Masur Amti,ProductType,32,"Inventory,Food,Restaurant,Entree,Vegeterian,",84,,https://drive.google.com/file/d/1qzmQWrsSeVHPwWjjFBm1ZKyqmudsQNav/view?usp=sharing,https://d32jc9rx98ldq0.cloudfront.net/staging/inventory/compressed/food04182022/MasurAmti.jpg,60
Matki Dal Rassa,ProductType,33,"Inventory,Food,Restaurant,Entree,Vegeterian,",84,,https://drive.google.com/file/d/1Uy3-oZw4Tjz-yFxlfgg7bdltXAhpJakg/view?usp=sharing,https://d32jc9rx98ldq0.cloudfront.net/staging/inventory/compressed/food04182022/MatkiDalRassa.jpg,60
Katachi Amti,ProductType,34,"Inventory,Food,Restaurant,Entree,Vegeterian,",84,,https://drive.google.com/file/d/1Bm9CEqUyqlZXAaAQiWikdNYlB-c5Stvn/view?usp=sharing,https://d32jc9rx98ldq0.cloudfront.net/staging/inventory/compressed/food04182022/KatachiAmti.jpg,60
Kadi,ProductType,35,"Inventory,Food,Restaurant,Entree,Vegeterian,",84,,https://drive.google.com/file/d/1BkmvNoYybZxEc_uODqj2-ZOVJ2_TpDRB/view?usp=sharing,https://d32jc9rx98ldq0.cloudfront.net/staging/inventory/compressed/restaurant-2/Kadi.png,70
Kadi Pakoda,ProductType,36,"Inventory,Food,Restaurant,Entree,Vegeterian,",105,,https://drive.google.com/file/d/13G6c4iFeYiBf59kW0Ss0_nP0m-JAnJ22/view?usp=sharing,https://d32jc9rx98ldq0.cloudfront.net/staging/inventory/compressed/restaurant-2/punjabi-kadhi-pakora.jpg,
Zheerak,ProductType,37,"Inventory,Food,Restaurant,Entree,Vegeterian,",84,,,,
Khalgut,ProductType,38,"Inventory,Food,Restaurant,Entree,Vegeterian,",84,,,,
Hulgyache Madage,ProductType,39,"Inventory,Food,Restaurant,Entree,Vegeterian,",84,,,,
Roti and Naan,ProductClass,1,"Inventory,Food,Restaurant,",,,,https://d32jc9rx98ldq0.cloudfront.net/staging/inventory/compressed/restaurant-2/Roti.jpg,
Vegeterian,ProductLine,2,"Inventory,Food,Restaurant,Roti and Naan,",,,,,
NonVegeterian,ProductLine,3,"Inventory,Food,Restaurant,Roti and Naan,",,,,,
Chapati,ProductType,4,"Inventory,Food,Restaurant,Roti and Naan,Vegeterian,",11,,https://drive.google.com/file/d/1BCZG8M0F-__45K4lUhTp357cF_FXpX8k/view?usp=sharing,https://d32jc9rx98ldq0.cloudfront.net/staging/inventory/compressed/restaurant-2/Chapati.jpg,10
Chapati Sajuk Tupatli,ProductType,5,"Inventory,Food,Restaurant,Roti and Naan,Vegeterian,",21,,https://drive.google.com/file/d/1MDjnT8bvAIKKfBLK8eELGVGlQUhpVuP2/view?usp=sharing,https://d32jc9rx98ldq0.cloudfront.net/staging/inventory/compressed/food04182022/ChapatiSajukTupatli.jpg,20
Puri 5 Pcs,ProductType,6,"Inventory,Food,Restaurant,Roti and Naan,Vegeterian,",53,,https://drive.google.com/file/d/1nmEeO1DFVtH4w-T-EeoQXQ-ehoLRiVoB/view?usp=sharing,https://d32jc9rx98ldq0.cloudfront.net/staging/inventory/compressed/food04182022/Puri5Pcs.jpg,40
Jwari Bhakri,ProductType,7,"Inventory,Food,Restaurant,Roti and Naan,Vegeterian,",26,,https://drive.google.com/file/d/191wrg913S_R7_Ds2lJ0OoXkLnOw79Y-O/view?usp=sharing,https://d32jc9rx98ldq0.cloudfront.net/staging/inventory/compressed/restaurant-5/JwariBhakri.jpg,20
Bajari Bhakri,ProductType,8,"Inventory,Food,Restaurant,Roti and Naan,Vegeterian,",26,,https://drive.google.com/file/d/1jZq42wTQfbq34Bqx3bLuMSNosZG3gusF/view?usp=sharing,https://d32jc9rx98ldq0.cloudfront.net/staging/inventory/compressed/Cafe/BajariBhakri.jpg,25
Tandalachi Bhakri,ProductType,9,"Inventory,Food,Restaurant,Roti and Naan,Vegeterian,",26,,https://drive.google.com/file/d/1dLSmjBzkelNZbf7pJ9caC65YGw6UfI0W/view?usp=sharing,https://d32jc9rx98ldq0.cloudfront.net/staging/inventory/compressed/food04182022/TandalachiBhakri.jpg,20
Nachanichi Bhakri,ProductType,10,"Inventory,Food,Restaurant,Roti and Naan,Vegeterian,",26,,https://drive.google.com/file/d/14JIRjQnFkS8VXG5rWMsdG2V3Fke7CKzd/view?usp=sharing,https://d32jc9rx98ldq0.cloudfront.net/staging/inventory/compressed/food04182022/NachanichiBhakri.jpg,30
Ghavan,ProductType,11,"Inventory,Food,Restaurant,Roti and Naan,Vegeterian,",32,,https://drive.google.com/file/d/1H0uJDH4zHxC_qGUEKqo_TNxgGf_3vnRe/view?usp=sharing,https://d32jc9rx98ldq0.cloudfront.net/staging/inventory/compressed/food04182022/Ghavan.jpg,
Kalanachi Puri 5 Pcs,ProductType,12,"Inventory,Food,Restaurant,Roti and Naan,Vegeterian,",63,,,,
Kalanachi Bhakri,ProductType,13,"Inventory,Food,Restaurant,Roti and Naan,Vegeterian,",26,,https://drive.google.com/file/d/1LJx9cSwfA1fjQ6CYBbk2JE-qFwjnY3-s/view?usp=sharing,https://d32jc9rx98ldq0.cloudfront.net/staging/inventory/compressed/food04182022/KalanachiBhakri.jpg,
Rice,ProductClass,1,"Inventory,Food,Restaurant,",,,,https://d32jc9rx98ldq0.cloudfront.net/staging/inventory/compressed/restaurant-2/Rice.jpg,
Vegeterian,ProductLine,2,"Inventory,Food,Restaurant,Rice,",,,,,
NonVegeterian,ProductLine,3,"Inventory,Food,Restaurant,Rice,",,,,,
Sadha Bhat,ProductType,4,"Inventory,Food,Restaurant,Rice,Vegeterian,",58,,https://drive.google.com/file/d/1io20-TBT4ZtZFihsFqFXToYsqWGqvpM_/view?usp=sharing,https://d32jc9rx98ldq0.cloudfront.net/staging/inventory/compressed/food04182022/SadhaBhat.jpg,
Fodnicha Bhat,ProductType,5,"Inventory,Food,Restaurant,Rice,Vegeterian,",79,,https://drive.google.com/file/d/1FEzoISx5pKGzKVfMfmtR2bQ8S6f7KxrH/view?usp=sharing,https://d32jc9rx98ldq0.cloudfront.net/staging/inventory/compressed/food04182022/FodnichaBhat.jpg,
Vangi Bhat,ProductType,6,"Inventory,Food,Restaurant,Rice,Vegeterian,",105,,https://drive.google.com/file/d/18ue1X_qnbk84LqB5J1QvXESGUzDTTKB0/view?usp=sharing,https://d32jc9rx98ldq0.cloudfront.net/staging/inventory/compressed/food04182022/VangiBhat.jpg,
Tondali Bhat,ProductType,7,"Inventory,Food,Restaurant,Rice,Vegeterian,",105,,https://drive.google.com/file/d/1gTcQ_TPQbOsLzXWwNKO-aZ5qbPgKVNgn/view?usp=sharing,https://d32jc9rx98ldq0.cloudfront.net/staging/inventory/compressed/food04182022/TondaliBhat.jpg,
Masala Bhat,ProductType,8,"Inventory,Food,Restaurant,Rice,Vegeterian,",105,,https://drive.google.com/file/d/11c3L9A1hDp4WQ_XDJmrPAtbpX0OhlX6F/view?usp=sharing,https://d32jc9rx98ldq0.cloudfront.net/staging/inventory/compressed/food04182022/MasalaBhat.jpg,
Vatana Bhat,ProductType,9,"Inventory,Food,Restaurant,Rice,Vegeterian,",126,,https://drive.google.com/file/d/1Pf9Py_OizRB-yGEXCARdpXeij8Bba3cq/view?usp=sharing,https://d32jc9rx98ldq0.cloudfront.net/staging/inventory/compressed/food04182022/VatanaBhat.jpeg,
Mung Khichdi,ProductType,10,"Inventory,Food,Restaurant,Rice,Vegeterian,",105,,https://drive.google.com/file/d/1p8Q3ZXoPKi8JndplVvfzFiaFb9DNtfFB/view?usp=sharing,https://d32jc9rx98ldq0.cloudfront.net/staging/inventory/compressed/food04182022/MungKhichdi.jpg,
Tadka Khichdi,ProductType,11,"Inventory,Food,Restaurant,Rice,Vegeterian,",126,,https://drive.google.com/file/d/1EVlleV8jatDA0xHfGy-0ruHjMfGq_8sR/view?usp=sharing,https://d32jc9rx98ldq0.cloudfront.net/staging/inventory/compressed/food04182022/TadkaKhichdi.jpg,
Roasted,ProductClass,1,"Inventory,Food,Restaurant,",,,,https://d32jc9rx98ldq0.cloudfront.net/staging/inventory/compressed/imgs-2/ChillyCheeseroast.jpg,
Vegeterian,ProductLine,2,"Inventory,Food,Restaurant,Roasted,",,,,,
NonVegeterian,ProductLine,3,"Inventory,Food,Restaurant,Roasted,",,,,,
Tandalachi Kurdai,ProductType,4,"Inventory,Food,Restaurant,Roasted,Vegeterian,",26,,https://drive.google.com/file/d/1hQO0ZXwn0H8XqvhXeQSbV8_49SFSaYlo/view?usp=sharing,https://d32jc9rx98ldq0.cloudfront.net/staging/inventory/compressed/food04182022/TandalachiKurdai.jpg,
Ghavachi Kurdai,ProductType,5,"Inventory,Food,Restaurant,Roasted,Vegeterian,",26,,https://drive.google.com/file/d/1mihz_W8ni2c1i_FjE0xSek_3tTqy0Bpr/view?usp=sharing,https://d32jc9rx98ldq0.cloudfront.net/staging/inventory/compressed/food04182022/GhavachiKurdai.jpg,
Sabudana Papad,ProductType,6,"Inventory,Food,Restaurant,Roasted,Vegeterian,",26,,https://drive.google.com/file/d/1I-51c6GLZiMuh0NFd4iC9RGnvsVFrxtW/view?usp=sharing,https://d32jc9rx98ldq0.cloudfront.net/staging/inventory/compressed/food04182022/SabudanaPapad.jpg,
Batatycha Kiss,ProductType,7,"Inventory,Food,Restaurant,Roasted,Vegeterian,",26,,https://drive.google.com/file/d/1Nby24M9Lrg5KQBrlWsM3IMbr5ARvuklF/view?usp=sharing,https://d32jc9rx98ldq0.cloudfront.net/staging/inventory/compressed/food04182022/BatatychaKiss.jpg,
Jwari papad,ProductType,8,"Inventory,Food,Restaurant,Roasted,Vegeterian,",26,,https://drive.google.com/file/d/1Z4HzQmH2l23xvTU8AL3WQrf7t3ABPF7K/view?usp=sharing,https://d32jc9rx98ldq0.cloudfront.net/staging/inventory/compressed/food04182022/Jwaripapad.jpg,
Nachani Papad,ProductType,9,"Inventory,Food,Restaurant,Roasted,Vegeterian,",26,,https://drive.google.com/file/d/1UwfNcMtmAMtZX-3Y6TvfUn3tpvJK-dnZ/view?usp=sharing,https://d32jc9rx98ldq0.cloudfront.net/staging/inventory/compressed/restaurant-2/NachaniPapad.jpg,
Tandalache Papad,ProductType,10,"Inventory,Food,Restaurant,Roasted,Vegeterian,",26,,https://drive.google.com/file/d/1ZMqX8HevJ0WVl3LBmgJIrsU-ztS3b5ih/view?usp=sharing,https://d32jc9rx98ldq0.cloudfront.net/staging/inventory/compressed/food04182022/TandalachePapad.jpg,
Udadache Papad,ProductType,11,"Inventory,Food,Restaurant,Roasted,Vegeterian,",26,,https://drive.google.com/file/d/1EWjAs9eu3MMT0ExX_vSYLVylQKSh-63_/view?usp=sharing,https://d32jc9rx98ldq0.cloudfront.net/staging/inventory/compressed/food04182022/UdadachePapad.jpg,
Koshimbir,ProductClass,1,"Inventory,Food,Restaurant,",,,https://drive.google.com/file/d/1evsqpFDdYzmv3txyaYKnGwPz8ktiQTVO/view?usp=sharing,https://d32jc9rx98ldq0.cloudfront.net/staging/inventory/compressed/restaurant-4/Koshimbir.jpg,
Vegeterian,ProductLine,2,"Inventory,Food,Restaurant,Koshimbir,",,,,,
NonVegeterian,ProductLine,3,"Inventory,Food,Restaurant,Koshimbir,",,,,,
Kakadichi Koshimbir,ProductType,4,"Inventory,Food,Restaurant,Koshimbir,Vegeterian,",26,,https://drive.google.com/file/d/1maQEZCxpnNr_yOhmuBu2NBwNnmA-_Vv0/view?usp=sharing,https://d32jc9rx98ldq0.cloudfront.net/staging/inventory/compressed/food04182022/KakadichiKoshimbir.jpg,
Lal Bhopla Koshimbir,ProductType,5,"Inventory,Food,Restaurant,Koshimbir,Vegeterian,",26,,https://drive.google.com/file/d/1lJXd1uAJfJJMFtS3XteJGb4J8oXyS7Nq/view?usp=sharing,https://d32jc9rx98ldq0.cloudfront.net/staging/inventory/compressed/food04182022/LalBhoplaKoshimbir.jpg,
Beet Root Koshimbir,ProductType,6,"Inventory,Food,Restaurant,Koshimbir,Vegeterian,",26,,https://drive.google.com/file/d/17T8EEnmp-XsPuJvEreH5Y3XzaLB1iyvK/view?usp=sharing,https://d32jc9rx98ldq0.cloudfront.net/staging/inventory/compressed/food04182022/BeetRootKoshimbir.jpg,
Sweets,ProductClass,1,"Inventory,Food,Restaurant,",,,,https://d32jc9rx98ldq0.cloudfront.net/staging/inventory/compressed/categoryimages3/sweet.jpg,
Vegeterian,ProductLine,2,"Inventory,Food,Restaurant,Sweets,",,,,,
NonVegeterian,ProductLine,3,"Inventory,Food,Restaurant,Sweets,",,,,,
Puran Poli,ProductType,4,"Inventory,Food,Restaurant,Sweets,Vegeterian,",39,,https://drive.google.com/file/d/1pt5zTbL6-SJ8RQ_l9jQFDkx8LZkpu0gV/view?usp=sharing,https://d32jc9rx98ldq0.cloudfront.net/staging/inventory/compressed/grocery20220203/PuranPoli.jpg,
Mini Puran Poli,ProductType,5,"Inventory,Food,Restaurant,Sweets,Vegeterian,",11,,https://drive.google.com/file/d/1P5GHT-BrdwSLFEWQQvmHYiDC-4S0nA0b/view?usp=sharing,https://d32jc9rx98ldq0.cloudfront.net/staging/inventory/compressed/food04182022/MiniPuranPoli.jpg,
Ukadiche Modak,ProductType,6,"Inventory,Food,Restaurant,Sweets,Vegeterian,",26,,https://drive.google.com/file/d/1epc37OLaNetRto83DJpt6qf2d7eEbVsr/view?usp=sharing,https://d32jc9rx98ldq0.cloudfront.net/staging/inventory/compressed/food04182022/UkadicheModak.jpg,
Sheera,ProductType,7,"Inventory,Food,Restaurant,Sweets,Vegeterian,",63,,https://drive.google.com/file/d/1t3rhL9TIVK5bGfVTlUXlxsqMfVJ5oiwU/view?usp=sharing,https://d32jc9rx98ldq0.cloudfront.net/staging/inventory/compressed/restaurant-2/Sheera.jpg,
Tandalachi Kheer,ProductType,8,"Inventory,Food,Restaurant,Sweets,Vegeterian,",79,,https://drive.google.com/file/d/1q6riCzuWLefSXYfOSoZH5XO-M52WN3CI/view?usp=sharing,https://d32jc9rx98ldq0.cloudfront.net/staging/inventory/compressed/food04182022/TandalachiKheer.jpg,
Ravachi Kheer,ProductType,9,"Inventory,Food,Restaurant,Sweets,Vegeterian,",79,,https://drive.google.com/file/d/1aO_PRX--Mx0VLA445yM4xgcw6fO6-E4E/view?usp=sharing,https://d32jc9rx98ldq0.cloudfront.net/staging/inventory/compressed/food04182022/RavachiKheer.jpg,
Shevyachi Kheer,ProductType,10,"Inventory,Food,Restaurant,Sweets,Vegeterian,",79,,https://drive.google.com/file/d/1NH7ThpYAq2yQeBiglMmWgbD6RtsYEkSq/view?usp=sharing,https://d32jc9rx98ldq0.cloudfront.net/staging/inventory/compressed/food04182022/ShevyachiKheer.jpg,
Gharage,ProductType,11,"Inventory,Food,Restaurant,Sweets,Vegeterian,",79,,,,
Gharage 2 Pcs,ProductUnit,12,"Inventory,Food,Restaurant,Sweets,Vegeterian,Gharage,",79,,,,
Pav Bhaji,ProductClass,1,"Inventory,Food,Restaurant,",,,https://drive.google.com/file/d/1k_uUCECpwnv5CmChzGwV97KAx-OjujZx/view?usp=sharing,https://d32jc9rx98ldq0.cloudfront.net/staging/inventory/compressed/restaurant-2/Vegeterian/PavBhaji.jpg,
Vegeterian,ProductLine,2,"Inventory,Food,Restaurant,Pav Bhaji,",,,,,
NonVegeterian,ProductLine,3,"Inventory,Food,Restaurant,Pav Bhaji,",,,,,
Pav Bhaji,ProductType,4,"Inventory,Food,Restaurant,Pav Bhaji,Vegeterian,",79,,https://drive.google.com/file/d/1k_uUCECpwnv5CmChzGwV97KAx-OjujZx/view?usp=sharing,https://d32jc9rx98ldq0.cloudfront.net/staging/inventory/compressed/restaurant-2/Vegeterian/PavBhaji.jpg,
Jain Pav Bhaji,ProductType,5,"Inventory,Food,Restaurant,Pav Bhaji,Vegeterian,",105,,https://drive.google.com/file/d/10p6q0CDEKy_d9FM1iva9H94L0S_ffNc0/view?usp=sharing,https://d32jc9rx98ldq0.cloudfront.net/staging/inventory/compressed/food20220212/10222/JainPavBhaji.jpg,
Pav Bhaji ki Bhaji & Mini Butter Bhakri,ProductType,6,"Inventory,Food,Restaurant,Pav Bhaji,Vegeterian,",126,,,,
Butter Pav Bhaji,ProductType,7,"Inventory,Food,Restaurant,Pav Bhaji,Vegeterian,",116,,https://drive.google.com/file/d/1N-maGiocBLWQslkOppBkMkUIx3Hmp7ON/view?usp=sharing,https://d32jc9rx98ldq0.cloudfront.net/staging/inventory/compressed/restaurant-2/Vegeterian/ButterPavBhaji.jpg,
Mini Butter Bhakri,ProductType,8,"Inventory,Food,Restaurant,Pav Bhaji,Vegeterian,",16,,https://drive.google.com/file/d/1kTCqP7L1Y3RfMRTqcksRAbLKxKospHDe/view?usp=sharing,https://d32jc9rx98ldq0.cloudfront.net/staging/inventory/compressed/food04182022/MiniButterBhakri.jpg,
Pav Butterwala,ProductType,9,"Inventory,Food,Restaurant,Pav Bhaji,Vegeterian,",11,,https://drive.google.com/file/d/1IZ7vCQyOsvat32Z87c8q_i4HHkPBdUtx/view?usp=sharing,https://d32jc9rx98ldq0.cloudfront.net/staging/inventory/compressed/food04182022/PavButterwala.jpg,
Pav,ProductType,10,"Inventory,Food,Restaurant,Pav Bhaji,Vegeterian,",5,,https://drive.google.com/file/d/1c8R40rdT2aLvi6tw2ybKbt8FpFfSLyzf/view?usp=sharing,https://d32jc9rx98ldq0.cloudfront.net/staging/inventory/compressed/food240522/Pav.jpg,
Thali,ProductClass,1,"Inventory,Food,Restaurant,",,,https://drive.google.com/file/d/1Rs5v4DRUvAdsRfH-z7nFDoW_hWgSu_fQ/view?usp=sharing,https://d32jc9rx98ldq0.cloudfront.net/staging/inventory/compressed/restaurant-2/Thali.jpg,
Vegeterian,ProductLine,2,"Inventory,Food,Restaurant,Thali,",,,,,
NonVegeterian,ProductLine,3,"Inventory,Food,Restaurant,Thali,",,,,,
Vidarbha Thali,ProductType,4,"Inventory,Food,Restaurant,Thali,Vegeterian,",578,,,,
Vidarbha Thali Special,ProductUnit,5,"Inventory,Food,Restaurant,Thali,Vegeterian,Vidarbha Thali,",578,,,,
Vidarbha Regular Thali,ProductUnit,6,"Inventory,Food,Restaurant,Thali,Vegeterian,Vidarbha Thali,",315,,,,
Vidarbha Thali Mini,ProductUnit,7,"Inventory,Food,Restaurant,Thali,Vegeterian,Vidarbha Thali,",158,,,,
Konkan Kanya Thali,ProductType,8,"Inventory,Food,Restaurant,Thali,Vegeterian,",578,,https://drive.google.com/file/d/1mGanft2S_EJB2NkLcqnjtc2YftBQq2tm/view?usp=sharing,https://d32jc9rx98ldq0.cloudfront.net/staging/inventory/compressed/food04182022/KonkanKanyaThali.jpg,
Konkan Kanya Thali Special,ProductUnit,9,"Inventory,Food,Restaurant,Thali,Vegeterian,Konkan Kanya Thali,",578,,,,
Konkan Kanya Thali Special Regular,ProductUnit,10,"Inventory,Food,Restaurant,Thali,Vegeterian,Konkan Kanya Thali,",315,,https://drive.google.com/file/d/1y8om4_9kE7LLdvAYIZ9z18dDmwcyU9xr/view?usp=sharing,https://d32jc9rx98ldq0.cloudfront.net/staging/inventory/compressed/food04182022/KonkanKanyaThaliSpecialRegular.jpg,
Kokan Kanya Thali Mini,ProductUnit,11,"Inventory,Food,Restaurant,Thali,Vegeterian,Konkan Kanya Thali,",158,,,,
Ghatmatha Thali,ProductType,12,"Inventory,Food,Restaurant,Thali,Vegeterian,",578,,,,
Ghatmatha Thali Special,ProductUnit,13,"Inventory,Food,Restaurant,Thali,Vegeterian,Ghatmatha Thali,",578,,,,
Ghatmatha Thali Regular,ProductUnit,14,"Inventory,Food,Restaurant,Thali,Vegeterian,Ghatmatha Thali,",315,,,,
Ghatmatha Thali Mini,ProductUnit,15,"Inventory,Food,Restaurant,Thali,Vegeterian,Ghatmatha Thali,",158,,,,
Khandeshi Thali,ProductType,16,"Inventory,Food,Restaurant,Thali,Vegeterian,",578,,https://drive.google.com/file/d/1qugJOP77QTovm0ASsRk6RruWurO_PfLg/view?usp=sharing,https://d32jc9rx98ldq0.cloudfront.net/staging/inventory/compressed/food04182022/KhandeshiThali.jpg,
Khandeshi Thali Special,ProductUnit,17,"Inventory,Food,Restaurant,Thali,Vegeterian,Khandeshi Thali,",578,,https://drive.google.com/file/d/13ZGMkLMuzyNBXkZYENhSAnufIv1waui7/view?usp=sharing,https://d32jc9rx98ldq0.cloudfront.net/staging/inventory/compressed/food04182022/KhandeshiThaliSpecial.jpg,
Khandeshi Thali Regular,ProductUnit,18,"Inventory,Food,Restaurant,Thali,Vegeterian,Khandeshi Thali,",315,,https://drive.google.com/file/d/1M07FEZMbkqb8sPMEpstG-ZDgLUiCa-_I/view?usp=sharing,https://d32jc9rx98ldq0.cloudfront.net/staging/inventory/compressed/food04182022/KhandeshiThaliRegular.jpg,
Khandeshi Thali Mini,ProductUnit,19,"Inventory,Food,Restaurant,Thali,Vegeterian,Khandeshi Thali,",158,,,,
Healthy Marathi Thali,ProductType,20,"Inventory,Food,Restaurant,Thali,Vegeterian,",210,,https://drive.google.com/file/d/1vB93hxUqx1MELMJV_iZ9m-Hq8ANDrTFt/view?usp=sharing,https://d32jc9rx98ldq0.cloudfront.net/staging/inventory/compressed/food04182022/HealthyMarathiThali.jpg,
May Marathi Thali,ProductType,21,"Inventory,Food,Restaurant,Thali,Vegeterian,",63,,https://drive.google.com/file/d/1ZkG2Gr4C9l0AlSfqxad7NNQVKQpoeklJ/view?usp=sharing,https://d32jc9rx98ldq0.cloudfront.net/staging/inventory/compressed/food04182022/MayMarathiThali.jpg,
