label,nodeType,order,path,price,link,imageLink,desciption
Soups,ProductClass,1,"Inventory,Food,Restaurant,",,,https://d32jc9rx98ldq0.cloudfront.net/staging/inventory/compressed/categoryimages3/Soup.jpg,
Vegeterian,ProductLine,2,"Inventory,Food,Restaurant,Soups,",,,https://d32jc9rx98ldq0.cloudfront.net/staging/inventory/compressed/restaurant-2/Salad.jpg,
NonVegeterian,ProductLine,2,"Inventory,Food,Restaurant,Soups,",,,,
Tomato Soup,ProductType,3,"Inventory,Food,Restaurant,Soups,Vegeterian,",90,https://drive.google.com/file/d/1qhWW38vtbUr23w3F0uYayqtGNJhxmiYf/view?usp=sharing,https://d32jc9rx98ldq0.cloudfront.net/staging/inventory/compressed/restaurant-2/Tomato-Soup.jpg,
Veg Manchow Soup,ProductType,4,"Inventory,Food,Restaurant,Soups,Vegeterian,",100,https://drive.google.com/file/d/1ZHfj80mG4nonkD938YcNcqpsbo76_3Bh/view?usp=sharing,https://d32jc9rx98ldq0.cloudfront.net/staging/inventory/compressed/restaurant-2/vegManchowSoup.jpg,
Hot and Sour Soup,ProductType,5,"Inventory,Food,Restaurant,Soups,Vegeterian,",100,https://drive.google.com/file/d/1lKGpyKmEvcYbRns_2VEx1uBV01301bpF/view?usp=sharing,https://d32jc9rx98ldq0.cloudfront.net/staging/inventory/compressed/restaurant-2/HotSourSoup.jpg,
Mushroom Soup,ProductType,6,"Inventory,Food,Restaurant,Soups,Vegeterian,",100,https://drive.google.com/file/d/1IJRfO1JqfR7_7ZNQPd9ykGx1I3G6__4i/view?usp=sharing,https://d32jc9rx98ldq0.cloudfront.net/staging/inventory/compressed/restaurant-2/MushroomSoup.jpg,
Veg Clear Soup,ProductType,7,"Inventory,Food,Restaurant,Soups,Vegeterian,",80,https://drive.google.com/file/d/1dmYwUOQ7V67thr9VxwcKFsrCkxZqX81H/view?usp=sharing,https://d32jc9rx98ldq0.cloudfront.net/staging/inventory/compressed/restaurant-2/Veg-Clear-Soup.jpg,
Sweet Corn Soup,ProductType,8,"Inventory,Food,Restaurant,Soups,Vegeterian,",90,https://drive.google.com/file/d/1_1FoZQ6LO1CAso_34uhApiZBAirl2JuB/view?usp=sharing,https://d32jc9rx98ldq0.cloudfront.net/staging/inventory/compressed/restaurant-2/Sweet-Corn-Soup.jpg,
Snacks,ProductClass,1,"Inventory,Food,Restaurant,",,,https://d32jc9rx98ldq0.cloudfront.net/staging/inventory/compressed/img/Smiley.jpg,
Vegeterian,ProductLine,2,"Inventory,Food,Restaurant,Snacks,",,,https://d32jc9rx98ldq0.cloudfront.net/staging/inventory/compressed/restaurant-2/Salad.jpg,
NonVegeterian,ProductLine,2,"Inventory,Food,Restaurant,Snacks,",,,,
Veg Spring Roll,ProductType,3,"Inventory,Food,Restaurant,Snacks,Vegeterian,",150,https://drive.google.com/file/d/1B6jABivt6vPzdMLxzUamh_sH58-CN1Nl/view?usp=sharing,https://d32jc9rx98ldq0.cloudfront.net/staging/inventory/compressed/restaurant-2/Veg-Spring-Roll.jpg,
Paneer Spring Roll,ProductType,4,"Inventory,Food,Restaurant,Snacks,Vegeterian,",180,https://drive.google.com/file/d/10K2Qe-gT69C-zYNeJdChEvqZBkdbvu7e/view?usp=sharing,https://d32jc9rx98ldq0.cloudfront.net/staging/inventory/compressed/restaurant-2/PaneerSpringRoll.jpg,
Paneer Sizzler,ProductType,5,"Inventory,Food,Restaurant,Snacks,Vegeterian,",220,https://drive.google.com/file/d/1H-xUq8GxAKqBUGqvi1qfxYiaPiKKntFZ/view?usp=sharing,https://d32jc9rx98ldq0.cloudfront.net/staging/inventory/compressed/restaurant-2/Vegeterian/PaneerSizzler.jpg,
Mexican Sizzler,ProductType,6,"Inventory,Food,Restaurant,Snacks,Vegeterian,",210,https://drive.google.com/file/d/1OHYwddtkAWDMthIOlEyMCEaiMB85xV8A/view?usp=sharing,https://d32jc9rx98ldq0.cloudfront.net/staging/inventory/compressed/restaurant-2/MexicanSizzler.jpg,
Thai Sticks Sizzler,ProductType,7,"Inventory,Food,Restaurant,Snacks,Vegeterian,",190,https://drive.google.com/file/d/1eX8fmO8D9gYz33KdOhByZbs6dvQbCAfC/view?usp=sharing,https://d32jc9rx98ldq0.cloudfront.net/staging/inventory/compressed/restaurant-2/Thai-Sticks-Sizzler.jpg,
Hara Bhara Kabab,ProductType,8,"Inventory,Food,Restaurant,Snacks,Vegeterian,",120,https://drive.google.com/file/d/1-SKLAYksJKTVuep7TVzhlh5LDLgDgn_g/view?usp=sharing,https://d32jc9rx98ldq0.cloudfront.net/staging/inventory/compressed/restaurant-2/Vegeterian/HaraBharaKabab.jpg,
Paneer Tikka,ProductType,9,"Inventory,Food,Restaurant,Snacks,Vegeterian,",250,https://drive.google.com/file/d/1PJwE1sbtvBu26CpKRTyXSOwWl4B0uAHa/view?usp=sharing,https://d32jc9rx98ldq0.cloudfront.net/staging/inventory/compressed/restaurant-2/Vegeterian/PaneerTikka.jpg,
Mushroom Tikka,ProductType,10,"Inventory,Food,Restaurant,Snacks,Vegeterian,",230,https://drive.google.com/file/d/10ystM9eQcVvMWLn3iEbeYilnnZGd5aF0/view?usp=sharing,https://d32jc9rx98ldq0.cloudfront.net/staging/inventory/compressed/restaurant-2/MushroomTikka.jpg,
Paneer Pahadi Tikka,ProductType,11,"Inventory,Food,Restaurant,Snacks,Vegeterian,",250,https://drive.google.com/file/d/1VsPNgivXO5ELTpiMT6GUbxHyaWHVORy1/view?usp=sharing,https://d32jc9rx98ldq0.cloudfront.net/staging/inventory/compressed/restaurant-2/PaneerPahadiTikka.jpg,
Aloo Tikki,ProductType,12,"Inventory,Food,Restaurant,Snacks,Vegeterian,",180,https://drive.google.com/file/d/1KZrAO6tUtS82Llulc3_bVTApuAQR3P9E/view?usp=sharing,https://d32jc9rx98ldq0.cloudfront.net/staging/inventory/compressed/restaurant-2/AlooTikki.jpg,
Tandoor Special Plater,ProductType,13,"Inventory,Food,Restaurant,Snacks,Vegeterian,",350,https://drive.google.com/file/d/11Yen8q2UDmBp597K5-jBIAuDXfbzGnyH/view?usp=sharing,https://d32jc9rx98ldq0.cloudfront.net/staging/inventory/compressed/restaurant-2/Tandoor-Special-Plater.jpg,
Veg Manchurian,ProductType,14,"Inventory,Food,Restaurant,Snacks,Vegeterian,",140,https://drive.google.com/file/d/1JcRpKUkGtHAU_F6awJQH4SDEVFXNNJY_/view?usp=sharing,https://d32jc9rx98ldq0.cloudfront.net/staging/inventory/compressed/restaurant-2/VegManchurian.jpg,
Veg Manchurian With Gravy,ProductType,15,"Inventory,Food,Restaurant,Snacks,Vegeterian,",140,https://drive.google.com/file/d/16fJgz4-K2tEjzZ9W7FjcvZ570cZa9_Ep/view?usp=sharing,https://d32jc9rx98ldq0.cloudfront.net/staging/inventory/compressed/restaurant-2/Veg-Manchurian-With-Gravy.jpg,
Veg 65,ProductType,16,"Inventory,Food,Restaurant,Snacks,Vegeterian,",140,https://drive.google.com/file/d/1vNWQi-EBkMH-6PuGayKQApq8nSpw6IHV/view?usp=sharing,https://d32jc9rx98ldq0.cloudfront.net/staging/inventory/compressed/restaurant-2/Veg65.jpg,
Veg Kothe,ProductType,17,"Inventory,Food,Restaurant,Snacks,Vegeterian,",160,https://drive.google.com/file/d/1AcCOW6ehDhepkHaAlFGg5FCufrauGMT9/view?usp=sharing,https://d32jc9rx98ldq0.cloudfront.net/staging/inventory/compressed/restaurant-2/Veg-Kothe.jpg,
Veg Crispy,ProductType,18,"Inventory,Food,Restaurant,Snacks,Vegeterian,",160,https://drive.google.com/file/d/1eRoWy7sVeONn6q-umwbzYIj5GCmDsI26/view?usp=sharing,https://d32jc9rx98ldq0.cloudfront.net/staging/inventory/compressed/restaurant-2/Vegeterian/VegCrispy.jpg,
Gabi Manchurian,ProductType,19,"Inventory,Food,Restaurant,Snacks,Vegeterian,",140,https://drive.google.com/file/d/1Sn5h1pAFVu1b0L9RBFXLkHS0KW38-502/view?usp=sharing,https://d32jc9rx98ldq0.cloudfront.net/staging/inventory/compressed/restaurant-2/GabiManchurian.jpg,
Gobi 65,ProductType,20,"Inventory,Food,Restaurant,Snacks,Vegeterian,",140,https://drive.google.com/file/d/1bDOLjyg_CzjwrGOijGJZJ1w-Aqy2eLKh/view?usp=sharing,https://d32jc9rx98ldq0.cloudfront.net/staging/inventory/compressed/restaurant-2/Gobi65.jpg,
Paneer Manchurian,ProductType,21,"Inventory,Food,Restaurant,Snacks,Vegeterian,",200,https://drive.google.com/file/d/1EqHE3hvCkPqEYjP6uu4p5S3htSY97pAP/view?usp=sharing,https://d32jc9rx98ldq0.cloudfront.net/staging/inventory/compressed/restaurant-2/Vegeterian/PaneerManchurian.jpg,
Paneer 65,ProductType,22,"Inventory,Food,Restaurant,Snacks,Vegeterian,",200,https://drive.google.com/file/d/18eQOtotfInWqsh70Rc6NLKcegEIaW-3Y/view?usp=sharing,https://d32jc9rx98ldq0.cloudfront.net/staging/inventory/compressed/restaurant-2/Paneer65.jpg,
Paneer Chilli,ProductType,23,"Inventory,Food,Restaurant,Snacks,Vegeterian,",200,https://drive.google.com/file/d/1Kk0U0y2YhiaEMjyJl-zWAzSE1Y1J7mHd/view?usp=sharing,https://d32jc9rx98ldq0.cloudfront.net/staging/inventory/compressed/restaurant-2/Vegeterian/Paneerchilli.jpg,
Mushroom Manchurian,ProductType,24,"Inventory,Food,Restaurant,Snacks,Vegeterian,",150,https://drive.google.com/file/d/1h9mq-N1nat_cG5ELIeoeIHppq06tVhlv/view?usp=sharing,https://d32jc9rx98ldq0.cloudfront.net/staging/inventory/compressed/restaurant-2/MushroomManchurian.jpg,
Mushroom Chilli,ProductType,25,"Inventory,Food,Restaurant,Snacks,Vegeterian,",150,https://drive.google.com/file/d/1U0ZgiXdil7TP99NMF9TVpI2cA0l0qfft/view?usp=sharing,https://d32jc9rx98ldq0.cloudfront.net/staging/inventory/compressed/restaurant-2/Vegeterian/MushroomChilli.jpg,
Baby Corn Mushroom Chilli,ProductType,26,"Inventory,Food,Restaurant,Snacks,Vegeterian,",180,https://drive.google.com/file/d/1oTGmJ2o89IDIUytM2kE8G3LQvFUPfmWa/view?usp=sharing,https://d32jc9rx98ldq0.cloudfront.net/staging/inventory/compressed/restaurant-2/BabyCornMushroomChilli.jpg,
Finger Chips,ProductType,27,"Inventory,Food,Restaurant,Snacks,Vegeterian,",100,https://drive.google.com/file/d/1WqsZvM7FYMNNTf5L-ia1UO8zPhtnxOAt/view?usp=sharing,https://d32jc9rx98ldq0.cloudfront.net/staging/inventory/compressed/restaurant-2/Vegeterian/FingerChips.jpg,
Masala Finger Chips,ProductType,28,"Inventory,Food,Restaurant,Snacks,Vegeterian,",100,https://drive.google.com/file/d/18mkEawHW3B9ZpOsii7_yGzYOhw5z_GZ5/view?usp=sharing,https://d32jc9rx98ldq0.cloudfront.net/staging/inventory/compressed/restaurant-2/MasalaFingerChips.jpg,
Onion Pakoda,ProductType,29,"Inventory,Food,Restaurant,Snacks,Vegeterian,",90,https://drive.google.com/file/d/1GSiQ3dldo8AURsDTZvnk5venQv5TLYWe/view?usp=sharing,https://d32jc9rx98ldq0.cloudfront.net/staging/inventory/compressed/restaurant-2/Vegeterian/OnionPakoda.jpg,
Paneer Pakoda,ProductType,30,"Inventory,Food,Restaurant,Snacks,Vegeterian,",180,https://drive.google.com/file/d/1GXXvajp0oAFz1nuXU7rs31No579wKwgl/view?usp=sharing,https://d32jc9rx98ldq0.cloudfront.net/staging/inventory/compressed/restaurant-2/PaneerPakoda.jpg,
Veg Pakoda,ProductType,31,"Inventory,Food,Restaurant,Snacks,Vegeterian,",90,https://drive.google.com/file/d/1nZECSaGTjOsbjZFaCg0dQdISLgxim1qT/view?usp=sharing,https://d32jc9rx98ldq0.cloudfront.net/staging/inventory/compressed/restaurant-2/Veg-Pakoda.jpg,
Palak Pakoda,ProductType,32,"Inventory,Food,Restaurant,Snacks,Vegeterian,",90,https://drive.google.com/file/d/1BaQRZPAllLOzW3CqCrjKal06lXt_0fuo/view?usp=sharing,https://d32jc9rx98ldq0.cloudfront.net/staging/inventory/compressed/restaurant-2/PalakPakoda.jpg,
Dragon Potato Chilli,ProductType,33,"Inventory,Food,Restaurant,Snacks,Vegeterian,",130,https://drive.google.com/file/d/12Wv0aEUZJADbnGRjSIDbZrR_Cu2yXznH/view?usp=sharing,https://d32jc9rx98ldq0.cloudfront.net/staging/inventory/compressed/restaurant-2/DragonPotatoChilli.jpg,
Noodles,ProductClass,1,"Inventory,Food,Restaurant,",,,https://d32jc9rx98ldq0.cloudfront.net/staging/inventory/compressed/restaurant-6/Noodles.jpg,
Vegeterian,ProductLine,2,"Inventory,Food,Restaurant,Noodles,",,,https://d32jc9rx98ldq0.cloudfront.net/staging/inventory/compressed/restaurant-2/Salad.jpg,
NonVegeterian,ProductLine,2,"Inventory,Food,Restaurant,Noodles,",,,,
Veg Noodle,ProductType,3,"Inventory,Food,Restaurant,Noodles,Vegeterian,",150,https://drive.google.com/file/d/1uXQfRk8APlCcpW9lZGG-rueAG8nEzv5j/view?usp=sharing,https://d32jc9rx98ldq0.cloudfront.net/staging/inventory/compressed/restaurant-2/Veg-Noodles.jpg,
Hakka Noodle,ProductType,4,"Inventory,Food,Restaurant,Noodles,Vegeterian,",160,https://drive.google.com/file/d/1lmZY2UioRlG7dKQsa_e8M8N2Kgtq_m3D/view?usp=sharing,https://d32jc9rx98ldq0.cloudfront.net/staging/inventory/compressed/restaurant-2/HakkaNoodle.jpg,
Schezwan Noodle,ProductType,5,"Inventory,Food,Restaurant,Noodles,Vegeterian,",160,https://drive.google.com/file/d/1swyIzbsHPrkPGTS2snL0sk5J2vJKbVm5/view?usp=sharing,https://d32jc9rx98ldq0.cloudfront.net/staging/inventory/compressed/restaurant-2/Schezwan-Noodle.jpg,
Triple Schezwan Noodle,ProductType,6,"Inventory,Food,Restaurant,Noodles,Vegeterian,",300,https://drive.google.com/file/d/1yDVRZjvhT16ssS1kPDDjLB2Puj8kzwvd/view?usp=sharing,https://d32jc9rx98ldq0.cloudfront.net/staging/inventory/compressed/restaurant-2/Triple-Schezwan-Noodle.jpg,
Rice,ProductClass,1,"Inventory,Food,Restaurant,",,,https://d32jc9rx98ldq0.cloudfront.net/staging/inventory/compressed/restaurant-2/Rice.jpg,
Vegeterian,ProductLine,2,"Inventory,Food,Restaurant,Rice,",,,https://d32jc9rx98ldq0.cloudfront.net/staging/inventory/compressed/restaurant-2/Salad.jpg,
NonVegeterian,ProductLine,2,"Inventory,Food,Restaurant,Rice,",,,,
Plain Rice,ProductType,3,"Inventory,Food,Restaurant,Rice,Vegeterian,",90,https://drive.google.com/file/d/18J_mJa06XUs-QW11tFlny9iB4N4MgBaj/view?usp=sharing,https://d32jc9rx98ldq0.cloudfront.net/staging/inventory/compressed/restaurant-2/Plain-Rice.jpg,
Jeera Rice,ProductType,4,"Inventory,Food,Restaurant,Rice,Vegeterian,",110,https://drive.google.com/file/d/1-GF04qtXF6mVP48_0ek2Qj07ZNbdnEES/view?usp=sharing,https://d32jc9rx98ldq0.cloudfront.net/staging/inventory/compressed/restaurant-2/JeeraRice.jpg,
Dal Khichdi,ProductType,5,"Inventory,Food,Restaurant,Rice,Vegeterian,",140,https://drive.google.com/file/d/1eYgIjQw-U3ZGT8GEPhcg9KZJWnc7BvLu/view?usp=sharing,https://d32jc9rx98ldq0.cloudfront.net/staging/inventory/compressed/restaurant-2/DalKhichdi.jpg,
Masala Khichdi,ProductType,6,"Inventory,Food,Restaurant,Rice,Vegeterian,",160,https://drive.google.com/file/d/1V8pug1K0wFXz_Og1db1jVV_PkJjVlQ5i/view?usp=sharing,https://d32jc9rx98ldq0.cloudfront.net/staging/inventory/compressed/restaurant-2/MasalaKhichdi.jpg,
Masala Rice,ProductType,7,"Inventory,Food,Restaurant,Rice,Vegeterian,",150,https://drive.google.com/file/d/1f42W8I8vF2MKOR1_NEpVKeDqUYYxbwXH/view?usp=sharing,https://d32jc9rx98ldq0.cloudfront.net/staging/inventory/compressed/restaurant-2/MasalaRice.jpg,
Veg Fried Rice,ProductType,8,"Inventory,Food,Restaurant,Rice,Vegeterian,",150,https://drive.google.com/file/d/1bz2y7h_zxW5FIwkPU1ouPFuPXrxVdyrI/view?usp=sharing,https://d32jc9rx98ldq0.cloudfront.net/staging/inventory/compressed/restaurant-2/Veg-Fried-Rice.jpg,
Veg Pulav,ProductType,9,"Inventory,Food,Restaurant,Rice,Vegeterian,",150,https://drive.google.com/file/d/1JVN_maOr1Clvt-SlU51QylwBcZng4liR/view?usp=sharing,https://d32jc9rx98ldq0.cloudfront.net/staging/inventory/compressed/restaurant-2/VegPulav.jpg,
Tawa Pulav,ProductType,10,"Inventory,Food,Restaurant,Rice,Vegeterian,",150,https://drive.google.com/file/d/1FdguHo7pWWPWTUI1UKjpEDOa7DF1PTjk/view?usp=sharing,https://d32jc9rx98ldq0.cloudfront.net/staging/inventory/compressed/restaurant-2/Tawa-Pulav.jpg,
Hyderabadi Biryani,ProductType,11,"Inventory,Food,Restaurant,Rice,Vegeterian,",180,https://drive.google.com/file/d/1s1mIts8jTT_r47i4wHeb837ZpsrcMFnv/view?usp=sharing,https://d32jc9rx98ldq0.cloudfront.net/staging/inventory/compressed/restaurant-2/HyderabadichickenBiryani.jpg,
Curd Rice,ProductType,12,"Inventory,Food,Restaurant,Rice,Vegeterian,",150,https://drive.google.com/file/d/1vBvzMDzVFIOmHhoFGfSV2bWWfqhHbujJ/view?usp=sharing,https://d32jc9rx98ldq0.cloudfront.net/staging/inventory/compressed/restaurant-2/Vegeterian/CurdRice.jpg,
Paneer Dum Biryani,ProductType,13,"Inventory,Food,Restaurant,Rice,Vegeterian,",200,https://drive.google.com/file/d/1TcJviY67N6AJNGBUeMIIgYDW-9zmqZ0S/view?usp=sharing,https://d32jc9rx98ldq0.cloudfront.net/staging/inventory/compressed/restaurant-2/PaneerDumBiryani.jpg,
Kashmiri Pulav,ProductType,14,"Inventory,Food,Restaurant,Rice,Vegeterian,",150,https://drive.google.com/file/d/1WS70TmGf55XCNXOHfWjWGGCbVLxicy6b/view?usp=sharing,https://d32jc9rx98ldq0.cloudfront.net/staging/inventory/compressed/restaurant-2/KashmiriPulav.jpg,
Manchurian Rice,ProductType,15,"Inventory,Food,Restaurant,Rice,Vegeterian,",150,https://drive.google.com/file/d/1Ch4wLqTOpUXAlrKTThDvGYmRd1iScQGs/view?usp=sharing,https://d32jc9rx98ldq0.cloudfront.net/staging/inventory/compressed/restaurant-2/ManchurianRice.jpg,
Veg Schezwan Rice,ProductType,16,"Inventory,Food,Restaurant,Rice,Vegeterian,",150,https://drive.google.com/file/d/1-I-WSFeFbKd9hlnc9-xzXQYn5XKPgbKD/view?usp=sharing,https://d32jc9rx98ldq0.cloudfront.net/staging/inventory/compressed/restaurant-2/VegSchezwanRice.jpg,
Palak Khichadi,ProductType,17,"Inventory,Food,Restaurant,Rice,Vegeterian,",150,https://drive.google.com/file/d/1BX9D01Vrgi8zC7KWWoGVJsKD6UAMUVtZ/view?usp=sharing,https://d32jc9rx98ldq0.cloudfront.net/staging/inventory/compressed/restaurant-2/PalakKhichadi.jpg,
Breads,ProductClass,1,"Inventory,Food,Restaurant,",,,https://d32jc9rx98ldq0.cloudfront.net/staging/inventory/compressed/categoryimages3/Bread.jpg,
Vegeterian,ProductLine,2,"Inventory,Food,Restaurant,Breads,",,,https://d32jc9rx98ldq0.cloudfront.net/staging/inventory/compressed/restaurant-2/Salad.jpg,
NonVegeterian,ProductLine,2,"Inventory,Food,Restaurant,Breads,",,,,
Tawa Chapati,ProductType,3,"Inventory,Food,Restaurant,Breads,Vegeterian,",20,https://drive.google.com/file/d/1JXzzkn0u9amHVnj7kKoDG8gvKe2rhBGl/view?usp=sharing,https://d32jc9rx98ldq0.cloudfront.net/staging/inventory/compressed/restaurant-2/Tawa-Chapati.jpg,
Butter Chapati,ProductType,4,"Inventory,Food,Restaurant,Breads,Vegeterian,",25,https://drive.google.com/file/d/1caizJDjMx1SJWxFLCQo3mIbbJRJ5ynbR/view?usp=sharing,https://d32jc9rx98ldq0.cloudfront.net/staging/inventory/compressed/restaurant-2/ButterChapati.jpg.crdownload.jpg,
Tandoori Roti,ProductType,5,"Inventory,Food,Restaurant,Breads,Vegeterian,",20,https://drive.google.com/file/d/1p6eNQrcVnNmzujXu2Tlh9MKJdIX9WyOK/view?usp=sharing,https://d32jc9rx98ldq0.cloudfront.net/staging/inventory/compressed/restaurant-2/TandooriRoti.jpg,
Butter Roti,ProductType,6,"Inventory,Food,Restaurant,Breads,Vegeterian,",30,https://drive.google.com/file/d/1PNULLWY7VuyeG2a34qt5BEKw-7DMFTNG/view?usp=sharing,https://d32jc9rx98ldq0.cloudfront.net/staging/inventory/compressed/restaurant-2/Vegeterian/ButterRoti.jpg,
Naan,ProductType,7,"Inventory,Food,Restaurant,Breads,Vegeterian,",50,https://drive.google.com/file/d/1HGpowHCtwGjO9lQu_UGtIBIw8scvg48S/view?usp=sharing,https://d32jc9rx98ldq0.cloudfront.net/staging/inventory/compressed/restaurant-2/Vegeterian/Naan.jpg,
Butter Naan,ProductType,8,"Inventory,Food,Restaurant,Breads,Vegeterian,",60,https://drive.google.com/file/d/1MtQMs3CTx3V8aidYwZMPC4fkYQr9cYrr/view?usp=sharing,https://d32jc9rx98ldq0.cloudfront.net/staging/inventory/compressed/restaurant-2/ButterNaan.jpg,
Garlic Naan,ProductType,9,"Inventory,Food,Restaurant,Breads,Vegeterian,",60,https://drive.google.com/file/d/1ZrjzImNdtXyFGwa8e1Mzd7oH4glw7hFg/view?usp=sharing,https://d32jc9rx98ldq0.cloudfront.net/staging/inventory/compressed/restaurant-2/Vegeterian/GarlicNaan.jpg,
Garlic Roti,ProductType,10,"Inventory,Food,Restaurant,Breads,Vegeterian,",50,https://drive.google.com/file/d/1wtxbAj298WvKMtYOxqUgndhVh4_EBhWj/view?usp=sharing,https://d32jc9rx98ldq0.cloudfront.net/staging/inventory/compressed/restaurant-2/GarlicRoti.jpg,
Missi Roti,ProductType,11,"Inventory,Food,Restaurant,Breads,Vegeterian,",50,https://drive.google.com/file/d/1fXmRC6q8Zz7CyJp1LMC6BPnEAnyv_5yM/view?usp=sharing,https://d32jc9rx98ldq0.cloudfront.net/staging/inventory/compressed/restaurant-2/MissiRoti.jpg,
Methi Roti,ProductType,12,"Inventory,Food,Restaurant,Breads,Vegeterian,",50,https://drive.google.com/file/d/16XKT6yI3_QxvounlYKp3bIMxgBp4p6cS/view?usp=sharing,https://d32jc9rx98ldq0.cloudfront.net/staging/inventory/compressed/restaurant-2/MethiRoti.jpg,
Laccha Paratha,ProductType,13,"Inventory,Food,Restaurant,Breads,Vegeterian,",60,https://drive.google.com/file/d/1EQFxVvfOVDYeOTq1kgFx5I-_55U1l3DF/view?usp=sharing,https://d32jc9rx98ldq0.cloudfront.net/staging/inventory/compressed/restaurant-2/Vegeterian/LacchaParatha.jpg,
Onion Kulcha,ProductType,14,"Inventory,Food,Restaurant,Breads,Vegeterian,",60,https://drive.google.com/file/d/1rdAmMrkFuvkYGGSCYakMgq1XG3Kvfkdu/view?usp=sharing,https://d32jc9rx98ldq0.cloudfront.net/staging/inventory/compressed/restaurant-2/onionkulcha.jpg,
Butter Kulcha,ProductType,15,"Inventory,Food,Restaurant,Breads,Vegeterian,",50,https://drive.google.com/file/d/11DOuIe86RXOgEGTqVwSJtZUPheewt2Ih/view?usp=sharing,https://d32jc9rx98ldq0.cloudfront.net/staging/inventory/compressed/restaurant-2/Vegeterian/ButterKulcha.jpg,
Masala Kulcha,ProductType,16,"Inventory,Food,Restaurant,Breads,Vegeterian,",60,https://drive.google.com/file/d/12BW9saGbdlr8FoDwRXcqQYbR3zOWEhB7/view?usp=sharing,https://d32jc9rx98ldq0.cloudfront.net/staging/inventory/compressed/restaurant-2/MasalaKulcha.jpg,
Entree,ProductClass,1,"Inventory,Food,Restaurant,",,,https://d32jc9rx98ldq0.cloudfront.net/staging/inventory/compressed/restaurant7/Entree.jpg,
Vegeterian,ProductLine,2,"Inventory,Food,Restaurant,Entree,",,,https://d32jc9rx98ldq0.cloudfront.net/staging/inventory/compressed/restaurant-2/Salad.jpg,
NonVegeterian,ProductLine,2,"Inventory,Food,Restaurant,Entree,",,,,
Malai Kofta,ProductType,3,"Inventory,Food,Restaurant,Entree,Vegeterian,",210,https://drive.google.com/file/d/1VLPs06se6YOpnFqheEoxjS2W43ntezp8/view?usp=sharing,https://d32jc9rx98ldq0.cloudfront.net/staging/inventory/compressed/restaurant-2/MalaiKofta.jpg,
Veg Kofta,ProductType,4,"Inventory,Food,Restaurant,Entree,Vegeterian,",190,https://drive.google.com/file/d/1Mvg_zicUKWbqy17-QkdNaNjk6pwcqvxT/view?usp=sharing,https://d32jc9rx98ldq0.cloudfront.net/staging/inventory/compressed/restaurant-2/Veg-Kofta.jpg,
Nargasi Kofta,ProductType,5,"Inventory,Food,Restaurant,Entree,Vegeterian,",190,https://drive.google.com/file/d/1Tceu1wlanwrabulUaf5OA6aCGzM_G3T_/view?usp=sharing,https://d32jc9rx98ldq0.cloudfront.net/staging/inventory/compressed/restaurant-2/NargasiKofta.jpg,
Veg Bhuna,ProductType,6,"Inventory,Food,Restaurant,Entree,Vegeterian,",180,https://drive.google.com/file/d/12tHTD9SDwoAQIGhjJS9ylmvJ6tWZHFzc/view?usp=sharing,https://d32jc9rx98ldq0.cloudfront.net/staging/inventory/compressed/restaurant-2/Veg-Bhuna.jpg,
Veg Maratha,ProductType,7,"Inventory,Food,Restaurant,Entree,Vegeterian,",190,https://drive.google.com/file/d/11npxFNMHAT_8ZUmXoQfJPlwBvEI85GCn/view?usp=sharing,https://d32jc9rx98ldq0.cloudfront.net/staging/inventory/compressed/restaurant-2/Veg-Maratha.jpg,
Veg Andda Masala,ProductType,8,"Inventory,Food,Restaurant,Entree,Vegeterian,",190,https://drive.google.com/file/d/1Lng_nHq-TscytZZexE0JOk6pV8cyALOs/view?usp=sharing,https://d32jc9rx98ldq0.cloudfront.net/staging/inventory/compressed/restaurant-2/Veg-Andda-Masala.jpg,
Paneer Kofta,ProductType,9,"Inventory,Food,Restaurant,Entree,Vegeterian,",200,https://drive.google.com/file/d/1KcYDcZ4QMe9pvL3rJhN3-ef5umFHRmhR/view?usp=sharing,https://d32jc9rx98ldq0.cloudfront.net/staging/inventory/compressed/restaurant-2/Vegeterian/PaneerKofta.jpg,
Dal Fry,ProductType,10,"Inventory,Food,Restaurant,Entree,Vegeterian,",150,https://drive.google.com/file/d/1K8tvnEHHFvnC05dq2Qx-p-dJ1RZDhOaK/view?usp=sharing,https://d32jc9rx98ldq0.cloudfront.net/staging/inventory/compressed/restaurant-2/Vegeterian/DalFry.jpg,
Dal Tadka,ProductType,11,"Inventory,Food,Restaurant,Entree,Vegeterian,",160,https://drive.google.com/file/d/14RUwq8nVglapT24psGzGu5oLTx-UOZB7/view?usp=sharing,https://d32jc9rx98ldq0.cloudfront.net/staging/inventory/compressed/restaurant-2/Vegeterian/DalTadka.jpg,
Dal Kolhapuri Tadka,ProductType,12,"Inventory,Food,Restaurant,Entree,Vegeterian,",170,https://drive.google.com/file/d/1HAOYdjaRAD0HtUnEf0jVKW2bVc2m98yM/view?usp=sharing,https://d32jc9rx98ldq0.cloudfront.net/staging/inventory/compressed/restaurant-2/DalKolhapuriTadka.jpg,
Dal Jeera,ProductType,13,"Inventory,Food,Restaurant,Entree,Vegeterian,",150,https://drive.google.com/file/d/1HKjNJTKO7z4CsGo3c0ncwXAUS-FuxyFi/view?usp=sharing,https://d32jc9rx98ldq0.cloudfront.net/staging/inventory/compressed/restaurant-2/Vegeterian/DalJeera.jpg,
Dal Butter,ProductType,14,"Inventory,Food,Restaurant,Entree,Vegeterian,",170,https://drive.google.com/file/d/1if-pYMO_R8hzk8amB0gZwHWntzmHzG6p/view?usp=sharing,https://d32jc9rx98ldq0.cloudfront.net/staging/inventory/compressed/restaurant-2/DalButter.jpg,
Dal Makhani,ProductType,15,"Inventory,Food,Restaurant,Entree,Vegeterian,",180,https://drive.google.com/file/d/1bx4zFB3n5TKpwLaxvoc2JGDgMQI_4sWj/view?usp=sharing,https://d32jc9rx98ldq0.cloudfront.net/staging/inventory/compressed/restaurant-2/DalMakhani.jpg,
Dal Jain,ProductType,16,"Inventory,Food,Restaurant,Entree,Vegeterian,",130,https://drive.google.com/file/d/1NIfADycZ03itpbUYXd9HXQ1Iay4I0DPW/view?usp=sharing,https://d32jc9rx98ldq0.cloudfront.net/staging/inventory/compressed/restaurant-2/DalJain.jpg,
Dal Palak,ProductType,17,"Inventory,Food,Restaurant,Entree,Vegeterian,",130,https://drive.google.com/file/d/1g_Mioux3e6z1OOkqVDYIDisygH6as6td/view?usp=sharing,https://d32jc9rx98ldq0.cloudfront.net/staging/inventory/compressed/restaurant-2/dalpalak.jpg,
Methi Besan,ProductType,18,"Inventory,Food,Restaurant,Entree,Vegeterian,",170,https://drive.google.com/file/d/1mXlIpwCWnDbWwX7YuV40SRucF3SfWZQd/view?usp=sharing,https://d32jc9rx98ldq0.cloudfront.net/staging/inventory/compressed/restaurant-2/MethiBesan.jpg,
Tadka Besan,ProductType,19,"Inventory,Food,Restaurant,Entree,Vegeterian,",170,https://drive.google.com/file/d/1Hzlwf-OaXExOkEPa47JoLvBIpdMKIPWt/view?usp=sharing,https://d32jc9rx98ldq0.cloudfront.net/staging/inventory/compressed/restaurant-2/MethiBesan.jpg,
Tawa Besan,ProductType,20,"Inventory,Food,Restaurant,Entree,Vegeterian,",170,https://drive.google.com/file/d/1CArwuE_kuHJJKpUhuQUQ0YQrQFCgiwhH/view?usp=sharing,https://d32jc9rx98ldq0.cloudfront.net/staging/inventory/compressed/restaurant-2/Tawa-Besan.jpg,
Baigan Masala,ProductType,21,"Inventory,Food,Restaurant,Entree,Vegeterian,",180,https://drive.google.com/file/d/1r4aTUAlIRkkqBI_OnVLcGAK3JW2VF6rk/view?usp=sharing,https://d32jc9rx98ldq0.cloudfront.net/staging/inventory/compressed/restaurant-2/Vegeterian/baiganmasala.jpg,
Bhendi Fry,ProductType,22,"Inventory,Food,Restaurant,Entree,Vegeterian,",170,https://drive.google.com/file/d/1JuaS9-HeNYDddzgv255-ILPSG56AoNGt/view?usp=sharing,https://d32jc9rx98ldq0.cloudfront.net/staging/inventory/compressed/restaurant-2/Vegeterian/BhendiFry.jpg,
Bhendi Masala,ProductType,23,"Inventory,Food,Restaurant,Entree,Vegeterian,",180,https://drive.google.com/file/d/19fqIuFOUUhUgkG8ydZ2ZF_cSaIi2c7DT/view?usp=sharing,https://d32jc9rx98ldq0.cloudfront.net/staging/inventory/compressed/restaurant-2/Vegeterian/BhendiMasala.jpg,
Bhendi Kurkure,ProductType,24,"Inventory,Food,Restaurant,Entree,Vegeterian,",165,https://drive.google.com/file/d/182_93D_9VBcNKrsKq9FM-2PD1aHdprlb/view?usp=sharing,https://d32jc9rx98ldq0.cloudfront.net/staging/inventory/compressed/restaurant-2/BhendiKurkure.jpg,
Aloo Jeera,ProductType,25,"Inventory,Food,Restaurant,Entree,Vegeterian,",160,https://drive.google.com/file/d/1THYyiuCKuYuJ9nypldTM9ak7Xm86NTfr/view?usp=sharing,https://d32jc9rx98ldq0.cloudfront.net/staging/inventory/compressed/restaurant-2/Vegeterian/AlooJeera.jpg,
Aloo Palak,ProductType,26,"Inventory,Food,Restaurant,Entree,Vegeterian,",160,https://drive.google.com/file/d/1QCdqn4vqczWuJfL6Hdl1PbYizCzuTvk_/view?usp=sharing,https://d32jc9rx98ldq0.cloudfront.net/staging/inventory/compressed/restaurant-2/Vegeterian/AlooPalak.jpg,
Plain Palak,ProductType,27,"Inventory,Food,Restaurant,Entree,Vegeterian,",160,https://drive.google.com/file/d/1l_lWdGT9y7iznTgTKp31G5fzJjHu45Uv/view?usp=sharing,https://d32jc9rx98ldq0.cloudfront.net/staging/inventory/compressed/restaurant-2/PlainPalak.jpg,
Methi Fry,ProductType,28,"Inventory,Food,Restaurant,Entree,Vegeterian,",165,https://drive.google.com/file/d/1ubiSkyXx6gJaU3nPeySsDnRLLxAuRaN4/view?usp=sharing,https://d32jc9rx98ldq0.cloudfront.net/staging/inventory/compressed/restaurant-2/Vegeterian/MethiFry.jpg,
Methi Masala,ProductType,29,"Inventory,Food,Restaurant,Entree,Vegeterian,",170,https://drive.google.com/file/d/1dErgRMsOVhFdohv1aCOlsQvMfilDWgAc/view?usp=sharing,https://d32jc9rx98ldq0.cloudfront.net/staging/inventory/compressed/restaurant-2/MethiMasala.jpeg.crdownload.jpg,
Lasooni Methi Masala,ProductType,30,"Inventory,Food,Restaurant,Entree,Vegeterian,",175,,,
Lasooni Methi Fry,ProductType,31,"Inventory,Food,Restaurant,Entree,Vegeterian,",170,,,
Dum Aloo,ProductType,32,"Inventory,Food,Restaurant,Entree,Vegeterian,",170,https://drive.google.com/file/d/1V-hGDvpgOZi7F5evfIoNc_wuykHbEJDR/view?usp=sharing,https://d32jc9rx98ldq0.cloudfront.net/staging/inventory/compressed/restaurant-2/DumAloo.jpg,
Aloo Gobi Masala,ProductType,33,"Inventory,Food,Restaurant,Entree,Vegeterian,",160,https://drive.google.com/file/d/1UozMvHOqkN4ZkBvn0XXrfi0r4Sxifhdq/view?usp=sharing,https://d32jc9rx98ldq0.cloudfront.net/staging/inventory/compressed/restaurant-2/AlooGobiMasala.jpg,
Aloo Dum Banarsi,ProductType,34,"Inventory,Food,Restaurant,Entree,Vegeterian,",160,,,
Aloo Mutter,ProductType,35,"Inventory,Food,Restaurant,Entree,Vegeterian,",160,https://drive.google.com/file/d/19YNKlvAvT3I_Fai-s4CDdCRupTBvXJTF/view?usp=sharing,https://d32jc9rx98ldq0.cloudfront.net/staging/inventory/compressed/restaurant-2/AlooMutter.jpg,
Methi Malai Mutter,ProductType,36,"Inventory,Food,Restaurant,Entree,Vegeterian,",200,https://drive.google.com/file/d/1jB3RwqqtEFil72Zbq5iorc_J6p44kDic/view?usp=sharing,https://d32jc9rx98ldq0.cloudfront.net/staging/inventory/compressed/restaurant-2/MethiMalaiMutter.jpg,
Tomato Chutney,ProductType,37,"Inventory,Food,Restaurant,Entree,Vegeterian,",160,https://drive.google.com/file/d/12EgS7ysa0DovVts2meTT_dNJ034g0f3V/view?usp=sharing,https://d32jc9rx98ldq0.cloudfront.net/staging/inventory/compressed/restaurant-2/Tomato-Chutney.jpg,
Soyabean Masala,ProductType,38,"Inventory,Food,Restaurant,Entree,Vegeterian,",170,https://drive.google.com/file/d/1XJaHLE_WmdYQz2tocg2xXzmrZfS11UJo/view?usp=sharing,https://d32jc9rx98ldq0.cloudfront.net/staging/inventory/compressed/restaurant-2/Soyabean-Masala.jpg,
Paneer Handi,ProductType,39,"Inventory,Food,Restaurant,Entree,Vegeterian,",210,https://drive.google.com/file/d/16FIXd77bHP3EkwponZbxdiXpg0NC_-Vi/view?usp=sharing,https://d32jc9rx98ldq0.cloudfront.net/staging/inventory/compressed/restaurant-2/Vegeterian/PaneerHandi.jpg,
Paneer Sahi,ProductType,40,"Inventory,Food,Restaurant,Entree,Vegeterian,",220,https://drive.google.com/file/d/15AWdKLo684dJ5YmM8kH7z6B2_zJD2xtb/view?usp=sharing,https://d32jc9rx98ldq0.cloudfront.net/staging/inventory/compressed/restaurant-2/PaneerSahi.jpg,
Paneer Tikka Masala,ProductType,41,"Inventory,Food,Restaurant,Entree,Vegeterian,",210,https://drive.google.com/file/d/1BmyxNFwPwf7zpalxZOSRuGMcKOWv1EoQ/view?usp=sharing,https://d32jc9rx98ldq0.cloudfront.net/staging/inventory/compressed/restaurant-2/PaneerTikkaMasala.jpg,
Paneer Butter Masala,ProductType,42,"Inventory,Food,Restaurant,Entree,Vegeterian,",210,https://drive.google.com/file/d/1hxW4pcTbsHP6Ql9I_VfGsXwGKF6m006R/view?usp=sharing,https://d32jc9rx98ldq0.cloudfront.net/staging/inventory/compressed/restaurant-2/PaneerButterMasala.jpg,
Paneer Kadhai,ProductType,43,"Inventory,Food,Restaurant,Entree,Vegeterian,",210,https://drive.google.com/file/d/1v425-MjIQO41Ia8kdpAppuD9KKbVQJCt/view?usp=sharing,https://d32jc9rx98ldq0.cloudfront.net/staging/inventory/compressed/restaurant-2/Vegeterian/PaneerKadhai.jpg,
Paneer Lachedar,ProductType,44,"Inventory,Food,Restaurant,Entree,Vegeterian,",210,https://drive.google.com/file/d/1LEcgJGDYlykSB9xfpdjkvZPJHK5686WG/view?usp=sharing,https://d32jc9rx98ldq0.cloudfront.net/staging/inventory/compressed/restaurant-2/PaneerLachedar.jpg,
Paneer Lababdar,ProductType,45,"Inventory,Food,Restaurant,Entree,Vegeterian,",230,https://drive.google.com/file/d/1klQ6gkZcDP9VZtjnp8INcM4dPmLs2AJe/view?usp=sharing,https://d32jc9rx98ldq0.cloudfront.net/staging/inventory/compressed/restaurant-2/Vegeterian/PaneerLababdar.jpg,
Tawa Paneer,ProductType,46,"Inventory,Food,Restaurant,Entree,Vegeterian,",210,https://drive.google.com/file/d/1UUClrr9KbgcuKHAjKzibbKDtUBhMyxK0/view?usp=sharing,https://d32jc9rx98ldq0.cloudfront.net/staging/inventory/compressed/restaurant-2/Tawa-Paneer.jpg,
Palak Paneer,ProductType,47,"Inventory,Food,Restaurant,Entree,Vegeterian,",200,https://drive.google.com/file/d/15TSU15zdBHcKR9I_i1fBqvMPLl4_FgN7/view?usp=sharing,https://d32jc9rx98ldq0.cloudfront.net/staging/inventory/compressed/restaurant-2/PalakPaneer.jpg,
Paneer Masala,ProductType,48,"Inventory,Food,Restaurant,Entree,Vegeterian,",200,https://drive.google.com/file/d/1qYwzOkLWokms8zuBp2TCUDb8DJfV9w2S/view?usp=sharing,https://d32jc9rx98ldq0.cloudfront.net/staging/inventory/compressed/restaurant-2/PaneerMasala.jpg,
Paneer Angara,ProductType,49,"Inventory,Food,Restaurant,Entree,Vegeterian,",210,https://drive.google.com/file/d/1TWKrad110VxkZ1Kp11_hACH784etr3za/view?usp=sharing,https://d32jc9rx98ldq0.cloudfront.net/staging/inventory/compressed/restaurant-2/PaneerAngara.jpg,
Paneer Tufani,ProductType,50,"Inventory,Food,Restaurant,Entree,Vegeterian,",195,https://drive.google.com/file/d/1vJPH6gqLrlDTdjWGfUyMy5-JQCT92NW/view?usp=sharing,https://d32jc9rx98ldq0.cloudfront.net/staging/inventory/compressed/restaurant-2/Vegeterian/PaneerTufani.jpg,
Kaju Curry,ProductType,51,"Inventory,Food,Restaurant,Entree,Vegeterian,",220,https://drive.google.com/file/d/1gC6vM-RK8u99OSMQLKktR7ByUm1Jnk6W/view?usp=sharing,https://d32jc9rx98ldq0.cloudfront.net/staging/inventory/compressed/restaurant-2/Vegeterian/KajuCurry.jpg,
Kaju Masala,ProductType,52,"Inventory,Food,Restaurant,Entree,Vegeterian,",220,https://drive.google.com/file/d/1jk05_NhTywUDWFYjKrbLV45fLqWAkGm0/view?usp=sharing,https://d32jc9rx98ldq0.cloudfront.net/staging/inventory/compressed/restaurant-2/Vegeterian/KajuMasala.jpg,
Kaju Paneer Masala,ProductType,53,"Inventory,Food,Restaurant,Entree,Vegeterian,",210,https://drive.google.com/file/d/1nHHvi8X6n_VqIiECNSaHu2LWBZQE8-ZL/view?usp=sharing,https://d32jc9rx98ldq0.cloudfront.net/staging/inventory/compressed/restaurant-2/KajuPaneerMasala.jpg,
Paneer Baby Corn Masala,ProductType,54,"Inventory,Food,Restaurant,Entree,Vegeterian,",210,https://drive.google.com/file/d/1w52OTmIdhNTlHiZoYQQ2byShkV_XotV6/view?usp=sharing,https://d32jc9rx98ldq0.cloudfront.net/staging/inventory/compressed/restaurant-2/PaneerBabyCornMasala.jpg,
Mutter Paneer,ProductType,55,"Inventory,Food,Restaurant,Entree,Vegeterian,",210,https://drive.google.com/file/d/1huDNxCZ-qNC4fo-BTry7L1bsN4vjlnfl/view?usp=sharing,https://d32jc9rx98ldq0.cloudfront.net/staging/inventory/compressed/restaurant-2/Vegeterian/MutterPaneer.jpg,
Paneer Koliwada,ProductType,56,"Inventory,Food,Restaurant,Entree,Vegeterian,",210,https://drive.google.com/file/d/1DU9F3Kwl_rVt_uJfQ41cv6sWDHqtSBKo/view?usp=sharing,https://d32jc9rx98ldq0.cloudfront.net/staging/inventory/compressed/restaurant-2/PaneerKoliwada.jpg,
Paneer Bhurji,ProductType,57,"Inventory,Food,Restaurant,Entree,Vegeterian,",230,https://drive.google.com/file/d/1LZZA3_svXkXtLnQWAZxfqenp_2-30QI-/view?usp=sharing,https://d32jc9rx98ldq0.cloudfront.net/staging/inventory/compressed/restaurant-2/Vegeterian/PaneerBhurji.jpg,
Paneer Bhurji With Gravy,ProductType,58,"Inventory,Food,Restaurant,Entree,Vegeterian,",220,https://drive.google.com/file/d/10Ql32bqWc78o6sE9bXJpCROHwbDlNDd7/view?usp=sharing,https://d32jc9rx98ldq0.cloudfront.net/staging/inventory/compressed/restaurant-2/PaneerBhurjiWithGravy.jpg,
Paneer Mushroom With Masala,ProductType,59,"Inventory,Food,Restaurant,Entree,Vegeterian,",210,https://drive.google.com/file/d/14aQDaAiclync-dzWiclaXtct9pAoqm5e/view?usp=sharing,https://d32jc9rx98ldq0.cloudfront.net/staging/inventory/compressed/restaurant-2/PaneerMushroomWithMasala.jpg,
Paneer Tiranga,ProductType,60,"Inventory,Food,Restaurant,Entree,Vegeterian,",250,https://drive.google.com/file/d/12M-xmxLRzIJi4nuvFstW-xE9JH7witNr/view?usp=sharing,https://d32jc9rx98ldq0.cloudfront.net/staging/inventory/compressed/restaurant-2/PaneerTiranga.jpg,
Paneer Makhmali,ProductType,61,"Inventory,Food,Restaurant,Entree,Vegeterian,",230,https://drive.google.com/file/d/1fAitMrUsglufIupoPSjpELc7qpqzgHXs/view?usp=sharing,https://d32jc9rx98ldq0.cloudfront.net/staging/inventory/compressed/restaurant-5/PaneerMakhmali.jpg,
Paneer Nawabi,ProductType,62,"Inventory,Food,Restaurant,Entree,Vegeterian,",230,https://drive.google.com/file/d/1XvClXi6DL3-TCRSEvXd1bXxxJwt7C5ym/view?usp=sharing,https://d32jc9rx98ldq0.cloudfront.net/staging/inventory/compressed/restaurant-2/PaneerNawabi.jpg,
Paneer Mushroom Baby Corn Kadhai,ProductType,63,"Inventory,Food,Restaurant,Entree,Vegeterian,",230,https://drive.google.com/file/d/19eiQsxj5oUtX-j6j1NXVI-YMu0AzZkgW/view?usp=sharing,https://d32jc9rx98ldq0.cloudfront.net/staging/inventory/compressed/restaurant-2/PaneerMushroomBabyCornKadhai.jpg,
Baby Mushroom Tikka Masala,ProductType,64,"Inventory,Food,Restaurant,Entree,Vegeterian,",230,https://drive.google.com/file/d/1CKJF1Ela_avDbg_qNomXkywj3v0c40aC/view?usp=sharing,https://d32jc9rx98ldq0.cloudfront.net/staging/inventory/compressed/restaurant-2/BabyMushroomTikkaMasala.jpg,
Paneer Anarkali,ProductType,65,"Inventory,Food,Restaurant,Entree,Vegeterian,",220,https://drive.google.com/file/d/1HDqQHcZjbJCdlr8YqpxxG_8zAspqylRj/view?usp=sharing,https://d32jc9rx98ldq0.cloudfront.net/staging/inventory/compressed/restaurant-2/PaneerAnarkali.jpg,
Veg Handi,ProductType,66,"Inventory,Food,Restaurant,Entree,Vegeterian,",190,https://drive.google.com/file/d/1OMBGMs1tQ-dGKZ241ojy_oozXgbRceTn/view?usp=sharing,https://d32jc9rx98ldq0.cloudfront.net/staging/inventory/compressed/restaurant-2/Veg-Handi.jpg,
Veg Kolhapuri,ProductType,67,"Inventory,Food,Restaurant,Entree,Vegeterian,",190,https://drive.google.com/file/d/1m1uzUXSxt9B7c1QZzLM8f5Xkfl5SnP3e/view?usp=sharing,https://d32jc9rx98ldq0.cloudfront.net/staging/inventory/compressed/restaurant-2/VegKolhapuri.jpg,
Mix Veg,ProductType,68,"Inventory,Food,Restaurant,Entree,Vegeterian,",190,https://drive.google.com/file/d/1ck00uoIiKEXjtfN1K8Zx7xfA2Dsc5VeU/view?usp=sharing,https://d32jc9rx98ldq0.cloudfront.net/staging/inventory/compressed/restaurant-2/Vegeterian/MixVeg.jpg,
Veg Patiala,ProductType,69,"Inventory,Food,Restaurant,Entree,Vegeterian,",210,https://drive.google.com/file/d/1VTtrcTnQh7NK71uSZuTooNo3MmmCml9w/view?usp=sharing,https://d32jc9rx98ldq0.cloudfront.net/staging/inventory/compressed/restaurant-2/VegPatiala.jpg,
Veg Mushroom Masala,ProductType,70,"Inventory,Food,Restaurant,Entree,Vegeterian,",190,https://drive.google.com/file/d/1HovqdtJERlUu401STRqAffGcIZUf1o86/view?usp=sharing,https://d32jc9rx98ldq0.cloudfront.net/staging/inventory/compressed/restaurant-2/Veg-Mushroom-Masala.jpg,
Chole Masala,ProductType,71,"Inventory,Food,Restaurant,Entree,Vegeterian,",180,https://drive.google.com/file/d/12Ag00XcG4DLD-qsniOgtcYQo1g4Q65Xg/view?usp=sharing,https://d32jc9rx98ldq0.cloudfront.net/staging/inventory/compressed/restaurant-2/CholeMasala.jpg,
Veg Koliwada,ProductType,72,"Inventory,Food,Restaurant,Entree,Vegeterian,",190,https://drive.google.com/file/d/1xsG6r9w7UoXsscDt-cqWvylAmFxhBGPm/view?usp=sharing,https://d32jc9rx98ldq0.cloudfront.net/staging/inventory/compressed/restaurant-2/Veg-Koliwada.jpg,
Green Peas Masala,ProductType,73,"Inventory,Food,Restaurant,Entree,Vegeterian,",160,https://drive.google.com/file/d/1lFZ3npwGGcVr8CkPFRJngdVNnR0WOGZL/view?usp=sharing,https://d32jc9rx98ldq0.cloudfront.net/staging/inventory/compressed/restaurant-2/GreenPeasMasala.jpg,
Mushroom Masala,ProductType,74,"Inventory,Food,Restaurant,Entree,Vegeterian,",190,https://drive.google.com/file/d/1lxiJ7KE2cIt_oraf27eM76_VxZCeFywA/view?usp=sharing,https://d32jc9rx98ldq0.cloudfront.net/staging/inventory/compressed/restaurant-2/Vegeterian/MushroomMasala.jpg,
Gabi Masala,ProductType,75,"Inventory,Food,Restaurant,Entree,Vegeterian,",160,https://drive.google.com/file/d/14xmLD-LabtTmIwtS_EHen38NHBiMhC0O/view?usp=sharing,https://d32jc9rx98ldq0.cloudfront.net/staging/inventory/compressed/restaurant-2/GabiMasala.jpg,
Sev Bhaji,ProductType,76,"Inventory,Food,Restaurant,Entree,Vegeterian,",160,https://drive.google.com/file/d/11FdfisCizLwICaPK_JTJ6NTS0iXA8WSw/view?usp=sharing,https://d32jc9rx98ldq0.cloudfront.net/staging/inventory/compressed/restaurant-2/SevBhaji.jpg,
Veg Hyderabadi,ProductType,77,"Inventory,Food,Restaurant,Entree,Vegeterian,",160,https://drive.google.com/file/d/1dtA8kP58QPcqCFQMBbu9s16z4jT8xux9/view?usp=sharing,https://d32jc9rx98ldq0.cloudfront.net/staging/inventory/compressed/restaurant-2/Veg-Hyderabadi.jpg,
Veg Gravy,ProductType,78,"Inventory,Food,Restaurant,Entree,Vegeterian,",130,https://drive.google.com/file/d/14k3LYQZH0x-5SoBQ5ts-98VtyWQDpkgv/view?usp=sharing,https://d32jc9rx98ldq0.cloudfront.net/staging/inventory/compressed/restaurant-2/Veg-Gravy.jpg,
Desserts,ProductClass,1,"Inventory,Food,Restaurant,",,,https://d32jc9rx98ldq0.cloudfront.net/staging/inventory/compressed/categoryimages3/Desserts.jpg,
Vegeterian,ProductLine,2,"Inventory,Food,Restaurant,Desserts,",,,https://d32jc9rx98ldq0.cloudfront.net/staging/inventory/compressed/restaurant-2/Salad.jpg,
NonVegeterian,ProductLine,2,"Inventory,Food,Restaurant,Desserts,",,,,
Gulab Jamun,ProductType,3,"Inventory,Food,Restaurant,Desserts,Vegeterian,",70,https://drive.google.com/file/d/1TbtnkGTLMpu0NDPKRVb7_KyhTDD652nr/view?usp=sharing,https://d32jc9rx98ldq0.cloudfront.net/staging/inventory/compressed/restaurant-2/Vegeterian/GulabJamun.jpg,
Kashmiri Jamun,ProductType,4,"Inventory,Food,Restaurant,Desserts,Vegeterian,",130,https://drive.google.com/file/d/1hBpPHs5Db4B55GrlilCwK6w3PU-g7rEo/view?usp=sharing,https://d32jc9rx98ldq0.cloudfront.net/staging/inventory/compressed/restaurant-2/KashmiriJamun.jpg,
Rabadi,ProductType,5,"Inventory,Food,Restaurant,Desserts,Vegeterian,",70,https://drive.google.com/file/d/1OAlku9EG9NKsXxc1JbLDFpdIYjVe4CoF/view?usp=sharing,https://d32jc9rx98ldq0.cloudfront.net/staging/inventory/compressed/restaurant-2/Rabadi.jpg,
Shahi Tukda,ProductType,6,"Inventory,Food,Restaurant,Desserts,Vegeterian,",130,https://drive.google.com/file/d/1xWFmtz48CGS5diVAJjqq_JqSwlu5UbFE/view?usp=sharing,https://d32jc9rx98ldq0.cloudfront.net/staging/inventory/compressed/restaurant-2/Shahi-Tukda.jpg,
Salad,ProductClass,1,"Inventory,Food,Restaurant,",,,https://d32jc9rx98ldq0.cloudfront.net/staging/inventory/compressed/restaurant-2/Salad.jpg,
Vegeterian,ProductLine,2,"Inventory,Food,Restaurant,Salad,",,,https://d32jc9rx98ldq0.cloudfront.net/staging/inventory/compressed/restaurant-2/Salad.jpg,
NonVegeterian,ProductLine,2,"Inventory,Food,Restaurant,Salad,",,,,
Green Salad,ProductType,3,"Inventory,Food,Restaurant,Salad,Vegeterian,",50,https://drive.google.com/file/d/13f6xLUaMAgsL5WTIgZ5CBWFIUQK4FgBO/view?usp=sharing,https://d32jc9rx98ldq0.cloudfront.net/staging/inventory/compressed/restaurant-2/GreenSalad.jpg,
Kakdi Salad,ProductType,4,"Inventory,Food,Restaurant,Salad,Vegeterian,",30,https://drive.google.com/file/d/1dce2tydLdWNck77K7xzA4g3NE3q0UgVH/view?usp=sharing,https://d32jc9rx98ldq0.cloudfront.net/staging/inventory/compressed/restaurant-2/KakdiSalad.jpg,
Tomato Salad,ProductType,5,"Inventory,Food,Restaurant,Salad,Vegeterian,",30,https://drive.google.com/file/d/1EKvBO-AElsxN9Ct6Vj-N2-ciuqDW7_ro/view?usp=sharing,https://d32jc9rx98ldq0.cloudfront.net/staging/inventory/compressed/restaurant-2/TomatoSalad.jpg,
Kachumber Salad,ProductType,6,"Inventory,Food,Restaurant,Salad,Vegeterian,",50,https://drive.google.com/file/d/1hJVKI6M_bDneJZQMUWA4k3ObHHnYhyGc/view?usp=sharing,https://d32jc9rx98ldq0.cloudfront.net/staging/inventory/compressed/restaurant-2/KachumberSalad.jpg,
Raita,ProductClass,1,"Inventory,Food,Restaurant,",,,https://d32jc9rx98ldq0.cloudfront.net/staging/inventory/compressed/categoryimages3/Raita.jpg,
Vegeterian,ProductLine,2,"Inventory,Food,Restaurant,Raita,",,,https://d32jc9rx98ldq0.cloudfront.net/staging/inventory/compressed/restaurant-2/Salad.jpg,
NonVegeterian,ProductLine,2,"Inventory,Food,Restaurant,Raita,",,,,
Bundi Raita,ProductType,3,"Inventory,Food,Restaurant,Raita,Vegeterian,",90,https://drive.google.com/file/d/13EQUJq7u2mEBp8jhUYRY0VqSk6mp_ipR/view?usp=sharing,https://d32jc9rx98ldq0.cloudfront.net/staging/inventory/compressed/restaurant-2/BundiRaita.jpg,
Veg Raita,ProductType,4,"Inventory,Food,Restaurant,Raita,Vegeterian,",90,https://drive.google.com/file/d/1BIK1VPgHYHoDIysqxLhCPx0TpizwNHj_/view?usp=sharing,https://d32jc9rx98ldq0.cloudfront.net/staging/inventory/compressed/restaurant-2/VegRaita.jpg,
Dahi,ProductType,5,"Inventory,Food,Restaurant,Raita,Vegeterian,",30,https://drive.google.com/file/d/1cDaTlkyLkA1iMlI4hkZciLjKGnzykteF/view?usp=sharing,https://d32jc9rx98ldq0.cloudfront.net/staging/inventory/compressed/restaurant-2/Vegeterian/Dahi.jpg,
Butter Milk,ProductType,6,"Inventory,Food,Restaurant,Raita,Vegeterian,",40,https://drive.google.com/file/d/1are1xYhfCVHfLjq7qgYAF6KOq6Zn4w07/view?usp=sharing,https://d32jc9rx98ldq0.cloudfront.net/staging/inventory/compressed/restaurant-2/ButterMilk.jpg,
Roast,ProductClass,1,"Inventory,Food,Restaurant,",,,https://d32jc9rx98ldq0.cloudfront.net/staging/inventory/compressed/imgs-2/ChillyCheeseroast.jpg,
Vegeterian,ProductLine,2,"Inventory,Food,Restaurant,Roast,",,,https://d32jc9rx98ldq0.cloudfront.net/staging/inventory/compressed/restaurant-2/Salad.jpg,
NonVegeterian,ProductLine,2,"Inventory,Food,Restaurant,Roast,",,,,
Fry Papad,ProductType,3,"Inventory,Food,Restaurant,Roast,Vegeterian,",15,https://drive.google.com/file/d/1CXp-AUOHGYhoMisfi_jKPGpu_ezSeqan/view?usp=sharing,https://d32jc9rx98ldq0.cloudfront.net/staging/inventory/compressed/restaurant-2/FryPapad.jpg,
Roasted Papad,ProductType,4,"Inventory,Food,Restaurant,Roast,Vegeterian,",15,https://drive.google.com/file/d/1of1vgMY8AXJeDPdUGKu4-2fJb9nwbbQ4/view?usp=sharing,https://d32jc9rx98ldq0.cloudfront.net/staging/inventory/compressed/restaurant-2/RoastedPapad.jpg,
Masala Papad,ProductType,5,"Inventory,Food,Restaurant,Roast,Vegeterian,",25,https://drive.google.com/file/d/1ypAnHqCtC52zDbEKyPOq7b5i9Uwj2c_r/view?usp=sharing,https://d32jc9rx98ldq0.cloudfront.net/staging/inventory/compressed/restaurant-2/Vegeterian/MasalaPapad.jpg,
